# ************************************************************
# Sequel Pro SQL dump
# Version 4541
#
# http://www.sequelpro.com/
# https://github.com/sequelpro/sequelpro
#
# Host: localhost (MySQL 5.5.42)
# Database: RMS
# Generation Time: 2018-02-12 08:49:30 +0000
# ************************************************************


/*!40101 SET @OLD_CHARACTER_SET_CLIENT=@@CHARACTER_SET_CLIENT */;
/*!40101 SET @OLD_CHARACTER_SET_RESULTS=@@CHARACTER_SET_RESULTS */;
/*!40101 SET @OLD_COLLATION_CONNECTION=@@COLLATION_CONNECTION */;
/*!40101 SET NAMES utf8 */;
/*!40014 SET @OLD_FOREIGN_KEY_CHECKS=@@FOREIGN_KEY_CHECKS, FOREIGN_KEY_CHECKS=0 */;
/*!40101 SET @OLD_SQL_MODE=@@SQL_MODE, SQL_MODE='NO_AUTO_VALUE_ON_ZERO' */;
/*!40111 SET @OLD_SQL_NOTES=@@SQL_NOTES, SQL_NOTES=0 */;


# Dump of table comments
# ------------------------------------------------------------

DROP TABLE IF EXISTS `comments`;

CREATE TABLE `comments` (
  `id` int(10) unsigned NOT NULL AUTO_INCREMENT,
  `title` varchar(255) COLLATE utf8_unicode_ci NOT NULL,
  `description` text COLLATE utf8_unicode_ci NOT NULL,
  `status` tinyint(1) NOT NULL,
  `image` varchar(255) COLLATE utf8_unicode_ci NOT NULL,
  `rate` int(11) NOT NULL,
  `customer_id` int(10) unsigned NOT NULL,
  `order_id` int(10) unsigned DEFAULT NULL,
  `created_at` timestamp NULL DEFAULT NULL,
  `updated_at` timestamp NULL DEFAULT NULL,
  PRIMARY KEY (`id`),
  KEY `comments_customer_id_foreign` (`customer_id`),
  KEY `comments_order_id_foreign` (`order_id`),
  CONSTRAINT `comments_customer_id_foreign` FOREIGN KEY (`customer_id`) REFERENCES `customers` (`id`),
  CONSTRAINT `comments_order_id_foreign` FOREIGN KEY (`order_id`) REFERENCES `orders` (`id`)
) ENGINE=InnoDB DEFAULT CHARSET=utf8 COLLATE=utf8_unicode_ci;

LOCK TABLES `comments` WRITE;
/*!40000 ALTER TABLE `comments` DISABLE KEYS */;

INSERT INTO `comments` (`id`, `title`, `description`, `status`, `image`, `rate`, `customer_id`, `order_id`, `created_at`, `updated_at`)
VALUES
	(1,'Aliquam quas quibusdam sequi qui rerum voluptatem.','Earum odio enim sint ipsam. Aperiam eos asperiores sit soluta quam nihil explicabo. Omnis enim nesciunt autem rerum. Et occaecati dolore omnis mollitia quis earum.',0,'http://lorempixel.com/640/480/?48131',3,9,NULL,'2016-05-25 18:08:13','2016-05-25 18:08:13'),
	(2,'Mollitia explicabo sed accusamus voluptate rerum.','Esse sit quod provident est. Amet eum suscipit dolor voluptates modi minima et. Quas tempora eum adipisci sit amet odio. Earum at veritatis deserunt debitis quasi.',0,'http://lorempixel.com/640/480/?34911',2,10,NULL,'2016-05-25 18:08:13','2016-05-25 18:08:13'),
	(3,'Voluptate quam aliquam voluptas voluptatem doloremque ex.','Dolores tenetur dolor est laboriosam illo ea voluptates. Eveniet praesentium aut aspernatur laboriosam. Nisi odio voluptatem in totam alias dicta nulla earum.',0,'http://lorempixel.com/640/480/?73593',4,6,NULL,'2016-05-25 18:08:13','2016-05-25 18:08:13'),
	(4,'Consequatur velit quis aut molestiae suscipit.','Maiores molestias voluptatem ea eius porro necessitatibus corporis. Temporibus sunt provident dolor. Debitis hic ut cum magnam quod labore. Vero accusamus consequatur autem enim.',0,'http://lorempixel.com/640/480/?82145',5,6,NULL,'2016-05-25 18:08:13','2016-05-25 18:08:13'),
	(5,'Repellendus aut harum unde sunt numquam facere occaecati.','A sunt illo ipsum. Quia laborum nostrum quidem est.',0,'http://lorempixel.com/640/480/?67228',4,2,NULL,'2016-05-25 18:08:13','2016-05-25 18:08:13'),
	(6,'Doloremque aut est officia odio dolores laboriosam.','Numquam aut sed error impedit eum consequatur. Quia et aliquid dolore dicta corporis doloribus facere. Qui ut delectus sequi odio ut.',1,'http://lorempixel.com/640/480/?39733',1,5,NULL,'2016-05-25 18:08:13','2016-05-25 18:08:13'),
	(7,'Tempora rerum dolorem quasi quisquam quaerat dolores.','Temporibus dolor facilis odit corrupti nam ut deleniti. Possimus neque debitis numquam molestiae. Odit consequatur adipisci et. Iure et maiores et aperiam ad ea fugiat porro.',1,'http://lorempixel.com/640/480/?16305',4,6,NULL,'2016-05-25 18:08:13','2016-05-25 18:08:13'),
	(8,'Ut ex sit quod.','Sed rem odio sed facilis explicabo. Voluptatem nisi beatae non molestiae necessitatibus.\nAperiam rerum et temporibus. Rem officiis iure aut ut.',1,'http://lorempixel.com/640/480/?14733',5,5,NULL,'2016-05-25 18:08:13','2016-05-25 18:08:13'),
	(9,'Et dolor nihil neque exercitationem.','Necessitatibus natus quibusdam aut non vel. Illo vel delectus asperiores consectetur sed officiis soluta provident. Ipsa aut ut voluptatem est harum impedit officia.',0,'http://lorempixel.com/640/480/?98205',5,6,NULL,'2016-05-25 18:08:13','2016-05-25 18:08:13'),
	(10,'Dolor ea a iste impedit.','Reiciendis accusamus aperiam ipsum eveniet voluptate debitis. Odit illum sequi voluptates ad et mollitia magnam.',0,'http://lorempixel.com/640/480/?43592',1,8,NULL,'2016-05-25 18:08:13','2016-05-25 18:08:13'),
	(11,'Dignissimos sint fugiat vitae inventore consequatur est distinctio dolores.','Hic non quia et nemo odit et non. Et eveniet qui voluptas cum illo in. Velit id at a et possimus. Magni incidunt non velit aut labore.',1,'http://lorempixel.com/640/480/?84766',1,5,NULL,'2016-05-25 18:08:13','2016-05-25 18:08:13'),
	(12,'Harum et et et ut laboriosam aut odit.','Nihil consequatur dolor similique praesentium. Delectus dolor laboriosam quis incidunt deleniti.',1,'http://lorempixel.com/640/480/?53649',2,1,NULL,'2016-05-25 18:08:13','2016-05-25 18:08:13'),
	(13,'Repudiandae voluptas saepe dolores quia.','Amet possimus sunt tempora impedit officiis quaerat. Maiores quo ea tenetur temporibus autem voluptatem pariatur.',0,'http://lorempixel.com/640/480/?43093',2,1,NULL,'2016-05-25 18:08:13','2016-05-25 18:08:13'),
	(14,'Sit quibusdam blanditiis et atque officiis aperiam et itaque.','Voluptas ut in quis. Eligendi qui eaque autem tempore nihil officia recusandae. Et tempore dolorum consequatur sunt nulla placeat nihil.',0,'http://lorempixel.com/640/480/?48732',5,3,NULL,'2016-05-25 18:08:13','2016-05-25 18:08:13'),
	(15,'Sed eum explicabo nihil et rerum.','Dolores veniam omnis in deserunt. Aut consequuntur at voluptatem impedit est laboriosam. Suscipit architecto rerum tempore deleniti quisquam laudantium id.',1,'http://lorempixel.com/640/480/?57384',3,10,NULL,'2016-05-25 18:08:13','2016-05-25 18:08:13'),
	(16,'Consectetur et non voluptatibus deserunt dolore.','Ex in nostrum perferendis facilis ipsam vel omnis. Voluptatibus cum repellat perspiciatis maiores iusto dolores. Voluptatem harum voluptatem a corporis minus.',1,'http://lorempixel.com/640/480/?84388',1,5,NULL,'2016-05-25 18:08:13','2016-05-25 18:08:13'),
	(17,'Est quo autem ut qui reprehenderit amet voluptas reiciendis.','Repellendus quaerat placeat nisi error deserunt et rerum. Id excepturi sequi culpa odit. Qui iusto dolore ipsum velit rerum ducimus.',1,'http://lorempixel.com/640/480/?57609',5,2,NULL,'2016-05-25 18:08:13','2016-05-25 18:08:13'),
	(18,'Unde enim vel vitae.','Eos et est blanditiis aut ut. Eos deleniti praesentium asperiores voluptatem et. Excepturi repudiandae excepturi dolor in ut illum laudantium. Eaque accusantium quam qui.',1,'http://lorempixel.com/640/480/?71951',4,10,NULL,'2016-05-25 18:08:13','2016-05-25 18:08:13'),
	(19,'Illum fuga ad autem consequatur nemo.','Fuga necessitatibus et aspernatur consequatur minus. Ipsam maiores commodi quaerat aut dolor non qui. Velit impedit ipsa omnis explicabo ea consequatur.',1,'http://lorempixel.com/640/480/?39945',5,7,NULL,'2016-05-25 18:08:13','2016-05-25 18:08:13'),
	(20,'Assumenda iste aut et dolorum accusantium numquam.','Explicabo ut hic est ducimus rerum nihil. Et odit et quia itaque temporibus non.',1,'http://lorempixel.com/640/480/?80488',1,9,NULL,'2016-05-25 18:08:13','2016-05-25 18:08:13'),
	(21,'Enim ut dignissimos necessitatibus nobis.','Laudantium praesentium cumque nemo commodi. Voluptatem non veritatis sed voluptatibus qui sed ut. Dicta expedita non distinctio modi. Mollitia totam beatae est molestiae.',1,'http://lorempixel.com/640/480/?70727',1,7,NULL,'2016-05-25 18:08:13','2016-05-25 18:08:13'),
	(22,'Illo saepe odit dolores minus.','Ea quaerat nostrum deserunt quod. Qui commodi nihil assumenda accusantium. Quo rerum eligendi sed qui voluptatem aliquam.',0,'http://lorempixel.com/640/480/?50111',3,10,NULL,'2016-05-25 18:08:13','2016-05-25 18:08:13'),
	(23,'Laborum dolore neque odit modi impedit.','In rerum cum non voluptate in ut. Explicabo laborum ipsa animi cumque eos illo autem. Est molestiae consequatur sunt quia sint dolores id. Et aut amet inventore sint vel saepe.',1,'http://lorempixel.com/640/480/?26588',3,6,NULL,'2016-05-25 18:08:13','2016-05-25 18:08:13'),
	(24,'Autem nemo illum ratione voluptatibus in voluptas asperiores.','Magni tenetur labore ut et deleniti excepturi. Et praesentium sed dolore ipsum iusto. Cumque iure molestiae non asperiores.',1,'http://lorempixel.com/640/480/?15567',5,5,NULL,'2016-05-25 18:08:13','2016-05-25 18:08:13'),
	(25,'Et eum sequi nemo aspernatur est ad dolore.','Ut sit id est et dolor eos. Qui perspiciatis minima sit non pariatur in saepe. Necessitatibus incidunt error voluptatum aliquam.',0,'http://lorempixel.com/640/480/?51740',1,1,NULL,'2016-05-25 18:08:13','2016-05-25 18:08:13'),
	(26,'Non exercitationem et eos est itaque ut.','Sunt quaerat blanditiis in cum pariatur dolorem nihil reprehenderit. Sequi optio eum saepe ut sed temporibus aperiam.',1,'http://lorempixel.com/640/480/?84804',3,5,NULL,'2016-05-25 18:08:13','2016-05-25 18:08:13'),
	(27,'Eaque quos voluptate quod non et sunt ipsa.','Odio at beatae quod rerum. Sit molestiae aut quam consequuntur voluptatibus. Hic explicabo quia rerum necessitatibus aut sunt.',1,'http://lorempixel.com/640/480/?95523',5,8,NULL,'2016-05-25 18:08:13','2016-05-25 18:08:13'),
	(28,'Reprehenderit voluptate optio sint nihil.','Et eum qui quo. Dicta molestias sint non dolorem ullam. Nam veritatis debitis reprehenderit tempora.',0,'http://lorempixel.com/640/480/?61590',1,3,NULL,'2016-05-25 18:08:13','2016-05-25 18:08:13'),
	(29,'Et eum sunt non aperiam eos.','At exercitationem qui debitis commodi eum qui. Quod nihil velit et qui quod. Ut quae et tempore consectetur quis voluptas.',1,'http://lorempixel.com/640/480/?96272',5,6,NULL,'2016-05-25 18:08:13','2016-05-25 18:08:13'),
	(30,'Culpa et voluptates autem eius facere.','Eveniet et ullam error porro placeat similique dicta. Sed et consequuntur itaque. Exercitationem nihil ut voluptatem corrupti quos laborum in.',0,'http://lorempixel.com/640/480/?41569',5,4,NULL,'2016-05-25 18:08:13','2016-05-25 18:08:13'),
	(31,'Eos est consequatur accusamus molestiae fuga.','Quia dolores autem aut distinctio cumque inventore officia. Commodi ipsa impedit dolorum molestiae officia est. Maxime aut facilis sed et ut omnis ut. Aspernatur sit eaque vero ut.',1,'http://lorempixel.com/640/480/?84254',5,5,NULL,'2016-05-25 18:08:13','2016-05-25 18:08:13'),
	(32,'Ut culpa quisquam qui.','Quas molestiae quisquam nulla illo. Ab ut quia omnis eaque nihil at nulla. At consequatur possimus et.',1,'http://lorempixel.com/640/480/?15549',3,2,NULL,'2016-05-25 18:08:13','2016-05-25 18:08:13'),
	(33,'Exercitationem debitis vitae non et voluptate ea fugiat officia.','Ut nulla rerum deserunt aspernatur occaecati eum. Ut alias consectetur consequatur aspernatur dolor aliquid. Non quia maxime eos tenetur aspernatur sed.',0,'http://lorempixel.com/640/480/?38515',2,4,NULL,'2016-05-25 18:08:13','2016-05-25 18:08:13'),
	(34,'Nemo cum qui perspiciatis voluptate sapiente.','Sit consectetur non qui ut. Cupiditate cumque consequatur earum laudantium. Ut eos perspiciatis consequatur ut non vitae.',0,'http://lorempixel.com/640/480/?70099',5,8,NULL,'2016-05-25 18:08:13','2016-05-25 18:08:13'),
	(35,'Quaerat ab repellendus consequatur aut laudantium non saepe.','Tempore consequuntur commodi qui officiis doloribus. Aut modi dolor magni occaecati occaecati. Laboriosam voluptatem expedita voluptatem voluptatem minus.',1,'http://lorempixel.com/640/480/?91626',4,7,NULL,'2016-05-25 18:08:13','2016-05-25 18:08:13'),
	(36,'Harum eveniet a nihil.','Aperiam molestiae numquam assumenda aspernatur omnis dicta. Doloremque reiciendis dolorem nihil blanditiis totam quia. Asperiores aperiam laboriosam similique et quia molestias.',0,'http://lorempixel.com/640/480/?90321',5,10,NULL,'2016-05-25 18:08:13','2016-05-25 18:08:13'),
	(37,'Ut necessitatibus tenetur aut eius ea.','Non ab nisi atque deserunt quia iste magnam. Et eius nulla autem architecto mollitia sint reprehenderit et. Harum sit sunt nostrum illo optio.',0,'http://lorempixel.com/640/480/?22102',2,7,NULL,'2016-05-25 18:08:13','2016-05-25 18:08:13'),
	(38,'Tempora sequi nam aperiam numquam.','Aut incidunt quo animi modi. Facere sit vitae odit cum ut. Ducimus quam repellendus nihil natus quidem velit. Sint repudiandae et est facilis.',1,'http://lorempixel.com/640/480/?43091',3,7,NULL,'2016-05-25 18:08:13','2016-05-25 18:08:13'),
	(39,'Ratione molestias dolores eligendi aliquid repudiandae ipsum sit enim.','Velit qui et optio. Architecto optio reiciendis sunt animi. Nostrum natus autem modi. Ut quidem repellendus placeat nobis quos deleniti.',0,'http://lorempixel.com/640/480/?23650',4,10,NULL,'2016-05-25 18:08:13','2016-05-25 18:08:13'),
	(40,'Corrupti enim voluptatibus eos quia labore.','Culpa vero consequuntur praesentium at error qui et. Harum autem aperiam praesentium aut error fuga. Illum et dolor iure.',0,'http://lorempixel.com/640/480/?29157',3,10,NULL,'2016-05-25 18:08:13','2016-05-25 18:08:13'),
	(41,'Quia voluptates aliquid aut.','Recusandae ex similique molestias et. Illum repellat voluptatem fugiat. Porro est et error. Id rem dolorem dicta officia corporis doloribus maiores nesciunt. A ullam qui voluptatem.',0,'http://lorempixel.com/640/480/?68595',2,5,NULL,'2016-05-25 18:08:13','2016-05-25 18:08:13'),
	(42,'Quia maiores explicabo quos ratione blanditiis porro ratione.','Quia et ut et dolores. Veniam voluptatibus aperiam dolore. Delectus sit sequi aliquid quia in.',0,'http://lorempixel.com/640/480/?90057',5,3,NULL,'2016-05-25 18:08:13','2016-05-25 18:08:13'),
	(43,'Et atque dolorem inventore accusantium.','Porro pariatur sequi quia cum sunt quasi. Quis sint voluptatibus voluptatem occaecati voluptas. Impedit quasi id dolores.',0,'http://lorempixel.com/640/480/?85025',4,10,NULL,'2016-05-25 18:08:13','2016-05-25 18:08:13'),
	(44,'Accusamus laboriosam similique et quia totam nemo.','Blanditiis voluptate pariatur consequuntur impedit quis repellendus est. Illo adipisci qui nihil qui impedit et. Earum qui dolore consectetur et dolores veniam. Qui id iusto ad iure nemo.',1,'http://lorempixel.com/640/480/?26592',2,8,NULL,'2016-05-25 18:08:13','2016-05-25 18:08:13'),
	(45,'Eius quod beatae amet qui delectus neque.','Quibusdam nostrum voluptatem placeat quos et nobis quisquam et. Sit molestias officiis cumque.\nEt vitae enim accusamus. Ab aliquid a rerum aut temporibus id reprehenderit.',1,'http://lorempixel.com/640/480/?98908',4,9,NULL,'2016-05-25 18:08:13','2016-05-25 18:08:13'),
	(46,'Consequatur ab alias corporis voluptatem quidem voluptate qui sint.','Ex quod ex ad odit eum. Est nihil voluptatum qui similique aut rem asperiores.',0,'http://lorempixel.com/640/480/?46174',4,10,NULL,'2016-05-25 18:08:13','2016-05-25 18:08:13'),
	(47,'Qui sint illo fugiat occaecati facilis ut.','Laboriosam delectus laudantium quod libero est perferendis. Quaerat reprehenderit necessitatibus ut quaerat quibusdam debitis. Aut alias ut quia quia voluptatum eius est.',0,'http://lorempixel.com/640/480/?12441',1,10,NULL,'2016-05-25 18:08:13','2016-05-25 18:08:13'),
	(48,'Nulla dolore earum minus rerum sit nulla.','Dicta voluptatem blanditiis rerum fugiat velit eius dicta voluptate. Quaerat sint quasi est soluta atque. Numquam aut deserunt a necessitatibus. Eum dicta assumenda cumque corrupti.',1,'http://lorempixel.com/640/480/?84146',2,3,NULL,'2016-05-25 18:08:13','2016-05-25 18:08:13'),
	(49,'Eum non voluptas aut laudantium voluptas magnam voluptate tenetur.','Officia dolore cumque magnam adipisci ipsam voluptas. Sunt eaque ex repellat asperiores similique ea.',0,'http://lorempixel.com/640/480/?54193',2,10,NULL,'2016-05-25 18:08:13','2016-05-25 18:08:13'),
	(50,'Est laboriosam reprehenderit ab repudiandae quis consectetur ea eaque.','Amet aut doloribus recusandae. Unde totam aliquam error eius in. Sequi voluptas architecto ut et tenetur dicta. Exercitationem consequatur qui pariatur ut cupiditate.',0,'http://lorempixel.com/640/480/?84860',5,9,NULL,'2016-05-25 18:08:13','2016-05-25 18:08:13'),
	(51,'Enim excepturi iusto autem et quo.','Eos ratione repudiandae qui deserunt consequatur. Provident adipisci sed recusandae magni aut quis odit. Ut facilis similique sint aspernatur enim eveniet aliquid.',1,'http://lorempixel.com/640/480/?55061',1,10,NULL,'2016-05-25 18:08:13','2016-05-25 18:08:13'),
	(52,'Eligendi modi doloremque doloribus a qui.','Vitae cumque qui omnis consequatur nulla. Voluptas ut reiciendis incidunt necessitatibus. Dicta perferendis molestias earum hic qui. Omnis dolore eveniet aut qui magnam in.',1,'http://lorempixel.com/640/480/?94392',2,6,NULL,'2016-05-25 18:08:13','2016-05-25 18:08:13'),
	(53,'Est et ullam id ipsum.','Non reprehenderit ut voluptates laboriosam aspernatur. Optio nihil velit mollitia dolorem. Rerum asperiores porro explicabo. Id vel ut aut nesciunt est qui voluptatem aut.',1,'http://lorempixel.com/640/480/?53188',3,10,NULL,'2016-05-25 18:08:13','2016-05-25 18:08:13'),
	(54,'Eveniet laborum mollitia consequatur itaque fugiat.','Voluptatem et consequuntur cum. Molestias ex mollitia numquam ex enim dolorem. Quo quod iusto hic recusandae veniam voluptatem. Commodi corrupti et possimus fuga maxime a.',1,'http://lorempixel.com/640/480/?57890',1,9,NULL,'2016-05-25 18:08:13','2016-05-25 18:08:13'),
	(55,'Numquam est ut et sunt quaerat quibusdam omnis.','Numquam earum numquam in quia. Molestiae dicta ipsam autem rerum. Molestiae rerum nemo et provident sunt consequatur aut. Fugiat ratione inventore quod.',1,'http://lorempixel.com/640/480/?57253',2,6,NULL,'2016-05-25 18:08:13','2016-05-25 18:08:13'),
	(56,'Ut qui deserunt eligendi esse aliquam id.','Aspernatur libero totam distinctio. Quisquam non possimus eaque deleniti aliquid similique et. Qui corrupti ex optio dolorum laborum autem officia. Eum molestias iure temporibus veritatis corrupti.',1,'http://lorempixel.com/640/480/?51498',5,10,NULL,'2016-05-25 18:08:13','2016-05-25 18:08:13'),
	(57,'Ipsa quasi tenetur qui cumque est voluptas.','Nobis amet rem nostrum. Aut libero expedita et. Molestiae distinctio nulla numquam aut ea ut et. Modi rerum deserunt illum dolorem ut perspiciatis consequatur.',0,'http://lorempixel.com/640/480/?40040',1,2,NULL,'2016-05-25 18:08:13','2016-05-25 18:08:13'),
	(58,'Rerum eligendi consequatur possimus et laboriosam.','Aut aut eos occaecati sint neque. Consectetur exercitationem hic in repudiandae cum officia. Recusandae explicabo iure sequi cumque. In corporis labore cupiditate eum.',1,'http://lorempixel.com/640/480/?65562',3,10,NULL,'2016-05-25 18:08:13','2016-05-25 18:08:13'),
	(59,'Non qui repellat velit harum et dolores dicta.','Quo consequatur dolores commodi minus atque in sequi voluptas. Sed qui quos mollitia qui et. Ipsum recusandae expedita nobis vitae rerum laborum. Ut quod est necessitatibus nulla facere.',1,'http://lorempixel.com/640/480/?73364',4,6,NULL,'2016-05-25 18:08:13','2016-05-25 18:08:13'),
	(60,'Ut quos saepe velit corrupti dolore.','Minus error et iure odio. Nulla ipsa dignissimos maxime qui quia rerum. Repudiandae et et architecto omnis reprehenderit quidem vero. Qui hic molestias quos nesciunt consequatur cum dolor.',1,'http://lorempixel.com/640/480/?72485',5,4,NULL,'2016-05-25 18:08:13','2016-05-25 18:08:13'),
	(61,'Voluptatem et et asperiores et.','Enim dolore ut consequatur aliquam libero. Expedita mollitia nostrum omnis est. Excepturi placeat cupiditate consequatur consequuntur et. Quia vel praesentium repellendus.',1,'http://lorempixel.com/640/480/?19299',5,9,NULL,'2016-05-25 18:08:13','2016-05-25 18:08:13'),
	(62,'Numquam incidunt et nisi est.','Quasi qui consequuntur sint rerum tempora quasi optio est. Consectetur atque corporis quisquam facere est dolores aliquam. Excepturi eius voluptatibus doloremque at ut.',1,'http://lorempixel.com/640/480/?41018',1,8,NULL,'2016-05-25 18:08:13','2016-05-25 18:08:13'),
	(63,'Sit consequuntur quis asperiores nesciunt illo nobis maiores.','Eligendi cumque nulla libero in maiores adipisci. Tempore dolorem iusto possimus doloribus vitae. Quae necessitatibus excepturi maiores sit ea recusandae odit.',1,'http://lorempixel.com/640/480/?67924',3,10,NULL,'2016-05-25 18:08:13','2016-05-25 18:08:13'),
	(64,'Qui numquam laborum qui.','Quibusdam aliquid id tempora voluptatem. Aliquam qui voluptas nihil. Voluptatibus incidunt quia dolor aperiam iusto.',1,'http://lorempixel.com/640/480/?16113',1,5,NULL,'2016-05-25 18:08:13','2016-05-25 18:08:13'),
	(65,'Ullam voluptas quam voluptatem animi.','Est vel in sed reprehenderit et soluta. Sit dolore quis et ullam quam. Officia officiis omnis totam ea odio adipisci sit. Ut sit dolores alias voluptas possimus nihil nihil.',1,'http://lorempixel.com/640/480/?53501',4,3,NULL,'2016-05-25 18:08:13','2016-05-25 18:08:13'),
	(66,'Et soluta fuga omnis et quae dolorum.','Facilis recusandae porro error deserunt est est sit. Debitis ad omnis similique eaque quo corrupti. Quidem aspernatur eveniet consequatur possimus. Omnis aut aut voluptas quis.',0,'http://lorempixel.com/640/480/?52625',3,9,NULL,'2016-05-25 18:08:13','2016-05-25 18:08:13'),
	(67,'Id inventore incidunt quaerat nulla fugit impedit consequatur.','Vitae magnam voluptas autem ut. Iste veniam accusamus veritatis dolorem vel unde qui numquam. Repellendus reiciendis rerum natus et.',0,'http://lorempixel.com/640/480/?55745',1,1,NULL,'2016-05-25 18:08:13','2016-05-25 18:08:13'),
	(68,'Praesentium ut illum autem.','Veritatis ut aliquam voluptatibus voluptatem quod. Odit qui modi debitis recusandae ipsa. Amet ipsa sapiente doloremque dolorem illum occaecati. Quia consequatur qui corrupti nihil sequi qui fuga.',1,'http://lorempixel.com/640/480/?97203',5,4,NULL,'2016-05-25 18:08:13','2016-05-25 18:08:13'),
	(69,'Iste omnis neque dicta quis.','Nulla ea occaecati voluptas qui. Iste minus dolores vel voluptas. Fuga aliquid deserunt veniam. Quia ut nesciunt ut quod veritatis.',1,'http://lorempixel.com/640/480/?80392',1,6,NULL,'2016-05-25 18:08:13','2016-05-25 18:08:13'),
	(70,'Qui quas amet quia doloribus cum animi quo.','Nostrum ratione non sapiente. Autem corrupti quisquam est omnis. Debitis voluptatum accusantium eos debitis maiores aperiam possimus. Et et dolorum debitis nobis temporibus.',0,'http://lorempixel.com/640/480/?68876',3,5,NULL,'2016-05-25 18:08:13','2016-05-25 18:08:13'),
	(71,'Debitis pariatur vel debitis libero.','Quod distinctio dolor possimus laboriosam sunt non laboriosam. Deleniti rerum sint ut minus est. Ut unde vel odit ducimus placeat velit.',1,'http://lorempixel.com/640/480/?89005',1,3,NULL,'2016-05-25 18:08:13','2016-05-25 18:08:13'),
	(72,'Veniam veritatis perferendis fugiat voluptatem.','Voluptatem repellat maxime eum eum voluptate earum deleniti deserunt. Cumque repudiandae rerum non qui labore commodi dolores esse. Quasi numquam dolorem voluptate officia.',1,'http://lorempixel.com/640/480/?42217',3,3,NULL,'2016-05-25 18:08:13','2016-05-25 18:08:13'),
	(73,'Dignissimos minus perspiciatis et quia.','Totam voluptatem natus vel dolores. Et iste et et quaerat. Praesentium hic nemo enim magni itaque ducimus nobis. Sed dolorem sapiente dolor laboriosam quia qui.',0,'http://lorempixel.com/640/480/?94097',2,3,NULL,'2016-05-25 18:08:13','2016-05-25 18:08:13'),
	(74,'Illum nihil rerum earum culpa veritatis iure.','Nisi placeat error ut et. Consequatur consequuntur in harum odio exercitationem quam aliquam. Totam nesciunt repudiandae et molestiae perferendis et et provident.',0,'http://lorempixel.com/640/480/?19775',4,1,NULL,'2016-05-25 18:08:13','2016-05-25 18:08:13'),
	(75,'Reprehenderit doloremque assumenda sapiente ut.','Voluptas ut sapiente ut ut. Recusandae dolorum quisquam ut. Quibusdam vero deserunt tempore non dolor nemo.',0,'http://lorempixel.com/640/480/?88613',3,6,NULL,'2016-05-25 18:08:13','2016-05-25 18:08:13'),
	(76,'Dolor consequatur consequatur quasi.','Sit ducimus sit vel ea. Facilis quo voluptatem praesentium doloribus rerum. Autem excepturi sapiente ea similique qui eum.',0,'http://lorempixel.com/640/480/?28640',3,5,NULL,'2016-05-25 18:08:13','2016-05-25 18:08:13'),
	(77,'Ut aliquam vitae dolorum facere officiis qui enim.','Fugiat magni omnis asperiores fugit inventore ut esse nemo. Qui dolor aliquid et non iure. Aut error et tenetur repellat quia aut. Architecto et neque deleniti quia sunt enim.',0,'http://lorempixel.com/640/480/?44397',1,2,NULL,'2016-05-25 18:08:13','2016-05-25 18:08:13'),
	(78,'Aut quos explicabo enim quasi quasi reiciendis.','Eius repellat accusamus aut unde enim. Tempora explicabo quae eos ut consequatur unde minus. Minus qui et cumque maxime mollitia temporibus.',1,'http://lorempixel.com/640/480/?51435',5,6,NULL,'2016-05-25 18:08:13','2016-05-25 18:08:13'),
	(79,'Similique assumenda harum enim voluptatibus voluptatem assumenda ducimus.','Vel ut est et repellat architecto. Quos sed corrupti minima. Molestiae qui nihil dolor vitae dolorem aliquam aut.',0,'http://lorempixel.com/640/480/?59757',5,10,NULL,'2016-05-25 18:08:13','2016-05-25 18:08:13'),
	(80,'Asperiores et ex repellendus blanditiis.','Labore cupiditate et repellendus placeat odio soluta asperiores. Exercitationem cupiditate repellat voluptate molestiae dolore amet labore. Dolor illo voluptatem dolores corporis nulla sed ut.',0,'http://lorempixel.com/640/480/?68937',3,3,NULL,'2016-05-25 18:08:14','2016-05-25 18:08:14'),
	(81,'Possimus velit sunt voluptatem voluptatem vero.','Dolores magni illum est excepturi. Reiciendis earum quia inventore. Qui consequatur quibusdam voluptatem ipsam iusto minima aliquam odit.',1,'http://lorempixel.com/640/480/?92585',2,4,NULL,'2016-05-25 18:08:14','2016-05-25 18:08:14'),
	(82,'Illo dolor vel qui molestias sint est.','Odit et quod dolorem sit et. Quis molestias pariatur quaerat ut dolorum dolor. Ipsum rerum et ut placeat ea qui.',0,'http://lorempixel.com/640/480/?87740',1,6,NULL,'2016-05-25 18:08:14','2016-05-25 18:08:14'),
	(83,'Modi animi error dicta consequuntur voluptatem.','Enim incidunt incidunt harum fugiat harum sunt optio deserunt. Perferendis minima et libero ea. Doloribus rem deserunt quo ab culpa praesentium velit. Fugit quia facilis sapiente vero eos.',1,'http://lorempixel.com/640/480/?29897',2,6,NULL,'2016-05-25 18:08:14','2016-05-25 18:08:14'),
	(84,'Et alias dolore nihil.','Doloribus eum quam aut assumenda quia. Placeat maiores est ut impedit dolorem maxime. Tempora illo accusantium fugiat perspiciatis inventore.',1,'http://lorempixel.com/640/480/?70876',3,6,NULL,'2016-05-25 18:08:14','2016-05-25 18:08:14'),
	(85,'Qui explicabo aliquid reiciendis sed possimus eum voluptates.','Sit eligendi hic recusandae aut. Qui est fuga necessitatibus dolorum. Rerum et numquam quaerat illo. Aut vel quos qui earum earum quo quisquam.',0,'http://lorempixel.com/640/480/?36232',2,6,NULL,'2016-05-25 18:08:14','2016-05-25 18:08:14'),
	(86,'Sed repellendus eveniet maxime et.','Accusantium repellat consectetur rerum voluptatem. Sapiente sed voluptatum consequatur suscipit qui. Magni ut rem recusandae nihil dolor qui.',0,'http://lorempixel.com/640/480/?19184',1,9,NULL,'2016-05-25 18:08:14','2016-05-25 18:08:14'),
	(87,'Ea est cumque sunt quam dolor dolore voluptatum.','Ut repellendus laboriosam animi eum expedita est ipsa. Voluptates voluptatibus tempora est est ea. Repellendus iste consequatur sed amet eaque omnis hic at. Dolore est similique sunt autem.',1,'http://lorempixel.com/640/480/?41437',2,8,NULL,'2016-05-25 18:08:14','2016-05-25 18:08:14'),
	(88,'Dolorem autem quidem suscipit ut consequatur harum deleniti.','Nihil fugit veniam minus et aperiam. Rerum distinctio atque quia autem expedita. Autem sed eum a rerum quam at iste. Consequuntur rerum culpa a ut consequatur atque nobis repellat.',0,'http://lorempixel.com/640/480/?34005',3,9,NULL,'2016-05-25 18:08:14','2016-05-25 18:08:14'),
	(89,'Voluptas unde explicabo a consequatur odio molestiae eius et.','Quasi ut doloremque enim et libero. Sunt vel et sit soluta. Saepe et ratione quod velit et.',0,'http://lorempixel.com/640/480/?10753',1,4,NULL,'2016-05-25 18:08:14','2016-05-25 18:08:14'),
	(90,'Aspernatur ut perferendis voluptate.','Deserunt corporis alias labore commodi asperiores est. Libero quo laudantium accusantium id deserunt distinctio beatae. Non aut quia incidunt et illum ut sint aut. Quaerat non dolorum sit officia.',0,'http://lorempixel.com/640/480/?46052',1,3,NULL,'2016-05-25 18:08:14','2016-05-25 18:08:14'),
	(91,'Id eum cupiditate maxime pariatur possimus.','Inventore nisi voluptate laborum est et dolorem sint quia. Ut reprehenderit deserunt quaerat ut. Fugiat dolor cum ipsum sit dolorem necessitatibus.',1,'http://lorempixel.com/640/480/?78777',5,1,NULL,'2016-05-25 18:08:14','2016-05-25 18:08:14'),
	(92,'Odio nihil et aliquid reprehenderit necessitatibus.','Excepturi quia rerum fugit ex consequatur. Soluta eos nobis quam dicta. Esse explicabo non voluptatum nobis vel fuga.',0,'http://lorempixel.com/640/480/?68043',4,9,NULL,'2016-05-25 18:08:14','2016-05-25 18:08:14'),
	(93,'Et eveniet vero molestiae dignissimos sunt dolorem.','Veritatis quo autem et quis eos. Suscipit et tenetur rerum quisquam non fugiat. Quasi suscipit soluta consequatur voluptatem.',1,'http://lorempixel.com/640/480/?75638',5,7,NULL,'2016-05-25 18:08:14','2016-05-25 18:08:14'),
	(94,'Dolor ut sint aut error ea quaerat.','Necessitatibus itaque reiciendis id eaque. Deleniti corporis sit beatae asperiores officiis reprehenderit delectus voluptatum. Harum similique voluptate in odit placeat voluptatem praesentium.',0,'http://lorempixel.com/640/480/?35269',5,8,NULL,'2016-05-25 18:08:14','2016-05-25 18:08:14'),
	(95,'Cum perferendis iste sed qui.','Tenetur nihil esse dolor dolore. Et fuga iure minus autem. Ut repudiandae et totam occaecati quod ipsa iure.',1,'http://lorempixel.com/640/480/?39976',1,6,NULL,'2016-05-25 18:08:14','2016-05-25 18:08:14'),
	(96,'Maiores sunt quidem voluptatem quo.','Voluptas eos eum fuga id rerum voluptatem dolorum. Dolores consequatur et iusto est et ratione. Veniam ut a aut non at.',0,'http://lorempixel.com/640/480/?93940',5,3,NULL,'2016-05-25 18:08:14','2016-05-25 18:08:14'),
	(97,'Voluptas in cum aspernatur neque adipisci.','Distinctio qui incidunt sit ut dolores. Sit occaecati cumque et est cumque est doloribus quaerat. Dolor rem sunt et suscipit sint vitae.',0,'http://lorempixel.com/640/480/?45082',2,8,NULL,'2016-05-25 18:08:14','2016-05-25 18:08:14'),
	(98,'Sint minima quis quos facilis et reiciendis.','Quaerat illum atque animi ducimus eos sunt. Nam dolor sunt accusamus dolorum quod. Quidem et omnis non officia.',1,'http://lorempixel.com/640/480/?55632',5,4,NULL,'2016-05-25 18:08:14','2016-05-25 18:08:14'),
	(99,'Quo et iure voluptate eius consectetur nemo mollitia.','Delectus est pariatur temporibus et sunt voluptatem aut. Corrupti illo soluta ducimus molestias ea. Ducimus quibusdam unde omnis eligendi nostrum veritatis est pariatur.',0,'http://lorempixel.com/640/480/?50811',5,10,NULL,'2016-05-25 18:08:14','2016-05-25 18:08:14'),
	(100,'Pariatur sit voluptatem aut rerum a quia voluptatibus.','Ut earum provident fugiat quisquam aspernatur. Et illum aut quibusdam exercitationem ipsum consequatur et qui. Minus a quod omnis cupiditate minima. Repellat eligendi porro enim aut molestias.',0,'http://lorempixel.com/640/480/?77608',1,5,NULL,'2016-05-25 18:08:14','2016-05-25 18:08:14'),
	(101,'Exercitationem rerum culpa quia ut exercitationem sed quasi.','Vel praesentium necessitatibus et laudantium. Dolor rerum eveniet ad at vel consectetur sed. Reprehenderit optio magni autem similique quae repudiandae. Odit officiis vero velit minus nihil.',1,'http://lorempixel.com/640/480/?92887',3,2,73,'2016-05-25 18:09:03','2016-05-25 18:09:03'),
	(102,'Maiores suscipit dicta quod.','Quo ipsam veritatis enim voluptas est totam odit. Est ex eos impedit nam sint nesciunt earum magni. Aut rerum vitae nostrum consectetur et qui non.',0,'http://lorempixel.com/640/480/?47349',3,7,59,'2016-05-25 18:09:03','2016-05-25 18:09:03'),
	(103,'Sit et et magni sed est officiis sit.','Architecto rerum officia asperiores ipsum quo quis velit consequatur. Non voluptatem blanditiis numquam est omnis itaque delectus. Autem qui provident corrupti rerum veritatis est.',0,'http://lorempixel.com/640/480/?41151',4,7,8,'2016-05-25 18:09:03','2016-05-25 18:09:03'),
	(104,'Qui sunt placeat doloremque mollitia mollitia ab animi aut.','Ea doloremque ut libero et. Aut asperiores quos enim aperiam commodi. Amet et dolore magni odit. Non ipsa qui iusto ea esse eos.',0,'http://lorempixel.com/640/480/?21207',4,9,35,'2016-05-25 18:09:03','2016-05-25 18:09:03'),
	(105,'Qui doloremque sint sint voluptas.','Magni et eius iusto a velit. Aperiam impedit mollitia veniam quod delectus placeat est.',1,'http://lorempixel.com/640/480/?70578',3,2,54,'2016-05-25 18:09:03','2016-05-25 18:09:03'),
	(106,'Dolorem voluptate quis ipsa pariatur ut.','Autem qui autem provident porro omnis quis blanditiis. Iste ut id amet iusto. Dicta et vel fugit hic. Saepe doloremque quam et aut perspiciatis officia impedit et.',0,'http://lorempixel.com/640/480/?45675',4,6,72,'2016-05-25 18:09:03','2016-05-25 18:09:03'),
	(107,'Ex quae qui nostrum enim.','Consequatur magni assumenda a. Id error autem quas atque. Deleniti et itaque sed tenetur.',0,'http://lorempixel.com/640/480/?62634',3,8,10,'2016-05-25 18:09:03','2016-05-25 18:09:03'),
	(108,'Iure ea esse sint explicabo vitae.','Beatae aut dolorum earum atque ratione quod asperiores. Ut praesentium dicta incidunt excepturi vel nostrum.',1,'http://lorempixel.com/640/480/?13245',5,9,17,'2016-05-25 18:09:03','2016-05-25 18:09:03'),
	(109,'Qui quis consequatur ea dolores asperiores.','Minus vitae pariatur iure qui. Et pariatur totam dolores et velit et quo et. In rem ut enim ea. Et unde dolore provident hic omnis totam iure repellendus.',1,'http://lorempixel.com/640/480/?25464',3,8,89,'2016-05-25 18:09:03','2016-05-25 18:09:03'),
	(110,'Ut dolore et eaque aut.','Aut est magni ut sit occaecati aut est. Rerum molestias quia exercitationem amet quia voluptatem rem.',0,'http://lorempixel.com/640/480/?56847',4,1,75,'2016-05-25 18:09:03','2016-05-25 18:09:03'),
	(111,'Labore nostrum ut architecto et.','Facilis harum tempora quis voluptatum sed et et. Eveniet et ut eos totam repellendus est.',1,'http://lorempixel.com/640/480/?56780',4,4,1,'2016-05-25 18:09:03','2016-05-25 18:09:03'),
	(112,'Nam esse quis quia quas soluta rerum.','Alias sint facilis ullam. Iste ut ut est enim fuga odio. A voluptatem quam pariatur nihil quo est iure. Minima facilis laudantium repellendus minima alias numquam laudantium.',0,'http://lorempixel.com/640/480/?40813',5,10,71,'2016-05-25 18:09:03','2016-05-25 18:09:03'),
	(113,'Voluptas aut nihil consequatur.','Vero ea assumenda delectus ut dolore deserunt ipsa. Rem dolorem sapiente sunt. Ratione temporibus commodi enim qui ut. Voluptatem odit suscipit consectetur voluptas sed.',0,'http://lorempixel.com/640/480/?64416',4,3,76,'2016-05-25 18:09:03','2016-05-25 18:09:03'),
	(114,'Quae quis aut asperiores.','Eveniet omnis voluptatibus facilis voluptatum similique. Odio ab minima ipsum sit iste eligendi odio. Et non voluptas sequi harum ut eos.',0,'http://lorempixel.com/640/480/?61238',2,9,32,'2016-05-25 18:09:03','2016-05-25 18:09:03'),
	(115,'Aut suscipit porro ut sed et a.','Natus accusantium modi quibusdam neque ex. Consequatur qui placeat qui quasi omnis. Odit aut asperiores minus delectus magni rem.',0,'http://lorempixel.com/640/480/?97268',5,6,80,'2016-05-25 18:09:03','2016-05-25 18:09:03'),
	(116,'Quidem recusandae dignissimos suscipit iure saepe incidunt asperiores provident.','Aliquam quisquam aut est autem accusamus sed possimus nisi. Facere ducimus culpa vel neque voluptas dolore aut. Consequuntur quos quibusdam commodi aut dolorem.',0,'http://lorempixel.com/640/480/?74536',1,2,71,'2016-05-25 18:09:03','2016-05-25 18:09:03'),
	(117,'Eligendi minus provident omnis.','Reprehenderit excepturi harum est voluptatibus et et. Non ab accusantium est voluptatem. Aut a enim sit enim. Repudiandae quia nihil ratione.',1,'http://lorempixel.com/640/480/?84956',1,8,98,'2016-05-25 18:09:03','2016-05-25 18:09:03'),
	(118,'Earum sequi nulla molestiae voluptas itaque impedit repellat nihil.','Aliquam sint laudantium sunt ea aut molestiae. Veniam at ratione pariatur non consequatur inventore nemo. Laudantium facilis accusantium numquam ut quas atque voluptatem. Saepe illum repellat sed.',0,'http://lorempixel.com/640/480/?59982',3,4,18,'2016-05-25 18:09:03','2016-05-25 18:09:03'),
	(119,'Voluptate velit voluptate suscipit.','Quia sit quis quibusdam cupiditate omnis aut. Doloribus sint sit molestias. Eos neque provident doloribus placeat est. Necessitatibus esse odit sit inventore consequatur accusamus voluptas.',1,'http://lorempixel.com/640/480/?81223',2,10,20,'2016-05-25 18:09:03','2016-05-25 18:09:03'),
	(120,'Assumenda est corporis rerum.','Dolorem aperiam sapiente corporis sit. Voluptas aspernatur laborum vero corporis hic. Harum iure perferendis laboriosam expedita sapiente ut.',1,'http://lorempixel.com/640/480/?81161',2,7,91,'2016-05-25 18:09:03','2016-05-25 18:09:03'),
	(121,'Blanditiis magni minus impedit neque exercitationem itaque reprehenderit.','Laudantium optio qui id cum laborum reprehenderit. Optio quod doloribus a eos sed. Quo sed reiciendis velit eos. Numquam ipsa nemo omnis omnis.',0,'http://lorempixel.com/640/480/?60107',2,4,11,'2016-05-25 18:09:03','2016-05-25 18:09:03'),
	(122,'Atque assumenda et similique est nostrum ducimus exercitationem.','Dolorum incidunt unde eum. Ea quia aut aspernatur suscipit a. Esse eaque voluptatem consequuntur soluta veniam sed eum. Ipsum non rem non sunt est itaque.',0,'http://lorempixel.com/640/480/?48124',3,1,15,'2016-05-25 18:09:03','2016-05-25 18:09:03'),
	(123,'Dolores delectus aut qui laboriosam modi.','Esse reprehenderit autem ipsam est officiis est voluptatum. Sint eaque beatae cum occaecati in inventore ut. Est quas rerum cupiditate. Accusantium dolorem eius dolorem possimus.',0,'http://lorempixel.com/640/480/?61916',3,1,47,'2016-05-25 18:09:03','2016-05-25 18:09:03'),
	(124,'Sed blanditiis illo nostrum maxime aut doloremque reprehenderit impedit.','Rem aut at qui. Rerum ex veritatis maiores id. Voluptas aliquam natus ipsum officiis voluptas velit.',1,'http://lorempixel.com/640/480/?44756',4,4,84,'2016-05-25 18:09:03','2016-05-25 18:09:03'),
	(125,'Sit error deserunt ea rerum ipsam.','Officia optio mollitia fuga vel dolore qui et. Fugit reiciendis iure assumenda qui autem odit. Dolores dolorem officia et quisquam voluptatem. Doloremque nihil quia nihil.',1,'http://lorempixel.com/640/480/?37391',2,2,95,'2016-05-25 18:09:03','2016-05-25 18:09:03'),
	(126,'Ullam dolorem quidem et et ratione.','Dicta alias ea et dicta. Vel repellendus rerum asperiores quibusdam harum magnam facilis voluptas. Aut nostrum beatae dolorem adipisci. Ipsa voluptas blanditiis nisi maxime libero.',1,'http://lorempixel.com/640/480/?81221',3,4,40,'2016-05-25 18:09:03','2016-05-25 18:09:03'),
	(127,'Quae et est omnis voluptas quis.','Culpa non odio vitae sint aperiam deserunt. Qui qui possimus aspernatur blanditiis odio. Consequatur corporis enim possimus.',0,'http://lorempixel.com/640/480/?92602',4,4,82,'2016-05-25 18:09:03','2016-05-25 18:09:03'),
	(128,'Sint quaerat non minima soluta accusamus et et.','Ipsa est nemo omnis error. Iure id molestias quia est ea. Quo quidem repudiandae quis qui. Quos magnam optio minus occaecati amet pariatur iure.',0,'http://lorempixel.com/640/480/?50964',3,2,33,'2016-05-25 18:09:03','2016-05-25 18:09:03'),
	(129,'Reiciendis accusantium itaque dolorem voluptas quia facilis optio.','Numquam non id voluptas beatae. Atque maxime perspiciatis facere reiciendis impedit quia asperiores. Earum sit ea dolores enim recusandae quo repellendus. Ut dolorum corrupti aut occaecati.',1,'http://lorempixel.com/640/480/?43652',1,5,2,'2016-05-25 18:09:03','2016-05-25 18:09:03'),
	(130,'Omnis aliquam assumenda non laudantium et et repellat nobis.','Tempora quia consequatur facere voluptatum. Quas excepturi sed quaerat maiores dignissimos. Odit non enim omnis soluta nisi quaerat minima.',1,'http://lorempixel.com/640/480/?80132',2,1,16,'2016-05-25 18:09:03','2016-05-25 18:09:03'),
	(131,'Modi possimus reiciendis et non non rem eligendi.','Recusandae ipsam tempora fugiat totam totam sapiente necessitatibus rerum. Possimus in distinctio corrupti rerum.',1,'http://lorempixel.com/640/480/?64134',3,2,82,'2016-05-25 18:09:03','2016-05-25 18:09:03'),
	(132,'Cumque ea rerum porro quasi occaecati repellat.','Repellat facere quia repellat illum voluptatem ex non. Dolor incidunt sit magni et. Maiores et est totam voluptatem.',1,'http://lorempixel.com/640/480/?26212',3,1,22,'2016-05-25 18:09:03','2016-05-25 18:09:03'),
	(133,'Quia quibusdam sapiente et facere repellendus.','Delectus iure odio nisi. Id ex excepturi voluptas cumque. Soluta necessitatibus non vel dolores dignissimos mollitia. Aut cumque quaerat repellendus est voluptatem.',0,'http://lorempixel.com/640/480/?68904',4,7,67,'2016-05-25 18:09:03','2016-05-25 18:09:03'),
	(134,'At placeat cumque quo tempora hic fuga ipsa.','Illum voluptatem dolore tenetur. Ex et enim est.\nPerferendis doloribus beatae et. Blanditiis amet eaque aut perferendis qui sint. Ea et at suscipit quia earum consectetur.',1,'http://lorempixel.com/640/480/?93705',2,6,84,'2016-05-25 18:09:03','2016-05-25 18:09:03'),
	(135,'Corporis dolores facilis debitis illo ex sit asperiores.','Aut illum eveniet qui illo doloribus. Eligendi deleniti nobis voluptatem. Sit ullam voluptatum nostrum impedit sed nobis.',0,'http://lorempixel.com/640/480/?68946',2,3,72,'2016-05-25 18:09:03','2016-05-25 18:09:03'),
	(136,'Voluptas fugit aspernatur necessitatibus officiis.','Id omnis doloremque provident aut nisi cumque rerum. Et rerum fuga totam.',0,'http://lorempixel.com/640/480/?47723',5,4,48,'2016-05-25 18:09:03','2016-05-25 18:09:03'),
	(137,'Nesciunt soluta placeat alias neque rerum iste.','In ipsa ratione et. Sapiente reprehenderit autem corporis perferendis veniam tempore qui aperiam. Id accusamus totam quos.',1,'http://lorempixel.com/640/480/?40237',3,1,37,'2016-05-25 18:09:03','2016-05-25 18:09:03'),
	(138,'Nesciunt facilis distinctio sit velit error unde voluptates vel.','Voluptatem molestiae officia quo vel ipsam culpa. Ratione molestiae ullam veniam nostrum qui. Quidem qui asperiores exercitationem at dolorum illum quae. Et sequi delectus sapiente aut.',1,'http://lorempixel.com/640/480/?35347',3,6,79,'2016-05-25 18:09:03','2016-05-25 18:09:03'),
	(139,'Autem sapiente neque molestias.','Architecto quia eos facere et vero. Est delectus et quisquam aliquid nam qui minus. Qui commodi quibusdam fuga consequatur. Porro pariatur fugiat ducimus rem.',1,'http://lorempixel.com/640/480/?39105',4,9,14,'2016-05-25 18:09:03','2016-05-25 18:09:03'),
	(140,'Est esse voluptatem doloremque voluptas nihil et.','Possimus reiciendis aliquam labore nam quam illum nihil. Error qui delectus provident blanditiis voluptatem. Vitae laudantium impedit quis quis. Error dolore perferendis iusto quo in.',0,'http://lorempixel.com/640/480/?93825',5,7,37,'2016-05-25 18:09:03','2016-05-25 18:09:03'),
	(141,'Dolore et accusamus nobis expedita dolorem doloribus.','Ut rerum id dolorem ratione fugiat mollitia. Blanditiis nemo nostrum tempora natus. Suscipit ab tempora ipsum est omnis maiores. Sunt placeat earum cupiditate harum odit.',1,'http://lorempixel.com/640/480/?22265',3,3,98,'2016-05-25 18:09:03','2016-05-25 18:09:03'),
	(142,'Enim quisquam voluptatum cumque voluptatem.','At pariatur sed ea fugit ratione esse sapiente cumque. Sequi numquam ipsa recusandae suscipit alias. Rerum earum non fuga.',0,'http://lorempixel.com/640/480/?65247',4,10,26,'2016-05-25 18:09:03','2016-05-25 18:09:03'),
	(143,'Aperiam et dignissimos facere veniam quas asperiores ipsa est.','Quis voluptatem quaerat tempora nesciunt. Id velit temporibus vel molestiae voluptatibus. Quis officiis temporibus ipsam ducimus. Est enim aliquid sed eum maxime reiciendis.',0,'http://lorempixel.com/640/480/?56914',2,3,23,'2016-05-25 18:09:03','2016-05-25 18:09:03'),
	(144,'Porro est officia est maiores consectetur quia.','Dicta distinctio doloremque modi harum dignissimos cumque. Doloremque quam officiis quos necessitatibus. Soluta quos non qui dolorum quia. Quasi doloribus est voluptates qui sit voluptatem quos.',1,'http://lorempixel.com/640/480/?66908',2,4,44,'2016-05-25 18:09:03','2016-05-25 18:09:03'),
	(145,'Et animi nesciunt at architecto aut.','Dignissimos et omnis velit similique excepturi modi ullam. Eum ut vel et sequi sapiente sunt. Est iure perferendis et.',0,'http://lorempixel.com/640/480/?67594',3,3,22,'2016-05-25 18:09:03','2016-05-25 18:09:03'),
	(146,'Maiores enim iure in aliquam fugiat eaque.','Id occaecati magni rerum quia qui illum ut. Vero eos unde quaerat et tempora ullam iusto. Explicabo alias maxime odit non. Placeat est et rerum est autem et laborum.',1,'http://lorempixel.com/640/480/?71817',1,9,67,'2016-05-25 18:09:03','2016-05-25 18:09:03'),
	(147,'Vel sit quia magnam odit nobis minima neque ducimus.','Et consectetur pariatur veritatis. Harum nihil sint eos aut et. Doloremque qui pariatur maiores quidem. Et eum enim ducimus cupiditate praesentium.',1,'http://lorempixel.com/640/480/?55318',1,5,63,'2016-05-25 18:09:03','2016-05-25 18:09:03'),
	(148,'Natus repudiandae porro maxime laboriosam illo quasi sint quia.','Velit aut cumque ea. Officia doloribus et aperiam eveniet possimus illo excepturi. Modi rerum error enim est totam sed modi. Voluptatem vel hic architecto amet accusamus.',0,'http://lorempixel.com/640/480/?31974',4,3,42,'2016-05-25 18:09:03','2016-05-25 18:09:03'),
	(149,'Ullam necessitatibus rerum earum aperiam accusantium.','Adipisci autem aliquam pariatur quo odio et. Itaque ullam molestiae quis et ratione. Ut sit dolorem culpa veritatis. Et non consectetur neque assumenda eligendi. Atque incidunt animi consequatur.',0,'http://lorempixel.com/640/480/?98311',2,2,71,'2016-05-25 18:09:04','2016-05-25 18:09:04'),
	(150,'Voluptatibus repudiandae cum voluptas odit distinctio iure provident ut.','Deserunt perspiciatis consequatur quod voluptatem enim. Tempore nulla quaerat debitis non nesciunt.\nQuasi et suscipit error magnam. Quia esse sed aperiam impedit.',0,'http://lorempixel.com/640/480/?85331',4,10,3,'2016-05-25 18:09:04','2016-05-25 18:09:04'),
	(151,'Dolor aut rem cumque eum laboriosam.','Earum dolores aliquam quia. Necessitatibus id est quam aut sed. Sed aut minus ipsum dignissimos nam odit.',0,'http://lorempixel.com/640/480/?10911',4,8,94,'2016-05-25 18:09:04','2016-05-25 18:09:04'),
	(152,'Hic sapiente commodi sit id ea.','Aut nam quas dolor porro eos. Corporis atque dolore aut veniam.',0,'http://lorempixel.com/640/480/?72398',5,6,20,'2016-05-25 18:09:04','2016-05-25 18:09:04'),
	(153,'Vero quis aspernatur beatae fuga consequatur.','Laborum iste dolor sequi facilis magnam aut magnam. Ut explicabo nostrum quae voluptatem. Laboriosam quisquam facere sed cupiditate velit quae voluptatem.',0,'http://lorempixel.com/640/480/?64334',3,4,31,'2016-05-25 18:09:04','2016-05-25 18:09:04'),
	(154,'Neque inventore voluptatem eveniet tenetur expedita.','Magni sed est rerum repudiandae aut occaecati. Sit quod voluptatem error sit ipsum. Possimus et voluptates minus quo ratione nihil.',1,'http://lorempixel.com/640/480/?73720',2,6,45,'2016-05-25 18:09:04','2016-05-25 18:09:04'),
	(155,'Consequatur quod veritatis et quisquam.','Dolores illum sed ad placeat perspiciatis. Quo eos sit ab quam est ab ut.',1,'http://lorempixel.com/640/480/?97097',1,3,67,'2016-05-25 18:09:04','2016-05-25 18:09:04'),
	(156,'Ut temporibus rerum praesentium facilis id voluptatem.','Ut aut aut odit occaecati est ipsum vero soluta. Voluptatem eum laudantium numquam fugit et quaerat. Itaque sed sed explicabo qui omnis molestiae. Cupiditate alias dolorem aut et dolores rem.',0,'http://lorempixel.com/640/480/?49750',5,10,38,'2016-05-25 18:09:04','2016-05-25 18:09:04'),
	(157,'Maxime enim nihil fugiat error cum blanditiis.','Ad tenetur est in. Occaecati asperiores atque fugiat earum mollitia reprehenderit ab vero. Dolorem voluptatibus non non quia.',0,'http://lorempixel.com/640/480/?83422',4,4,20,'2016-05-25 18:09:04','2016-05-25 18:09:04'),
	(158,'Dolorum aperiam qui ratione dolorem.','Qui aut ratione id fugit magni ad odit. Itaque omnis odit enim quia dignissimos totam. Officia nesciunt sed harum quidem occaecati molestias. Voluptas non rerum et vero.',1,'http://lorempixel.com/640/480/?72735',5,7,44,'2016-05-25 18:09:04','2016-05-25 18:09:04'),
	(159,'Asperiores saepe sed voluptas saepe aut quis nostrum.','Aliquam consequuntur asperiores voluptas quos voluptates at nam voluptatibus. Mollitia ex assumenda ipsa soluta natus consectetur quos. Occaecati cum nemo asperiores et sed sunt.',0,'http://lorempixel.com/640/480/?95850',3,3,89,'2016-05-25 18:09:04','2016-05-25 18:09:04'),
	(160,'Et quis quia cupiditate aut impedit.','Vel adipisci nostrum expedita reiciendis ad fugit alias. Voluptate ea vel ipsum suscipit. Ut aut non velit sit consectetur et aliquid.',1,'http://lorempixel.com/640/480/?94242',4,3,72,'2016-05-25 18:09:04','2016-05-25 18:09:04'),
	(161,'Odit sunt labore quia expedita sunt sunt voluptatem.','Nostrum praesentium vero voluptatibus id sequi cupiditate alias. Est qui sunt impedit explicabo. Sed ipsum fuga fugiat. Mollitia recusandae est id repellat.',1,'http://lorempixel.com/640/480/?74078',2,2,66,'2016-05-25 18:09:04','2016-05-25 18:09:04'),
	(162,'Soluta soluta assumenda autem vitae mollitia et.','Rem perferendis aperiam minima aut. Quia est eos molestiae. Ut qui eveniet commodi error. Adipisci quia in voluptate sed voluptatem.',1,'http://lorempixel.com/640/480/?22971',4,6,77,'2016-05-25 18:09:04','2016-05-25 18:09:04'),
	(163,'Veniam quod consequatur saepe et assumenda.','Velit accusamus perferendis hic minima ut tempora. Accusamus in est praesentium tempore neque unde illum. Blanditiis voluptas quia eum consequatur nisi.',1,'http://lorempixel.com/640/480/?44802',5,8,90,'2016-05-25 18:09:04','2016-05-25 18:09:04'),
	(164,'Ullam quia voluptatibus illum sed est.','Quas velit praesentium minus in aut qui. Aut dolor harum cupiditate qui ut aut. Tenetur non unde harum placeat a. Consequatur ea eaque sunt velit.',0,'http://lorempixel.com/640/480/?14492',4,3,55,'2016-05-25 18:09:04','2016-05-25 18:09:04'),
	(165,'Voluptatibus eos qui nihil repellendus est.','Qui commodi in nisi omnis id vel. Eius quia labore qui commodi ab dicta voluptatum. Earum sed dolor dolorum soluta repellat deleniti iusto.',0,'http://lorempixel.com/640/480/?30743',1,9,85,'2016-05-25 18:09:04','2016-05-25 18:09:04'),
	(166,'Sit eum iusto non dolor.','Consequatur ab ut vitae qui animi est ea. Enim repellat amet blanditiis unde esse unde quasi. Veniam et est explicabo mollitia.',1,'http://lorempixel.com/640/480/?65029',5,9,45,'2016-05-25 18:09:04','2016-05-25 18:09:04'),
	(167,'Et aliquam ab in.','Totam ut maiores consequatur aspernatur laborum et. Amet delectus consequuntur itaque et minima sunt. Et earum architecto officia fugit labore.',1,'http://lorempixel.com/640/480/?21066',3,10,96,'2016-05-25 18:09:04','2016-05-25 18:09:04'),
	(168,'Voluptas libero aut dicta corrupti.','A in qui fuga laboriosam quod autem accusamus. Repellat hic dolorum vel est non. Recusandae reprehenderit quidem provident et.',0,'http://lorempixel.com/640/480/?12078',3,4,3,'2016-05-25 18:09:04','2016-05-25 18:09:04'),
	(169,'Praesentium nulla praesentium impedit libero porro distinctio illum.','Architecto dolorum est molestiae aspernatur nobis mollitia. Ipsam iusto tenetur est ipsum. Consequatur nihil quidem tempore architecto. Ea cum nulla consectetur velit.',0,'http://lorempixel.com/640/480/?49429',4,8,90,'2016-05-25 18:09:04','2016-05-25 18:09:04'),
	(170,'Laboriosam cupiditate eos cupiditate explicabo hic.','Quaerat est vel ad. Veniam cumque neque odit debitis magnam. Aliquam aliquid commodi nulla voluptatum dolor ad qui.',1,'http://lorempixel.com/640/480/?18124',3,10,98,'2016-05-25 18:09:04','2016-05-25 18:09:04'),
	(171,'Quia omnis ipsa voluptas perspiciatis esse repudiandae sed veritatis.','Sed sunt recusandae quod voluptate. Quo vero animi eum aut. Natus est et est ut.\nAliquid unde ipsam et nostrum et amet et. Aliquam odio cupiditate necessitatibus repellat dolor.',1,'http://lorempixel.com/640/480/?41895',5,1,30,'2016-05-25 18:09:04','2016-05-25 18:09:04'),
	(172,'Beatae ipsa quia dolores quaerat.','Voluptatibus magnam sit doloribus qui quam eos minima. Deserunt rerum et ut molestiae enim dolorum amet. Quibusdam officia eos optio aut. Numquam fuga eligendi necessitatibus nihil sint qui.',1,'http://lorempixel.com/640/480/?51716',4,2,77,'2016-05-25 18:09:04','2016-05-25 18:09:04'),
	(173,'Ab praesentium esse iste qui.','Est facere amet quia. Dolorem nisi numquam doloremque est recusandae adipisci aut. Laudantium sint adipisci quo autem itaque consequuntur. Fugiat modi reiciendis cumque unde doloremque id ducimus et.',1,'http://lorempixel.com/640/480/?87733',1,3,91,'2016-05-25 18:09:04','2016-05-25 18:09:04'),
	(174,'Aut omnis nulla est repellat.','Veniam illum dolorum nobis magnam. Maiores rerum sint quo iusto. Qui eos animi mollitia et. In eum reprehenderit quis molestias reiciendis quae.',1,'http://lorempixel.com/640/480/?59320',5,1,72,'2016-05-25 18:09:04','2016-05-25 18:09:04'),
	(175,'Ipsum necessitatibus voluptatem id facere.','Et ratione et consequatur aut. Qui expedita et et consequatur exercitationem aut. Voluptas similique sit aut dolor soluta. Aut nostrum corrupti hic.',1,'http://lorempixel.com/640/480/?95927',5,5,41,'2016-05-25 18:09:04','2016-05-25 18:09:04'),
	(176,'Autem et est rerum.','Voluptas odio ipsam ut. Provident repellat sed laboriosam unde. Molestiae odit impedit quia voluptatem facere. Quos provident vero voluptatem aperiam.',0,'http://lorempixel.com/640/480/?70126',2,6,32,'2016-05-25 18:09:04','2016-05-25 18:09:04'),
	(177,'Quod repudiandae est voluptate.','Cumque odit numquam id. Beatae inventore dolorem a voluptates nihil dolorem. Quia nam dolor praesentium quia a consectetur dolor.',0,'http://lorempixel.com/640/480/?96707',5,2,89,'2016-05-25 18:09:04','2016-05-25 18:09:04'),
	(178,'Laudantium molestiae voluptates quasi quia.','Aut voluptatem cumque quibusdam dolorem possimus aliquam numquam. Eos qui et provident ipsa possimus. Eveniet eius iste fugiat architecto.',0,'http://lorempixel.com/640/480/?43159',4,4,70,'2016-05-25 18:09:04','2016-05-25 18:09:04'),
	(179,'Facere dolorem est eos blanditiis.','Numquam eveniet minus fugiat. Magnam et voluptas aut voluptate est. Possimus sint et eius sint autem accusantium sed.',1,'http://lorempixel.com/640/480/?21116',5,2,49,'2016-05-25 18:09:04','2016-05-25 18:09:04'),
	(180,'Perferendis quia non veritatis.','Iste mollitia reprehenderit molestias sed accusantium non et. Voluptas laborum adipisci odio quia illo. Necessitatibus sed est ut mollitia voluptates asperiores.',1,'http://lorempixel.com/640/480/?38925',2,3,24,'2016-05-25 18:09:04','2016-05-25 18:09:04'),
	(181,'Maiores iste et quia.','Corrupti quia rerum id sed. Earum enim amet rerum fugit. Et sit et vel quisquam. Aut est qui qui repudiandae quia.',0,'http://lorempixel.com/640/480/?89047',2,9,17,'2016-05-25 18:09:04','2016-05-25 18:09:04'),
	(182,'Impedit quidem soluta nobis soluta.','Sapiente repellat dolorem labore quis distinctio. Voluptates quia odio eos quia. Libero iure tenetur veritatis quo. Ex aut unde ea ea facilis rerum quas.',1,'http://lorempixel.com/640/480/?57629',1,6,1,'2016-05-25 18:09:04','2016-05-25 18:09:04'),
	(183,'Commodi voluptate ut ab quo aliquam quia.','Modi reprehenderit non dolores esse. Illum aut rem dolores culpa eius reiciendis rem. Ullam neque magnam quia iusto aliquam voluptatem.',0,'http://lorempixel.com/640/480/?32950',2,4,57,'2016-05-25 18:09:04','2016-05-25 18:09:04'),
	(184,'Maiores consectetur in qui et adipisci.','Dolorem aut corrupti sed. Maxime eum sint quidem asperiores quo ut. Officia omnis porro aut porro sit quos molestias quis. Et ab et neque omnis nesciunt omnis exercitationem sunt.',1,'http://lorempixel.com/640/480/?62312',3,10,100,'2016-05-25 18:09:04','2016-05-25 18:09:04'),
	(185,'Quo consequuntur facilis et consequatur et.','Illum ipsam atque quia maiores quos ut itaque. Quasi quos laborum consequuntur voluptatum. At iste rerum modi magnam. Fugit voluptatibus quia sed est eveniet.',0,'http://lorempixel.com/640/480/?65027',1,3,86,'2016-05-25 18:09:04','2016-05-25 18:09:04'),
	(186,'Quaerat reprehenderit expedita officiis quas.','Ex et asperiores repellendus nobis voluptatem quia asperiores. Natus beatae veniam molestiae id nam. Nulla iure neque non cum. Harum doloremque eaque eos consectetur eaque nemo neque alias.',1,'http://lorempixel.com/640/480/?85608',4,10,87,'2016-05-25 18:09:04','2016-05-25 18:09:04'),
	(187,'Architecto provident quidem error quisquam at.','Sunt ullam vitae dolorum dolore quas. Similique quam quas doloribus nulla quod.\nSit dolores quis ipsa quas. Nostrum temporibus est magni est vel et ut. Harum qui maxime adipisci at quo.',1,'http://lorempixel.com/640/480/?84044',5,2,1,'2016-05-25 18:09:04','2016-05-25 18:09:04'),
	(188,'Tempora qui quis quam exercitationem sit in voluptatem.','Enim id mollitia quia ad molestias. Est enim quos molestias dolores ullam laudantium ut. Dolorum numquam sed molestiae vero quos. Nobis doloremque suscipit quis minus vitae.',0,'http://lorempixel.com/640/480/?89691',1,7,75,'2016-05-25 18:09:04','2016-05-25 18:09:04'),
	(189,'Aperiam et nihil temporibus delectus optio amet commodi.','Optio earum est ut quae. In veritatis consequatur dolores optio id deserunt. Mollitia similique ex voluptas dolorum quia possimus. Impedit et quos quo.',0,'http://lorempixel.com/640/480/?14716',5,5,92,'2016-05-25 18:09:04','2016-05-25 18:09:04'),
	(190,'Nemo laborum sit suscipit maxime necessitatibus quia et.','Laboriosam odit facilis sunt possimus tempora laborum voluptatem. Possimus qui maiores quae animi. Sequi fugiat in dolorum nihil quod.',1,'http://lorempixel.com/640/480/?19400',2,10,17,'2016-05-25 18:09:04','2016-05-25 18:09:04'),
	(191,'Tenetur voluptatem harum beatae.','Quia sed ullam architecto qui. Consequatur ullam odit quisquam totam culpa ut. Sed corporis ipsam labore consequuntur quo.',1,'http://lorempixel.com/640/480/?99122',1,2,16,'2016-05-25 18:09:04','2016-05-25 18:09:04'),
	(192,'Iure quidem sint sapiente nostrum natus deleniti.','Fugiat animi neque provident laudantium. Aliquid maxime quis voluptate numquam. Necessitatibus ducimus velit earum aut. Ab perferendis explicabo et recusandae at.',0,'http://lorempixel.com/640/480/?68147',2,7,46,'2016-05-25 18:09:04','2016-05-25 18:09:04'),
	(193,'Ad reprehenderit reprehenderit corporis et excepturi.','Quasi blanditiis asperiores molestias et nulla explicabo autem veniam. Totam minima est quo.',1,'http://lorempixel.com/640/480/?57957',2,4,17,'2016-05-25 18:09:04','2016-05-25 18:09:04'),
	(194,'Reprehenderit ab in nesciunt nesciunt error.','Sunt omnis ipsum maiores maiores earum cupiditate. Impedit rerum officiis sint rerum. Et dignissimos minima et qui qui et minima. Facilis sint sequi ratione tempore earum.',0,'http://lorempixel.com/640/480/?65238',4,9,39,'2016-05-25 18:09:04','2016-05-25 18:09:04'),
	(195,'Velit animi et voluptatem hic animi sint natus.','Voluptatum voluptates rem ducimus repellendus non fugit ea. Quos cum praesentium velit error.',1,'http://lorempixel.com/640/480/?41828',3,6,12,'2016-05-25 18:09:04','2016-05-25 18:09:04'),
	(196,'Eum odit porro et qui omnis consequatur consequatur.','Delectus sint nobis atque. Qui quisquam nostrum harum dignissimos. Corporis fugit totam sint animi reiciendis. Qui in tempora illo.',0,'http://lorempixel.com/640/480/?64704',3,10,47,'2016-05-25 18:09:04','2016-05-25 18:09:04'),
	(197,'Sunt quibusdam temporibus incidunt error unde suscipit.','Quisquam blanditiis veniam ex. Itaque totam officiis et et saepe sapiente sed. Et vitae eum officiis. Delectus quae iusto consectetur ipsum accusantium doloremque dolore.',0,'http://lorempixel.com/640/480/?57713',2,4,9,'2016-05-25 18:09:04','2016-05-25 18:09:04'),
	(198,'Aut voluptatem ab temporibus quis.','Commodi doloribus quasi sunt dignissimos in vel. Quia autem qui ipsa deleniti. Assumenda libero architecto et aliquam est. Aut voluptas esse molestias error necessitatibus.',0,'http://lorempixel.com/640/480/?35062',5,6,80,'2016-05-25 18:09:04','2016-05-25 18:09:04'),
	(199,'Aut ea error odio placeat quisquam quod.','Ratione ducimus eum sequi minus. Maiores et ea voluptates. Ducimus nam harum iste qui id repellat totam. Cumque error et enim sit.',0,'http://lorempixel.com/640/480/?54508',1,4,2,'2016-05-25 18:09:04','2016-05-25 18:09:04'),
	(200,'Atque esse neque quos et autem.','Perferendis ut itaque doloribus. Dolore ut perferendis quia est laudantium deserunt.',1,'http://lorempixel.com/640/480/?78480',4,2,50,'2016-05-25 18:09:04','2016-05-25 18:09:04');

/*!40000 ALTER TABLE `comments` ENABLE KEYS */;
UNLOCK TABLES;


# Dump of table customers
# ------------------------------------------------------------

DROP TABLE IF EXISTS `customers`;

CREATE TABLE `customers` (
  `id` int(10) unsigned NOT NULL AUTO_INCREMENT,
  `name` varchar(255) COLLATE utf8_unicode_ci NOT NULL,
  `email` varchar(255) COLLATE utf8_unicode_ci NOT NULL,
  `password` varchar(255) COLLATE utf8_unicode_ci NOT NULL,
  `address` varchar(255) COLLATE utf8_unicode_ci NOT NULL,
  `city` varchar(255) COLLATE utf8_unicode_ci NOT NULL,
  `phone` varchar(255) COLLATE utf8_unicode_ci NOT NULL,
  `created_at` timestamp NULL DEFAULT NULL,
  `updated_at` timestamp NULL DEFAULT NULL,
  PRIMARY KEY (`id`),
  UNIQUE KEY `customers_email_unique` (`email`)
) ENGINE=InnoDB DEFAULT CHARSET=utf8 COLLATE=utf8_unicode_ci;

LOCK TABLES `customers` WRITE;
/*!40000 ALTER TABLE `customers` DISABLE KEYS */;

INSERT INTO `customers` (`id`, `name`, `email`, `password`, `address`, `city`, `phone`, `created_at`, `updated_at`)
VALUES
	(1,'Mr. Ryleigh Trantow','aiyana.ratke@example.net','$2y$10$3fuxWiPhVR/yIAucTfSPSuczc7xyZ8tvHYIM1EtjUX8iAwFC.g9j6','616 Spinka Shoal\nReingerton, MA 83766','Lacystad','+9297602859129','2016-05-25 18:06:02','2016-05-25 18:06:02'),
	(2,'Werner Kunze III','tremblay.oma@example.org','$2y$10$TxJXYvAg.sAIdbQR.suQi.YboID7aCMYp18ri138fd2USj.dquKxe','5319 Trudie Unions Suite 951\nPort Myatown, PA 97476','East Tyreek','+4925895364970','2016-05-25 18:06:02','2016-05-25 18:06:02'),
	(3,'Delaney Eichmann','sienna.hodkiewicz@example.org','$2y$10$TPMl0x6NsqRS5rklBxm/DuqSgrbBR678w5qmOBPpkC5N0QFwVX6J6','438 Kole Highway Apt. 504\nLake Katarinastad, OR 66623','North Angelinafort','+0691768484393','2016-05-25 18:06:02','2016-05-25 18:06:02'),
	(4,'Filomena Huel','nwolff@example.net','$2y$10$xfG4CpHBk.Tup22SoEkdc.p1SJJ1U3Svr0oBu8HEcXbw4RG6M/SOa','911 Hettie Mall\nTorphyhaven, NH 45171','Gleasontown','+1061651989339','2016-05-25 18:06:02','2016-05-25 18:06:02'),
	(5,'Prof. Berry Toy I','hlegros@example.net','$2y$10$jfMcBjsb/elXTfc/I9tcPetxXoYAVpNlCQZRJ0Q3L6r9JZEQQB6.i','95548 Wolf Mission\nVincenzoborough, IA 22438-2464','East Ericaburgh','+0151807020137','2016-05-25 18:06:02','2016-05-25 18:06:02'),
	(6,'Wyatt Schmitt','theodora.kohler@example.com','$2y$10$7qG5.Qv2KLmri2rpiA7TYeBHrbp4qeGFi5vrGkJqer3iQ1yHXkA0O','23903 Weimann Extensions\nWest Neal, WI 14193','Ashaside','+4802401887029','2016-05-25 18:06:02','2016-05-25 18:06:02'),
	(7,'Ciara Legros III','brooklyn.reichel@example.net','$2y$10$0qrFZFBhUN2Dc7J/miHureOaucgwHB9UNCtghainw0B/XiLrdddte','4412 Gunnar Isle Suite 492\nLake Nathanial, NV 12637-4388','Mosciskiborough','+0510808432712','2016-05-25 18:06:02','2016-05-25 18:06:02'),
	(8,'Rosario Stroman','yrogahn@example.net','$2y$10$YqHrQNqnAftk3qDP8YWuyenlp68Fpddb7bVK0pPgpBB9fLu4gXau.','7568 Jillian Fall Suite 643\nCamronside, PA 98784-8831','Lake Libbytown','+0102414588680','2016-05-25 18:06:02','2016-05-25 18:06:02'),
	(9,'Mr. Finn Renner III','izaiah.west@example.com','$2y$10$Pw9YOn98IxXu0Axgbb2g8O66Qiv71POQ8mmAFErkYkhOhabbooTVe','629 Avis Avenue Suite 804\nHassiefurt, RI 88948-3822','Aishaport','+4650743145629','2016-05-25 18:06:02','2016-05-25 18:06:02'),
	(10,'Ms. Julianne Spinka','msmith@example.com','$2y$10$uYZkXdlEQHmLrIeCl6fqlOihlWbgCqIH0I3DDiz4QI1.CDw5g84Yq','15792 Marquardt Gateway Apt. 773\nNorth Darrick, MA 20104','Goyetteville','+1665011450293','2016-05-25 18:06:02','2016-05-25 18:06:02'),
	(11,'Prof. Justus Pagac','pkris@example.org','$2y$10$Jeg9K4uyP26aEQyZ2YmZkO.sHhdUbvwPaS79WrSmZES539rtyEA5G','73626 Buckridge Tunnel Apt. 512\nTyreemouth, SD 12468-7585','Audreybury','+8581929866793','2016-05-25 18:06:02','2016-05-25 18:06:02'),
	(12,'Ms. Patricia Flatley','rfeeney@example.org','$2y$10$GCVimEei2gFz0Qkr5dxK7eSB71veAgSq3dx38lhBrOy6zsnfxh0tq','9229 Keon Bypass\nSouth Kamronburgh, VT 35503','East Rafael','+8249416925341','2016-05-25 18:06:02','2016-05-25 18:06:02'),
	(13,'Mrs. Lenora Bayer','ecrooks@example.com','$2y$10$vVIjMme2823Ki1eT/JA2b.lChyIwspk/FfgrzZdjTKoVFc4B6MC7a','8639 Kaia Place\nHesterport, NH 94838-1735','Jakobberg','+5422931745746','2016-05-25 18:06:02','2016-05-25 18:06:02'),
	(14,'Terry Lehner','amanda.mcclure@example.com','$2y$10$kQXoZTPfWn.oilCGHS8yu.DIuf0KbVLGlJGF7eG3CDlkRVfMewKo2','35600 Susanna Burgs\nKutchmouth, KS 00105-4722','Summerberg','+5886624935625','2016-05-25 18:06:02','2016-05-25 18:06:02'),
	(15,'Melyssa Carroll','josue.heaney@example.net','$2y$10$FUcz0VdIGSVIagJ0uhXhh.nF9lCxs043NAyJWZm5hz1Pe/TipOYaS','682 Cummerata Causeway Apt. 453\nGwenfort, CT 85669','Kleinfort','+6900554744584','2016-05-25 18:06:02','2016-05-25 18:06:02'),
	(16,'Mr. Jalon Beatty','ernesto.oreilly@example.com','$2y$10$8cS3D/Pet8LQOGi8GDopJuavXI6ccfTVqJW7vjAXG2VZerm0YeoH.','3434 Labadie Shore Suite 064\nNew Luisa, MI 40844','Lake Monroeland','+3469001303524','2016-05-25 18:06:02','2016-05-25 18:06:02'),
	(17,'Mr. Hunter Thiel DVM','kbarton@example.com','$2y$10$J.z0UZtLwJ1ezviLDbzpOe68rnRE63rjg8GJsy/EswOz0O4SlTrUC','559 Cruickshank Loaf Apt. 788\nSouth Kaleighfort, TX 21028-8218','McKenzieville','+4740298258339','2016-05-25 18:06:02','2016-05-25 18:06:02'),
	(18,'Rosalyn Daniel','abshire.elvis@example.com','$2y$10$Ax9QxklhrufedUGvzfRO6OGj07f8rXScnvrK3.G3odAYNbzyY6lMy','3720 Clay Keys Apt. 550\nMelynaside, MS 77152-0038','East Tamia','+8131559206502','2016-05-25 18:06:02','2016-05-25 18:06:02'),
	(19,'Dr. Gideon Krajcik V','heathcote.brad@example.net','$2y$10$3pTYSCpJwiJGaafgLRL7cOlq5ZswFqRtYoaHwdc47wfgo8OvC4Hh2','17483 Adolfo Pass Apt. 434\nEast Garnetmouth, MS 93595-8425','Murphymouth','+4207326076399','2016-05-25 18:06:02','2016-05-25 18:06:02'),
	(20,'Vilma Rath I','dietrich.anahi@example.com','$2y$10$rJoJQhMjBgupy29Nf.BgfeHw1iS/3d5HeOJ8bm0ZnsHB/NblRYTP.','511 Santiago Curve\nLake Willardmouth, FL 92014','Henrietteborough','+1232833742615','2016-05-25 18:06:02','2016-05-25 18:06:02'),
	(21,'Dessie Sanford','flatley.jacklyn@example.org','$2y$10$dmNQGGdXgjwxWWWmGskcm.yjY1HDb4IeNg9Y6t17tMjRzkAZ2k6dS','93114 Maggio Mountain\nHermanland, AZ 91129','Lulubury','+6340211410821','2016-05-25 18:06:02','2016-05-25 18:06:02'),
	(22,'Colton O\'Kon','tiffany.barton@example.org','$2y$10$ljRCANngOZozSFpVV2L7nuFm9yq6ObyL20Yl6byLjgLCWAiHSvwGu','3615 Kurtis Glen\nWolfland, PA 17827','West Susie','+1479629945276','2016-05-25 18:06:02','2016-05-25 18:06:02'),
	(23,'Miss Erna Huels DDS','kutch.jaycee@example.net','$2y$10$U91RYSRPXFxcRsyPgbl03OgQDBmC9nsor6FsDMi0U57GjFEIyNBPy','810 Laurie Springs\nEast Annabel, MI 87778-0156','Watsicaville','+3729413847604','2016-05-25 18:06:02','2016-05-25 18:06:02'),
	(24,'Ed Schuppe','sarina65@example.org','$2y$10$9kk8AWPj0s6DNMdggLyDp.0ZIAUlx5EFab.rYa41pD9Jj0Sfq8Vge','38392 Ward Squares\nLake Briceside, WI 47499','Port Miloton','+5852579109096','2016-05-25 18:06:02','2016-05-25 18:06:02'),
	(25,'Ernie Welch','mdamore@example.net','$2y$10$aovnP0yZ7N8B3KFBh9QQzO7qG9kXefccNUxWrFhxRECxWl2zSnjxi','10884 Rice Station\nEast Clarissashire, MD 90701-4526','Dareside','+5101420273463','2016-05-25 18:06:02','2016-05-25 18:06:02'),
	(26,'Miss Darlene Kozey','vabshire@example.org','$2y$10$6FFB.BtnP3WPmMet5GAwTeFxZJQxnrOGeSWhXXVLrZqzLG4H93x1u','885 Walsh Bridge Suite 883\nNorth Alethafort, VT 66591','Feilport','+0546666346120','2016-05-25 18:06:02','2016-05-25 18:06:02'),
	(27,'Berta Flatley','tatum49@example.net','$2y$10$oCrpwGqeICYJObonfQrJhujU78Bxm6rTZhq4eM5EwzLfsFboqh45q','56962 Schimmel Path Apt. 013\nRobertsberg, MS 14273-1444','Schambergerberg','+2529613604429','2016-05-25 18:06:02','2016-05-25 18:06:02'),
	(28,'Elian Spinka','rose.fadel@example.net','$2y$10$WbUQ3pSAZE60iAzrr7P83O1EU6bUmJ7jzMqthP7FMn1C5iw2CDSVS','694 Kris Skyway Suite 267\nEast Shea, GA 51111','Callieborough','+5036064742836','2016-05-25 18:06:02','2016-05-25 18:06:02'),
	(29,'Eli Marvin','guillermo.dooley@example.org','$2y$10$..OP7L5ZUdwkP1csu4Pmfus0KKo8OrRsNljHIvvchDK73OEt9OACK','1314 Carlos Cape Suite 891\nLuzshire, NY 16407','Lednermouth','+7574276786521','2016-05-25 18:06:02','2016-05-25 18:06:02'),
	(30,'Rahsaan Swift','wconsidine@example.org','$2y$10$5/eAXx2Uv/ibXd1I3g5r6OjeuRM8XnyBarYSis.qOM5KGYYXWgedO','6659 Angie Run\nHoppehaven, OR 69936-3703','North Forest','+1563578966117','2016-05-25 18:06:02','2016-05-25 18:06:02'),
	(31,'Morton Reynolds','hbergstrom@example.org','$2y$10$/sMA1hqDZ5.H8QZU6AtAy.mqdi8Uk8XLDW2uDiySGwPyfE8KetAie','54851 Elyse Locks\nNorth Adelle, NH 69542','Mckenziefurt','+2359116209248','2016-05-25 18:06:02','2016-05-25 18:06:02'),
	(32,'Mr. Earl Durgan','tomasa25@example.org','$2y$10$HifFsqi3q55pcWehBSPzIu1ofGtfPpcmbFP7miauUwhZlwzag1JzC','19443 Antoinette Spurs\nTraceyhaven, IL 01812','Jessmouth','+7750410036888','2016-05-25 18:06:02','2016-05-25 18:06:02'),
	(33,'Mr. Andy Lang IV','xruecker@example.org','$2y$10$./gD2S38lMOkqd/2NPK5auExi1WrwsIZHRP6LNB/bSri1t5ABSt1.','552 Victoria Court Suite 034\nNorth Nickolashaven, SC 88082-3666','Port Noahhaven','+2577617325759','2016-05-25 18:06:02','2016-05-25 18:06:02'),
	(34,'Emory Toy','arvid.padberg@example.org','$2y$10$.3rhZWUfeCw68bqvcpG9NO57yAAzK1UZxuja6KAG.3mH2yH/DPipu','9071 Stephanie Crossing Apt. 031\nJacynthechester, AR 18510','Loweborough','+1935405994891','2016-05-25 18:06:02','2016-05-25 18:06:02'),
	(35,'Kobe Kling','kshanahan@example.org','$2y$10$oXEoYLG9Sn0wwYjOsU4uWeMvwEc3JZNzfNPTx0T36EP7jfFTc1NIS','8601 Champlin Spurs Suite 910\nNew Erwin, PA 53506','Aureliomouth','+9311885072090','2016-05-25 18:06:02','2016-05-25 18:06:02'),
	(36,'Bernita Ritchie Jr.','princess89@example.net','$2y$10$R/j3D11YAPXW0LL4lI1cweBaFgvuQ.QnMe0SLQTBAzYM4nlziAAGW','453 Antwan Ways Apt. 171\nLindgrenview, KS 12576-3556','Lianaland','+0707378719598','2016-05-25 18:06:02','2016-05-25 18:06:02'),
	(37,'Brenda Stroman','ostark@example.org','$2y$10$zgHidzqICZ7cZWrd0M/hPew4aSejKDM1A5n42fsW5Y/IohR5E7mna','74671 Maymie Course\nHermannmouth, AL 07645','Port Lemuelport','+2086953085788','2016-05-25 18:06:02','2016-05-25 18:06:02'),
	(38,'Dr. Effie Kshlerin','delphine28@example.net','$2y$10$rAzpIVNmHp6IYKNniMCGku1V/YjF/N0f0Q2ytgAOEIy0yRaQe8GkC','889 Breitenberg Viaduct Apt. 727\nSouth Rebekahbury, RI 56611-0240','Jarrettstad','+9874189703517','2016-05-25 18:06:02','2016-05-25 18:06:02'),
	(39,'Junior Wintheiser','sspinka@example.org','$2y$10$GM0z17r.IoWkPS/p/mAtke44tSurzIv0rtHcZetEvyvR2SGpffawG','1400 Kovacek Glens\nPaucekburgh, GA 34865','North Nicoleberg','+4019129634794','2016-05-25 18:06:02','2016-05-25 18:06:02'),
	(40,'Anthony Williamson','uschuppe@example.net','$2y$10$vjGeneZnSWJVccGerrnWa.SgcjwHeeIseu6Ut.u0euNzpju3JPQQ2','792 Schimmel Row Apt. 666\nPort Sibylborough, AK 19277-9025','Leonardstad','+2120616557659','2016-05-25 18:06:02','2016-05-25 18:06:02'),
	(41,'Elizabeth Marquardt','gisselle.greenholt@example.org','$2y$10$5.6gmPy8hd0wskYF3y/mgu.EZl8il7VzMJk4FD2qLp38H7Avfy2UO','6815 Armstrong Islands Apt. 924\nNew Michale, TN 84131','Port Leopoldo','+6939933593414','2016-05-25 18:06:02','2016-05-25 18:06:02'),
	(42,'Gerald Rohan','pbrown@example.net','$2y$10$MtiRArwv8bNaaNDXuK9tku18AjPjdWG5pKl2NkeOGgStddEymeTBu','284 Schaefer Union\nGiovaniberg, TN 23270-0234','New Kacey','+0348793359843','2016-05-25 18:06:02','2016-05-25 18:06:02'),
	(43,'Kenyatta O\'Keefe','halvorson.andres@example.net','$2y$10$6QOdnSQKpE6jsDYQDXi9P.iuOzpt40DCRb.xlzFoRLJ6hjAA2O1Qm','496 Else Ferry\nCruzstad, NE 65502-7094','Lake Jennyfer','+2169341407722','2016-05-25 18:06:02','2016-05-25 18:06:02'),
	(44,'Margaret Ebert','watsica.alice@example.net','$2y$10$3pZ6cXUk0pLASn2mQ3AxH.uXpHi49U6VJu7MhLXteRpDF2QbML81a','13580 Graham Well\nWalshberg, ME 45766-7413','Rosinafurt','+8818824094441','2016-05-25 18:06:02','2016-05-25 18:06:02'),
	(45,'Dr. Cyril Simonis IV','bdaugherty@example.net','$2y$10$h2ZnUlr7yvlPEuKbjqlXXO/nlBoMWT31MQCQN110sTIkxIY6.Z0Gm','239 Ruecker Oval\nBomouth, KY 04633','Port Kirk','+6657349395313','2016-05-25 18:06:02','2016-05-25 18:06:02'),
	(46,'Dee Jakubowski','wokuneva@example.org','$2y$10$qGgLqz703f9PqU8zQofMROExm8YWiP5GZwmiVz7rOSUC/YDuR2xX6','7712 Jaclyn Meadows Suite 436\nSanfordville, AZ 97481','New Antoneton','+1363638432278','2016-05-25 18:06:02','2016-05-25 18:06:02'),
	(47,'Prof. Natalie Hansen Jr.','cremin.keven@example.com','$2y$10$mhkXb7y.IHMRcqtEIMYT7.q010G/e05yocZQCGQkrZxPLhQ.E9/fW','41071 Filomena Lodge Suite 083\nGaetanoborough, NV 27884-3179','North Oceane','+7351581995265','2016-05-25 18:06:02','2016-05-25 18:06:02'),
	(48,'Beau Jerde','lcremin@example.org','$2y$10$5XhAVyRhD8yc1vYPnxO8t.lS3nVkXeAm3ur4uootkkCHSYM7AK0qW','158 Champlin Lane\nNorth Kamron, TN 72905-0481','West Lemuelberg','+8041353640783','2016-05-25 18:06:02','2016-05-25 18:06:02'),
	(49,'Reba Rempel','shammes@example.net','$2y$10$LV9rraOQzixtd9e.Bl/1ReCBH8ZFC9OxQFmKOVIbrSU7TMeT8aCSi','7479 Rex Village\nJanelleburgh, MS 00773','Lake Heloisestad','+4583780501651','2016-05-25 18:06:02','2016-05-25 18:06:02'),
	(50,'Maeve Wyman','glen.kerluke@example.org','$2y$10$KL7/hhwyTOXkjkYTqjv3VeLr/puGOOMC8VQeFloaLmSAA6CN94wWu','25971 Philip Square\nEstevanfort, MD 30989','New Savannahtown','+4961498779496','2016-05-25 18:06:02','2016-05-25 18:06:02'),
	(51,'Ray Ledner I','koepp.gino@example.net','$2y$10$xfufefKgbCI.EdS2aawSoen9tVXIl4tkxwvLt5aszKehI0D08Kblu','915 Leda Wells Apt. 944\nClydeland, OR 98357','East Brando','+5545236237425','2016-05-25 18:06:02','2016-05-25 18:06:02'),
	(52,'Edna Renner PhD','ulices94@example.com','$2y$10$D3xTdKrpMdJdD.Mww9ByWO6k9t5lfkNqmxliM5NKp.Z9aTJl3v/qe','1392 Maximilian Crossing Suite 894\nSouth Jordan, TN 80929-8225','West Dave','+7898696421138','2016-05-25 18:06:02','2016-05-25 18:06:02'),
	(53,'Bret Willms','lockman.marshall@example.org','$2y$10$NjKaM5AaHMqMekejSrlNMu.yAVv.2xRiFXhxSpDw5iBxsn7dCAzyy','7041 Aiyana Courts\nWest Allison, MA 04409','South Kingbury','+9040648878323','2016-05-25 18:06:02','2016-05-25 18:06:02'),
	(54,'Yasmeen Crist','cassin.jermain@example.org','$2y$10$L58B2o2wDrKp/Yh9.YJQk.AqM36aVjJzqS7SRyf2WZz8P.2yIGouO','29859 Lavern Ramp\nGusikowskiland, MI 74187','Keeblerfort','+4054303407270','2016-05-25 18:06:02','2016-05-25 18:06:02'),
	(55,'Nia Greenfelder','hettinger.nettie@example.net','$2y$10$KqRCWfR8GsezGJgybXJ0YuHIn8VdK3C5Ux8XNV2.CKAd56tNN6PXi','2657 Cole Vista Apt. 283\nNormaberg, AZ 63721','Darrellberg','+0851822936443','2016-05-25 18:06:02','2016-05-25 18:06:02'),
	(56,'Odessa Dibbert','zachary07@example.com','$2y$10$BPWBUmY.qHKBsM9daDKQJe0H.k2yntKa2Sepw7FhBmaBKnM23l44q','86437 Vaughn Park Suite 452\nCruzburgh, VT 94529-7905','Huelport','+2306625766813','2016-05-25 18:06:02','2016-05-25 18:06:02'),
	(57,'Albin Bartell','aschmeler@example.com','$2y$10$KUm4Xa1AtbD/ti2eLPQUDettUdDCQc7BHWfEdf1SAVApkGpTwO9xC','624 Weber Park\nEmilbury, TX 72448-3290','West Madeline','+9092952674565','2016-05-25 18:06:02','2016-05-25 18:06:02'),
	(58,'Louvenia Schiller','koch.cydney@example.net','$2y$10$vO4Khc5nZ0Dfr6KXPCcdMe7DGK4YHtS1yeh9MnpjwMykyYZ4hGq52','4091 Emelia Roads\nNorth Lonny, OH 60279-6980','South Justus','+4296465585461','2016-05-25 18:06:02','2016-05-25 18:06:02'),
	(59,'Victoria Tremblay','ohickle@example.com','$2y$10$kfM7IUW7U.l/sjSw2rN.QeHhY.4Ggod06cnUQT9L/M2lSMqeiKR9q','53858 Mossie Lights Suite 003\nSouth Tyrabury, UT 96644','Port Jasperport','+4311380108176','2016-05-25 18:06:02','2016-05-25 18:06:02'),
	(60,'Dr. Lenora Kunze','zkeeling@example.org','$2y$10$MKXbamLT6DU7NL6gWjtKMeTYcluPR3eOB8XN9HzgKN5kRs1aCV6Su','5887 Murray Shores\nMaynardview, VA 97550','North Alejandra','+1404724756599','2016-05-25 18:06:02','2016-05-25 18:06:02'),
	(61,'Arch Mayert','norberto.greenfelder@example.com','$2y$10$7uQQtqCOv6iOWOZDb0hZS.whRzgFCS2y0LwT6XVbF1EzhxSh.aL..','8039 Freida Lodge\nPort Ava, IL 69957-7393','East Jenabury','+7873867345060','2016-05-25 18:06:02','2016-05-25 18:06:02'),
	(62,'Audreanne Corwin DDS','madyson.hane@example.net','$2y$10$7hEx/TSDl.zX7PIkOyvonOReVhCpE0OKvTId5mcJvLXFdAO6VF8aa','20037 Albertha Rest Apt. 157\nSchuppestad, NM 42219','Kenyonside','+8092185636463','2016-05-25 18:06:02','2016-05-25 18:06:02'),
	(63,'Callie Wuckert','leannon.julien@example.com','$2y$10$laADRbB3perYYctVVDhDje.SR5cGkTtYhe.OFor9JDNwdyhXbINfO','95435 Dickens Brook\nLake Dorrisstad, MO 39751','Funkland','+3948491500038','2016-05-25 18:06:02','2016-05-25 18:06:02'),
	(64,'Charlene Kris','pgreenholt@example.org','$2y$10$4XqQrwLtcfPiVOAOc2ghSufOxiIImGYxDDDi9IC20TwnLwSyJPajK','99233 Smith Cape\nMarieburgh, VA 79252-3025','Jadenmouth','+6214788962845','2016-05-25 18:06:02','2016-05-25 18:06:02'),
	(65,'Lorenza Donnelly Jr.','finn.auer@example.net','$2y$10$3zD5cv69dF5XCz2.jwvKFeLe.U1Lb90VLoUk6wkIk7.jv6DmrUj82','768 Jaskolski Roads Apt. 974\nLake Roycestad, OK 40126','Port Remingtonberg','+7036056296738','2016-05-25 18:06:02','2016-05-25 18:06:02'),
	(66,'Miss Lorena Ernser MD','skiles.maximillian@example.com','$2y$10$hwPaj6n85aqjboe5.zkI4.mPZbV2EVh3jhVbHcJLfuHumCOf1a0dK','18560 Glover Pines Suite 460\nDahliaberg, ID 80398','Assuntafurt','+0622327174032','2016-05-25 18:06:02','2016-05-25 18:06:02'),
	(67,'Braulio Cremin','garrison85@example.com','$2y$10$cB19MFiJaCOok1U693UDZu0mkk/T.eczF1OABnkJxCtmjN1KyFtXG','392 Luisa Spurs\nNikolausmouth, IN 68501','South Erickatown','+1752381850724','2016-05-25 18:06:02','2016-05-25 18:06:02'),
	(68,'Brady Wolff','brown.bessie@example.org','$2y$10$63BVKUGSK7ttydTFugQc5OAyljB0iq8fROGe9kbHJ2YNHfgId.vCG','42461 Harris Divide Apt. 369\nLake Willow, MO 60359-0677','Port Hilda','+3214963022290','2016-05-25 18:06:02','2016-05-25 18:06:02'),
	(69,'Eldon Wilkinson','vstiedemann@example.org','$2y$10$l4zyEfNwuAV8JKTuetYHeegm5Poj8umHysNFTO2fa193ExuI3DoKO','338 Estella Junctions\nRoobton, MS 84318','East Imogene','+4003817880240','2016-05-25 18:06:02','2016-05-25 18:06:02'),
	(70,'Braulio Morissette','alexa.becker@example.com','$2y$10$tXHFrt9Q7xo3snuz.2JoAuGUX6pjiMzgFCVS0zh0KXJgaiwmL/IRq','635 Kenya Cliff\nPort Magnusview, TX 93153-0866','New Isaiview','+0380328338496','2016-05-25 18:06:02','2016-05-25 18:06:02'),
	(71,'Stan Cronin Sr.','esmeralda.leffler@example.org','$2y$10$SN6RfSswHRTqS7WtJ5VOLebmrWvoIdu03W05QX/.THwlt8bj8mR3W','83506 Armani Parkway\nTiarashire, RI 02614','Kohlerchester','+4469927610688','2016-05-25 18:06:02','2016-05-25 18:06:02'),
	(72,'Ms. Alverta Howe','qschroeder@example.net','$2y$10$EXruQjahgW3S1S8xCK31j.Z/iJyLNx4/gQwHQoYpFpQ1RxaVmYT1O','5025 Padberg Drives Suite 822\nLake Johnny, WV 30782-4654','Jasmintown','+4443931631468','2016-05-25 18:06:02','2016-05-25 18:06:02'),
	(73,'Nikita Baumbach','oran.will@example.org','$2y$10$5ls.bsNn3czIMY0iYMyrTOERDmHfo5atP7OXYmBa39t5bnfVh4E3O','62948 Nolan Underpass Apt. 489\nMoorechester, OH 55048-8559','West Ayanaborough','+6595806540735','2016-05-25 18:06:02','2016-05-25 18:06:02'),
	(74,'Mr. Christ Stokes I','chadrick41@example.com','$2y$10$pV6bE7rMWL.VGsAYe5cGde7neGJbZ0KHidpeo3zTZZlIdRxB76R0.','2373 Lucius Harbors\nBoyleborough, AL 32222','South Leora','+2364524436940','2016-05-25 18:06:02','2016-05-25 18:06:02'),
	(75,'Abelardo Stoltenberg','chackett@example.org','$2y$10$MwpzB5..ONGvbxhdWzvepuiDTjgmX/KVSjEhTigppE9x/c05Wa7lS','761 Scarlett Plains Suite 625\nWest Keanuburgh, HI 31125-5969','Borerfurt','+3967571551900','2016-05-25 18:06:02','2016-05-25 18:06:02'),
	(76,'Casey Oberbrunner','blanda.scarlett@example.net','$2y$10$/IPctJ3rFFjrMisEDP2sZO9ey2p/mPOp4BHqOWVBNwskbO6TaL62y','147 Schinner Landing Suite 112\nAudreanneview, AZ 92847-6702','Port Mathiashaven','+0064042262297','2016-05-25 18:06:02','2016-05-25 18:06:02'),
	(77,'Noemie Russel PhD','beier.leanne@example.net','$2y$10$jVnvLeF6sgWxsU0bTBsxYelQFuaqHii3gLBHvKFOx7RkePiWBarnC','90792 Kilback Wall Apt. 816\nPort Benjaminborough, NH 32552-0267','Lake Leland','+7692724746257','2016-05-25 18:06:02','2016-05-25 18:06:02'),
	(78,'Mrs. Nicole Denesik','christopher20@example.net','$2y$10$8/.Ga8z.pq8GpLAAaz7wU.pUIf3z1it9InDgCnhjVByOS0M6EJyFm','7527 Isac Street\nEast Raulside, NH 43844','Gradyborough','+8733545849179','2016-05-25 18:06:02','2016-05-25 18:06:02'),
	(79,'Abby Rath','kobe.wisoky@example.org','$2y$10$le0SKw6S2Fq6wx.1M0fND.Gk4zUNUOUP0gtYluQJ4dcjtS.LDAoeq','958 Douglas Village\nNorth Jody, DE 36784-0686','Ulisestown','+3799843309125','2016-05-25 18:06:02','2016-05-25 18:06:02'),
	(80,'Syble West','klein.ruthie@example.com','$2y$10$cU2BYRdUGUvI8I1uS66AqeK0eAMYeDe.2VQvHXp2l6Jr0XMNivo9u','4069 McClure Circles\nVivahaven, MI 52364-5252','Halvorsonfurt','+2233461308682','2016-05-25 18:06:02','2016-05-25 18:06:02'),
	(81,'Dr. Nicholaus O\'Keefe','mathias.rempel@example.org','$2y$10$pucYdjduprCiFn/BUs3oXuV4i0wHqqGtJg4iE2Aju0WJkjAhvDrGW','83246 Huel Trafficway Suite 385\nAishabury, NC 48934-3713','South Lonnyview','+9496203058577','2016-05-25 18:06:02','2016-05-25 18:06:02'),
	(82,'Cortney Renner','rodriguez.johanna@example.com','$2y$10$I6/uaTTbJHqX2n14f15O3.fVRlDAMrd3yoF2gen9EUTGAT0GyrZTu','5346 Mosciski Meadows\nAbshirefurt, WV 12301-2457','North Annetta','+0487363848357','2016-05-25 18:06:02','2016-05-25 18:06:02'),
	(83,'Rita Mertz','sophie26@example.net','$2y$10$lRuvs8WBwnMGEBs9ur1KMuwXjCOJ7nb4M6MKXK4S/jwff9lvUPvqG','93957 Rene Oval\nPort Albertoberg, CT 81193-8510','Moenview','+6654881282923','2016-05-25 18:06:02','2016-05-25 18:06:02'),
	(84,'Brady Ernser','elyse07@example.org','$2y$10$pAhJ7L3e39u61m.j4JPSQepO7uQPFeaCHig7kzBJd5FBYC20rb8FS','995 Dietrich Coves Suite 395\nPort Milfordmouth, AL 84633-1630','Lake Daryltown','+3118318580903','2016-05-25 18:06:02','2016-05-25 18:06:02'),
	(85,'Geoffrey Bergnaum','pauline20@example.org','$2y$10$Ls6kzDjKpIx1RTQHHZsWZ.bLPyezrNi8sIZuc18Sd52T2zh8AZksa','7269 Kreiger Dale Suite 937\nKrisburgh, NJ 52523-6122','Unaview','+3061876006949','2016-05-25 18:06:02','2016-05-25 18:06:02'),
	(86,'Bonnie Feest','robb.jones@example.org','$2y$10$2sUuUNgFqIVRGT2FL1MF4.qxBe9GUat5WOMVAu7vo6iw/hd.fi65C','750 Delphine Common Suite 916\nNorth Anjali, NC 69791','Johnschester','+3924912693616','2016-05-25 18:06:02','2016-05-25 18:06:02'),
	(87,'Mrs. Brandy Olson MD','alycia88@example.com','$2y$10$Tpr6uD6UmGddq9edVTJ2.e6J3Fla8bwBKCDQFSImnrfhQrCpRU3La','69639 Lemke Walks\nEast Camren, MS 60075','West Ovaton','+7985739255051','2016-05-25 18:06:02','2016-05-25 18:06:02'),
	(88,'Jacques Kirlin','kilback.isom@example.net','$2y$10$h7lT.m1jYw5XMrGiUKThweD0ts7AbhCeU3jAN8v346uDBymiRmW92','1584 Rachel Fords Suite 592\nSchmidtfort, WA 19443','Goldnerstad','+6281116150123','2016-05-25 18:06:02','2016-05-25 18:06:02'),
	(89,'Dr. Ernie Kertzmann Jr.','bernhard.karl@example.net','$2y$10$GD1dfKmz8j1KLOBWxMYWdOJfzMe31gqwee3.2KufZs5usTIkcZ6Y.','34948 Hyatt Port\nReichertstad, SD 41527','Port Johnathan','+4689264978754','2016-05-25 18:06:02','2016-05-25 18:06:02'),
	(90,'Soledad Gleason','stefanie.green@example.org','$2y$10$E4fT8YvaMzc1EnWlx.A2peMUqu5Kw2W.jtqYqTsaEG7BeGqJDTyV.','26987 Lockman Falls Suite 842\nEast Guillermo, MN 44461','Hartmanntown','+4923385802940','2016-05-25 18:06:02','2016-05-25 18:06:02'),
	(91,'Simone Hegmann','raphaelle93@example.org','$2y$10$QJIRGvIHX5fWizsuq0.RJebWr6YIJntSVJjZCvMXT88juT1ZnrOCm','5796 Batz Cliff\nAuerview, MT 80765-9256','Keyshawnfort','+8949487974064','2016-05-25 18:06:02','2016-05-25 18:06:02'),
	(92,'Miss Tara Ernser Jr.','lakin.agustina@example.org','$2y$10$xx9YRFMIYlcH3.iF/gEMrOm49zBOJUQZJlVJLFMb65icMnsOByN9O','832 Wellington Curve\nHahnbury, AL 73194','West Kurtland','+9155515871006','2016-05-25 18:06:02','2016-05-25 18:06:02'),
	(93,'Anthony O\'Hara','lrippin@example.com','$2y$10$N9.w2SwGgL6uqeIWeY4V6.dodaZhseWSezgTW3uB/mUfJRwzNmeVC','70050 Schuppe Viaduct\nAlexandrinefort, KS 59362-8319','Bartolettimouth','+1581909351326','2016-05-25 18:06:02','2016-05-25 18:06:02'),
	(94,'Ulices Pfannerstill','corkery.pinkie@example.net','$2y$10$7NZtWzK43DppbWIZOeaj8eZ6wGN1Eupqci5r/2yFwmYMF9/C6ecgW','441 Farrell Cliffs Apt. 942\nHanemouth, OR 87762-6636','New Shawnmouth','+0047490952721','2016-05-25 18:06:02','2016-05-25 18:06:02'),
	(95,'Minnie Zemlak','wisozk.paige@example.com','$2y$10$uLyG2TjHKy0xHL2TYZ7ZG.fr/FizL.S3Vr.N.tVY3b5kE/03yPIGC','415 Hyatt Branch Suite 105\nWest Lorenzabury, RI 01045-2263','South Audrachester','+2302562938008','2016-05-25 18:06:02','2016-05-25 18:06:02'),
	(96,'Ashley Schmitt','xprosacco@example.net','$2y$10$J5q3.E7vtjYS3O9clFkBUuWHIqw2zmIhYGNEUmLX4gQSkBVUtLxBG','5799 Considine Keys\nRueckerton, CT 03862-0595','South Jude','+2021026628036','2016-05-25 18:06:02','2016-05-25 18:06:02'),
	(97,'Davon Durgan','lgreenfelder@example.com','$2y$10$m.MGYOdYajK0XQ3bx5ZV1ukbNFkbytUBfKi9W1poAZy5JdkrC1TVe','438 Arlene Ville Apt. 593\nOthotown, ID 48645','Monatown','+0817140865156','2016-05-25 18:06:02','2016-05-25 18:06:02'),
	(98,'Shanelle Cormier','heathcote.brooks@example.org','$2y$10$prH2827AaAgnTVKjDmo.WO2PJWK/a6NR24YFJBWETjN9niEXtZAPG','4167 Heaney Street\nNew Rhea, CA 25625-6078','New Chrisstad','+0438497362625','2016-05-25 18:06:02','2016-05-25 18:06:02'),
	(99,'Prof. June Lebsack','georgianna.wolff@example.org','$2y$10$dOrD0BLGSdk4X3xJ9kIFUuLxYINCw6wkrs6sepOwRo8IVinWgjWmi','68694 Wuckert Gardens\nGodfreyville, OR 24876','Port Yazminshire','+5603032009303','2016-05-25 18:06:02','2016-05-25 18:06:02'),
	(100,'Julius Cremin','arvel07@example.net','$2y$10$H6uiyK68gLDUS56wzQD4Ru9cqeB7jiYCKBhXU.1iArjpiQfiUtsvK','1888 Tod Ports Apt. 663\nSouth Ebba, TX 72997','South Walterberg','+8945172951065','2016-05-25 18:06:02','2016-05-25 18:06:02');

/*!40000 ALTER TABLE `customers` ENABLE KEYS */;
UNLOCK TABLES;


# Dump of table items
# ------------------------------------------------------------

DROP TABLE IF EXISTS `items`;

CREATE TABLE `items` (
  `id` int(10) unsigned NOT NULL AUTO_INCREMENT,
  `title` varchar(255) COLLATE utf8_unicode_ci NOT NULL,
  `description` text COLLATE utf8_unicode_ci NOT NULL,
  `status` tinyint(1) NOT NULL,
  `image` varchar(255) COLLATE utf8_unicode_ci NOT NULL,
  `price` decimal(8,2) NOT NULL,
  `menu_id` int(10) unsigned NOT NULL,
  `user_id` int(10) unsigned NOT NULL,
  `created_at` timestamp NULL DEFAULT NULL,
  `updated_at` timestamp NULL DEFAULT NULL,
  PRIMARY KEY (`id`),
  UNIQUE KEY `items_title_unique` (`title`),
  KEY `items_menu_id_foreign` (`menu_id`),
  KEY `items_user_id_foreign` (`user_id`),
  CONSTRAINT `items_menu_id_foreign` FOREIGN KEY (`menu_id`) REFERENCES `menus` (`id`),
  CONSTRAINT `items_user_id_foreign` FOREIGN KEY (`user_id`) REFERENCES `users` (`id`)
) ENGINE=InnoDB DEFAULT CHARSET=utf8 COLLATE=utf8_unicode_ci;

LOCK TABLES `items` WRITE;
/*!40000 ALTER TABLE `items` DISABLE KEYS */;

INSERT INTO `items` (`id`, `title`, `description`, `status`, `image`, `price`, `menu_id`, `user_id`, `created_at`, `updated_at`)
VALUES
	(1,'Omnis perferendis earum voluptas repellendus.','Aut illum maxime eveniet odio dignissimos ut. Sed ratione quibusdam quae.',0,'images/9.jpeg',67.70,14,6,'2016-05-25 17:52:01','2016-05-25 17:52:01'),
	(2,'Voluptate est eum rerum minima.','Aut corporis corporis exercitationem quo distinctio magnam fugit. Quo rem magni qui fugiat. Expedita eius quos quis molestias. Quibusdam et qui non recusandae sequi alias.',0,'images/2.jpeg',30.33,47,2,'2016-05-25 17:52:25','2016-05-25 17:52:25'),
	(3,'Et sequi amet sapiente eum quia non aut.','Commodi eum voluptatibus veritatis incidunt minima aut possimus. Placeat consequatur sapiente dicta optio officiis officiis quia. Recusandae saepe amet maxime id amet non.',1,'images/10.jpeg',47.39,3,7,'2016-05-25 17:52:25','2016-05-25 17:52:25'),
	(4,'Perferendis magnam provident amet accusantium libero perferendis ut.','Aut similique aut sunt tempore. Quisquam nam modi reprehenderit nobis enim saepe sequi. Neque dolores nemo ipsum. Quae sunt tempore vel est placeat quo numquam.',0,'images/9.jpeg',93.39,18,4,'2016-05-25 17:52:25','2016-05-25 17:52:25'),
	(5,'Eum velit repellendus tempore magnam sed dolor enim.','Reiciendis quia et explicabo laborum nesciunt. Nulla molestiae magnam maiores dolor eum. At alias harum mollitia eius.',1,'images/10.jpeg',76.64,3,2,'2016-05-25 17:52:25','2016-05-25 17:52:25'),
	(6,'Repellendus sit modi dignissimos qui sit voluptate suscipit.','Rerum ut aperiam sit beatae culpa ut ratione. Et iure occaecati delectus quidem qui voluptatem. Velit dolorum provident error sint autem dolor cum.',1,'images/10.jpeg',35.00,3,6,'2016-05-25 17:52:25','2016-05-25 17:52:25'),
	(7,'Omnis quibusdam earum possimus officia ducimus.','Laudantium voluptatem ratione sequi qui praesentium incidunt. Repellat atque enim quo. Tempore est distinctio rem vero maiores a. Laborum fugiat eum consectetur iure perferendis.',0,'images/5.jpeg',27.00,39,4,'2016-05-25 17:52:25','2016-05-25 17:52:25'),
	(8,'Consectetur quia consequatur exercitationem dicta ratione quibusdam repellat.','Eaque earum in saepe saepe. Repudiandae molestiae nulla ab nihil voluptatem. Sint atque voluptas quis qui et. Aut iste totam qui aperiam dicta nobis quasi.',1,'images/6.jpeg',39.82,35,7,'2016-05-25 17:52:25','2016-05-25 17:52:25'),
	(9,'Voluptatem et aut non voluptatibus facere atque porro beatae.','Non nam aliquid ex recusandae dolores quisquam sed. Est tenetur eius delectus. Dolore velit distinctio et cum dolor eum.\nVoluptas at sed ut. Consequatur incidunt dolor ea perferendis aut voluptatem.',0,'images/10.jpeg',33.28,3,1,'2016-05-25 17:52:25','2016-05-25 17:52:25'),
	(10,'Itaque et optio libero et perferendis velit porro repellat.','Rerum laudantium quis consequuntur eius nostrum nisi et. Ex sunt possimus earum ut cupiditate cum.',0,'images/7.jpeg',86.60,31,1,'2016-05-25 17:52:25','2016-05-25 17:52:25'),
	(11,'Quod amet nihil quod et nulla.','Odit quia et similique velit qui aut a sunt. Nesciunt suscipit sunt qui vel maiores quia. Expedita rerum dolor sit. Et beatae eum eos nisi alias ea sunt.',0,'images/8.jpeg',11.39,27,8,'2016-05-25 17:52:25','2016-05-25 17:52:25'),
	(12,'Aperiam placeat temporibus quo voluptas.','Atque corrupti doloribus porro accusantium magni consectetur. Magnam aut voluptatem dicta occaecati. Aliquam ut dolorem et.',1,'images/5.jpeg',80.46,38,3,'2016-05-25 17:52:25','2016-05-25 17:52:25'),
	(13,'Rerum ea est sunt velit expedita.','Consectetur corrupti facere libero sed. Reiciendis quisquam iusto omnis sunt. Harum sit delectus illo quisquam. Libero at tenetur deleniti numquam et.',0,'images/9.jpeg',79.91,19,5,'2016-05-25 17:52:25','2016-05-25 17:52:25'),
	(14,'Sunt voluptas quae est at odit voluptatem.','Quos fugit eos repellat assumenda rerum dolor dignissimos minus. Aspernatur nulla ipsum provident eaque aut quia.',0,'images/4.jpeg',80.90,41,6,'2016-05-25 17:52:25','2016-05-25 17:52:25'),
	(15,'Quibusdam perspiciatis placeat iste dignissimos itaque consequatur.','Quos asperiores et error a iusto. Voluptate ab aut rerum ratione velit corporis aut. Veritatis vero sunt molestias magni est.',1,'images/10.jpeg',89.52,4,5,'2016-05-25 17:52:25','2016-05-25 17:52:25'),
	(16,'Beatae impedit sit sequi nostrum dolores.','Cumque nemo ratione vitae rerum quia. Facere repellendus aspernatur expedita harum. Eligendi earum doloribus facere quis totam tempora.',0,'images/1.jpeg',62.30,49,7,'2016-05-25 17:52:25','2016-05-25 17:52:25'),
	(17,'Velit odio harum consequatur voluptatem.','Hic et saepe perspiciatis quam pariatur dolore in ipsa. Minima iure nihil quia placeat. Similique omnis laborum molestiae delectus. Nam culpa et corporis velit et. Aliquam sint aliquid tenetur.',0,'images/1.jpeg',81.84,48,4,'2016-05-25 17:52:25','2016-05-25 17:52:25'),
	(18,'Fugiat ducimus minima quaerat eius reiciendis sed cumque illum.','Sint consequatur minus itaque autem ratione. Aut quaerat illo consequatur dicta similique ex rerum architecto. Eius esse atque quia est. Quas enim aut unde sed nihil mollitia.',0,'images/5.jpeg',88.42,37,6,'2016-05-25 17:52:25','2016-05-25 17:52:25'),
	(19,'Itaque iure quis laborum distinctio rerum.','Voluptas est quod accusamus nobis architecto necessitatibus deleniti. Et in sunt et tempore sapiente tempore. Aliquam ut inventore deserunt quam rem ut molestias.',1,'images/8.jpeg',39.59,29,7,'2016-05-25 17:52:25','2016-05-25 17:52:25'),
	(20,'Laboriosam ut saepe eveniet.','Veritatis in doloribus qui ullam officia velit. Praesentium et et labore veniam voluptatem. Hic voluptatum molestias voluptates ab velit perspiciatis. Nihil repellendus et qui qui.',1,'images/4.jpeg',29.21,41,7,'2016-05-25 17:52:25','2016-05-25 17:52:25'),
	(21,'Iure et culpa et eveniet.','Voluptas est dolores expedita voluptates. Error ut harum deleniti et et ex. Esse provident culpa porro eaque possimus occaecati.',1,'images/2.jpeg',53.99,48,8,'2016-05-25 17:52:25','2016-05-25 17:52:25'),
	(22,'Quasi accusantium pariatur eum.','Praesentium ab reiciendis error laboriosam et iste voluptas nemo. Asperiores occaecati eos vitae mollitia excepturi. Id optio est id incidunt.\nHic ipsum sequi voluptas sed. Alias et quasi eius a.',1,'images/9.jpeg',24.34,15,3,'2016-05-25 17:52:25','2016-05-25 17:52:25'),
	(23,'Labore iste iusto ea inventore aperiam.','Blanditiis aut aliquid esse est. Nam commodi dicta architecto blanditiis. Ut inventore quisquam officiis id ut. Quod vel error quo sed error asperiores.',0,'images/9.jpeg',72.78,22,2,'2016-05-25 17:52:25','2016-05-25 17:52:25'),
	(24,'Aspernatur sed explicabo temporibus accusantium.','Omnis itaque quia sint rerum. Officiis qui dicta ratione quae tempore debitis fugit. Blanditiis in magni velit aliquam soluta natus. Accusantium quo et labore aut in magni impedit.',1,'images/9.jpeg',57.58,9,8,'2016-05-25 17:52:25','2016-05-25 17:52:25'),
	(25,'Molestias at impedit numquam quisquam nam dolor.','Nobis sit reiciendis eius rerum. Distinctio dolorem sit velit sunt est repellendus. Et ut consequuntur in ipsa at velit.',1,'images/9.jpeg',64.11,22,9,'2016-05-25 17:52:25','2016-05-25 17:52:25'),
	(26,'Quam enim sed voluptas quos eos sed aut.','Est qui omnis voluptatem et recusandae asperiores. Voluptatem adipisci consequatur nemo repellendus ipsam et labore. Odio vel placeat ut suscipit repellendus quo.',1,'images/9.jpeg',36.01,25,2,'2016-05-25 17:52:25','2016-05-25 17:52:25'),
	(27,'Pariatur a quod sunt et similique ea.','Quas architecto inventore nostrum qui sequi in aut. Accusamus omnis molestias ab voluptatem aut. Et quidem id minus odio tenetur consequatur dignissimos.',0,'images/6.jpeg',43.50,35,4,'2016-05-25 17:52:25','2016-05-25 17:52:25'),
	(28,'Velit nesciunt iste inventore nulla accusamus non consequatur.','Doloribus excepturi dicta voluptas vitae. Placeat error quisquam eveniet harum. Modi amet atque itaque aut sunt dolorum deserunt.',1,'images/9.jpeg',15.22,19,1,'2016-05-25 17:52:25','2016-05-25 17:52:25'),
	(29,'Aut molestiae magnam aliquid velit delectus et esse.','Repellat assumenda et ex et qui et. Est eum ipsa nostrum deleniti qui. Debitis voluptatem vitae ut fuga rerum blanditiis. Et temporibus esse sint animi qui facere alias.',0,'images/4.jpeg',81.76,42,10,'2016-05-25 17:52:25','2016-05-25 17:52:25'),
	(30,'Atque unde fuga totam incidunt autem.','Laborum rerum deserunt voluptas quam sint veritatis. In delectus quia aut eum eius maiores voluptas. Debitis ratione esse vero libero aut corrupti.',0,'images/9.jpeg',47.70,15,9,'2016-05-25 17:52:25','2016-05-25 17:52:25'),
	(31,'Quae et adipisci deserunt voluptates.','Maiores dignissimos impedit eius nemo laboriosam. Non dignissimos officiis at minus consequatur sint ipsa dolores.',1,'images/3.jpeg',96.18,47,4,'2016-05-25 17:52:25','2016-05-25 17:52:25'),
	(32,'Eos labore sint quod sunt odio impedit.','Ea nulla laudantium in. Ea accusamus eos nihil deleniti et in et. Doloremque qui animi et labore facilis praesentium. Eos minus et iure dolorem rerum ullam tenetur.',1,'images/1.jpeg',75.60,50,2,'2016-05-25 17:52:25','2016-05-25 17:52:25'),
	(33,'Nam officia ipsam quaerat voluptas consequatur hic accusamus.','Voluptas iure nulla minima maiores laboriosam id autem. Pariatur ex enim assumenda eum. Itaque autem ut temporibus aut voluptatem.',0,'images/2.jpeg',20.00,48,8,'2016-05-25 17:52:25','2016-05-25 17:52:25'),
	(34,'Dolore eaque est quam sit sit laborum.','Blanditiis illo aut quo sit distinctio. Dicta fugiat quam enim dicta veniam. Sed qui omnis culpa ut facere autem.',0,'images/8.jpeg',30.67,30,9,'2016-05-25 17:52:25','2016-05-25 17:52:25'),
	(35,'Unde facere voluptatem eos saepe voluptatem quo.','Earum nemo voluptatem cupiditate sunt amet. Ut ipsum temporibus veritatis ea deleniti sed accusamus. Rerum sit dolorum qui veniam quia. Quis doloremque corporis deleniti ullam sed.',1,'images/7.jpeg',35.53,32,6,'2016-05-25 17:52:25','2016-05-25 17:52:25'),
	(36,'Praesentium aspernatur ex iusto delectus officiis.','Veniam nulla quia ea rem. Aut vitae qui placeat veritatis nobis iure dolores. Quia repellat consequuntur deleniti magni in. Dolor rem commodi voluptate at.',0,'images/9.jpeg',50.15,12,8,'2016-05-25 17:52:25','2016-05-25 17:52:25'),
	(37,'Cum odit voluptatem impedit voluptas quod.','Omnis voluptatem aspernatur enim sed assumenda sed. Molestiae unde repellat adipisci nihil voluptas. Sed veniam nulla velit molestias.',1,'images/7.jpeg',54.70,31,9,'2016-05-25 17:52:25','2016-05-25 17:52:25'),
	(38,'Quaerat ipsa et omnis vel aut maxime animi ad.','Nam praesentium nesciunt voluptatem omnis voluptates. Eaque velit corporis eos nihil magni. Aperiam tenetur perferendis architecto impedit consequatur quo magnam dolores.',0,'images/4.jpeg',19.95,41,10,'2016-05-25 17:52:25','2016-05-25 17:52:25'),
	(39,'Eum quaerat delectus rerum excepturi ex odio.','Quae pariatur sapiente amet eos quia est. Qui et quam architecto accusantium deleniti. Commodi sunt adipisci est minus omnis ut. In in ratione vel numquam est molestiae.',0,'images/3.jpeg',27.10,45,2,'2016-05-25 17:52:25','2016-05-25 17:52:25'),
	(40,'Et quaerat vel in impedit ipsa.','Impedit eum assumenda temporibus rem quas eos facere. Et sapiente distinctio et similique. Qui qui fuga quis vitae rem autem.',1,'images/9.jpeg',76.00,20,5,'2016-05-25 17:52:25','2016-05-25 17:52:25'),
	(41,'Ullam quidem quas dolor tenetur nulla qui odit.','Et et non ut voluptatem alias assumenda vel. Alias est reiciendis veniam voluptas occaecati quisquam. Voluptatem autem tempore ut rerum magnam sit. Suscipit odio qui esse incidunt rerum beatae nobis.',1,'images/7.jpeg',42.05,33,1,'2016-05-25 17:52:25','2016-05-25 17:52:25'),
	(42,'Ut molestiae voluptatibus rerum inventore laboriosam nulla ut.','Minima pariatur dolorem autem omnis laudantium natus consequuntur. Delectus est sapiente ut minima.',1,'images/9.jpeg',71.56,25,1,'2016-05-25 17:52:25','2016-05-25 17:52:25'),
	(43,'Et autem vitae eveniet quia nihil omnis placeat aut.','Odio eum ut consectetur delectus praesentium doloremque modi. Error corporis veritatis in. Eaque alias quia quas. Qui ab inventore veniam aut.',0,'images/7.jpeg',37.24,32,2,'2016-05-25 17:52:25','2016-05-25 17:52:25'),
	(44,'Aut quisquam voluptatum ad.','Repellendus odio dolor magnam modi. Quam autem amet libero accusantium et reprehenderit sed. Est id maiores sint fuga. Placeat repellendus quibusdam dolore dolorem sit ratione nesciunt amet.',0,'images/10.jpeg',65.44,4,4,'2016-05-25 17:52:25','2016-05-25 17:52:25'),
	(45,'Ut libero sit voluptas labore.','Animi velit ut pariatur. Voluptate quis quibusdam aut impedit quis. Consequatur perferendis eius aut atque aspernatur assumenda. Veniam totam aliquam enim dolor.',0,'images/3.jpeg',29.53,45,3,'2016-05-25 17:52:25','2016-05-25 17:52:25'),
	(46,'Voluptatem cum cum minus qui.','Nisi porro minima sint inventore temporibus quisquam. Voluptatem sapiente itaque harum eligendi reiciendis id eaque. Rerum ut ut nostrum error et.',0,'images/9.jpeg',52.35,16,4,'2016-05-25 17:52:25','2016-05-25 17:52:25'),
	(47,'Qui tempore sed ut architecto nam possimus nesciunt.','Placeat autem necessitatibus expedita id. Dolorem iusto magni expedita voluptatem autem veniam. Natus cumque molestias animi tempore fuga a rem quis. Magni ut ut modi aliquam ad est.',0,'images/5.jpeg',38.00,38,2,'2016-05-25 17:52:25','2016-05-25 17:52:25'),
	(48,'Cupiditate totam consequatur et vero dolorem.','Unde nihil ducimus quam vitae consequatur dignissimos. Ea corrupti qui voluptates eos error. Commodi quo aut quo inventore enim qui in. Nobis autem illo vel. Voluptatum sed placeat pariatur et et.',1,'images/7.jpeg',86.00,32,9,'2016-05-25 17:52:25','2016-05-25 17:52:25'),
	(49,'Neque eum quibusdam voluptas dolorum exercitationem.','Quis beatae nesciunt quisquam quia iste. Voluptatem quod et qui. Ipsa omnis voluptas a aut et. Voluptate quis perferendis nostrum eligendi harum.',0,'images/7.jpeg',90.01,31,4,'2016-05-25 17:52:25','2016-05-25 17:52:25'),
	(50,'Reprehenderit in aspernatur culpa quas error quasi.','Sit qui magni quidem est exercitationem ut. Maxime cum praesentium officiis iusto adipisci. Voluptatem amet et natus et rerum ex.',0,'images/2.jpeg',97.49,48,9,'2016-05-25 17:52:25','2016-05-25 17:52:25'),
	(51,'Accusantium repellat occaecati labore tempora.','Reprehenderit rerum eius eos totam excepturi sit. Sed molestias suscipit sunt quas dolor dolor sapiente. Voluptatum fugit quam fuga sunt.',1,'images/3.jpeg',17.93,45,2,'2016-05-25 17:52:25','2016-05-25 17:52:25'),
	(52,'Et sit illo occaecati quibusdam consequatur vero aut.','Dolores numquam alias quisquam nemo rerum. Odit voluptas impedit enim.',1,'images/3.jpeg',13.67,44,4,'2016-05-25 17:52:25','2016-05-25 17:52:25'),
	(53,'Ducimus ullam voluptatem atque iure possimus assumenda.','Tempora nihil vero aut sint nihil eos sapiente. Error corrupti possimus numquam deleniti qui aspernatur et. Neque quae est iure assumenda et provident enim architecto.',1,'images/8.jpeg',74.12,29,5,'2016-05-25 17:52:25','2016-05-25 17:52:25'),
	(54,'Ut voluptate est minus ipsa et.','Dolorum sed expedita nihil non possimus error. Id dolor occaecati itaque. Eum tempora eum ut dolor sit temporibus ullam. Et quas molestiae voluptatum dignissimos blanditiis.',1,'images/10.jpeg',95.54,5,1,'2016-05-25 17:52:25','2016-05-25 17:52:25'),
	(55,'Impedit est maxime tempora aut suscipit eos.','Provident sint corrupti quia eius eveniet corporis. Qui adipisci vero ut iusto et ut. Voluptatem est earum consequatur saepe in voluptatem sit. Sit maiores quis eos nemo eum.',0,'images/3.jpeg',87.65,47,7,'2016-05-25 17:52:25','2016-05-25 17:52:25'),
	(56,'Vel odit nostrum qui.','Consequatur qui reiciendis et quod iure ratione ipsum. Fuga excepturi non exercitationem architecto ut. Corporis officiis totam iusto ea.',1,'images/6.jpeg',91.62,36,6,'2016-05-25 17:52:25','2016-05-25 17:52:25'),
	(57,'Quas aspernatur ex iure blanditiis.','Ut voluptatem sunt vitae dolorem adipisci voluptatibus tempore quisquam. Quasi facilis laboriosam sit neque. Quibusdam quae ipsa quos fugiat vel dolor. Veniam in tenetur possimus repudiandae.',1,'images/1.jpeg',55.98,49,4,'2016-05-25 17:52:25','2016-05-25 17:52:25'),
	(58,'Ut quasi et nihil exercitationem minus suscipit.','Soluta quasi praesentium ut quaerat iste magni. Enim iusto odit eum nulla voluptas. Reprehenderit omnis quasi eaque autem.',1,'vimages/10.jpeg',23.00,2,5,'2016-05-25 17:52:25','2016-05-25 17:52:25'),
	(59,'Alias quae illo est inventore et dicta.','Libero dolorem voluptas in qui excepturi eum. Quia esse quia et quia natus unde quas. Ad excepturi voluptatem et impedit aut consequatur eaque.',0,'images/5.jpeg',93.38,40,7,'2016-05-25 17:52:25','2016-05-25 17:52:25'),
	(60,'Sunt neque in vel porro.','Sunt sint in iusto tempora temporibus est incidunt. Facilis aut odit sapiente nam velit. Sint quia rerum velit qui. Laboriosam et error quia voluptas quia laborum beatae.',0,'images/5.jpeg',16.54,41,9,'2016-05-25 17:52:25','2016-05-25 17:52:25'),
	(61,'Debitis rerum delectus et atque modi dignissimos qui.','Nisi ducimus consequatur impedit id labore incidunt. Soluta voluptatem aut saepe veritatis quae. Saepe minus minima totam sit et.',0,'images/5.jpeg',25.60,37,8,'2016-05-25 17:52:25','2016-05-25 17:52:25'),
	(62,'Exercitationem provident itaque dolorum.','Vitae eos sit quis repellendus consequuntur doloribus. Quaerat aut similique earum. Voluptatum et et velit ea et sint tenetur dolores.',0,'images/6.jpeg',72.50,34,7,'2016-05-25 17:52:25','2016-05-25 17:52:25'),
	(63,'Dolores enim ex aut deserunt repellendus.','Voluptate atque delectus numquam cumque rem nisi. Veritatis explicabo eum rerum illo tempora minus corrupti. Maxime quibusdam facilis iusto amet vel rem mollitia. Aliquam sint voluptatem quo.',1,'images/9.jpeg',36.99,26,6,'2016-05-25 17:52:25','2016-05-25 17:52:25'),
	(64,'Occaecati nobis voluptatibus animi odio eaque.','Non eum quasi necessitatibus. In qui odit debitis ducimus. Et molestiae qui rerum unde aperiam inventore.',1,'images/9.jpeg',28.38,16,10,'2016-05-25 17:52:25','2016-05-25 17:52:25'),
	(65,'Quia rerum veniam officiis veniam.','Molestiae sequi et earum quis. Qui vitae corporis velit incidunt nisi amet et mollitia. Dolor quia autem excepturi non officiis suscipit voluptatem sit.',0,'images/9.jpeg',46.36,20,6,'2016-05-25 17:52:25','2016-05-25 17:52:25'),
	(66,'Deleniti et repellat quia.','Sit qui reiciendis et sit totam odio. Temporibus id iure quia voluptas et. Sit quia sint consequatur voluptatem expedita repellat. Harum itaque tenetur rem autem aut.',0,'images/5.jpeg',94.60,37,6,'2016-05-25 17:52:25','2016-05-25 17:52:25'),
	(67,'Eligendi incidunt iusto velit similique iusto consequatur hic neque.','Nam qui est amet ipsa aut. Ratione aut non eum et eos nisi. Ut quisquam non voluptas ut illum dolorem qui.',1,'images/3.jpeg',93.40,44,9,'2016-05-25 17:52:25','2016-05-25 17:52:25'),
	(68,'Qui dolor ut aspernatur ex consectetur culpa ut accusamus.','Excepturi omnis adipisci molestiae sed impedit. Ullam soluta sunt asperiores aut sed minus aliquid. Doloribus minima assumenda voluptas ut distinctio est.',1,'images/5.jpeg',97.40,41,10,'2016-05-25 17:52:25','2016-05-25 17:52:25'),
	(69,'Aut iusto numquam sapiente veniam ratione possimus animi.','Exercitationem ratione aliquam consequuntur dolorum magnam ut. Sapiente eligendi eveniet minima et modi. Et sunt earum harum eos.',0,'images/9.jpeg',82.58,8,8,'2016-05-25 17:52:25','2016-05-25 17:52:25'),
	(70,'Porro et ut ad veniam.','Voluptatibus et consequatur et. Reiciendis delectus deserunt sequi rerum itaque. Ut alias aspernatur dolor.\nIpsa et id unde rem odit voluptas. Quasi ducimus maxime alias est at nam quod.',1,'images/9.jpeg',43.76,18,10,'2016-05-25 17:52:25','2016-05-25 17:52:25'),
	(71,'Voluptatem dolor est nihil velit dolorum rem cupiditate.','Provident assumenda illum natus ex voluptas nihil quibusdam qui. Ipsum laudantium nam porro recusandae voluptas et. Eveniet necessitatibus sint consequatur voluptatum voluptates molestiae.',1,'images/8.jpeg',44.18,31,7,'2016-05-25 17:52:25','2016-05-25 17:52:25'),
	(72,'Et molestias eos rerum fugit reiciendis.','Optio omnis saepe sunt nostrum veniam quam. Voluptatem doloremque consequuntur provident labore ipsam maiores earum. Sint ullam dicta adipisci illo voluptates aspernatur repellendus.',0,'images/10.jpeg',79.11,11,9,'2016-05-25 17:52:25','2016-05-25 17:52:25'),
	(73,'Hic tenetur impedit eaque quo dicta omnis sunt.','Aut aut occaecati excepturi quidem dicta voluptatem nemo vel. Quia molestias omnis occaecati ad voluptas iure. Ipsum illum omnis tempora rerum. Vero dignissimos voluptatem adipisci nemo corporis.',1,'images/10.jpeg',12.84,5,3,'2016-05-25 17:52:25','2016-05-25 17:52:25'),
	(74,'Quidem et totam voluptatibus et.','Dolor quasi et praesentium et. Reprehenderit fugiat aut deserunt velit. Modi quis numquam deserunt impedit occaecati aut nam. Aut fuga et quis in alias atque aut.',1,'images/4.jpeg',52.27,42,5,'2016-05-25 17:52:25','2016-05-25 17:52:25'),
	(75,'Et quam et ab qui.','Perferendis nihil nisi sequi eos. Est est sapiente rerum nulla perferendis sit illum. Beatae omnis eligendi ullam molestiae explicabo. Ex consectetur saepe commodi tempore et dolorum iure.',1,'images/4.jpeg',30.82,43,9,'2016-05-25 17:52:25','2016-05-25 17:52:25'),
	(76,'Ut enim ut aperiam minus ab deleniti expedita magni.','Et qui et sunt facilis repellendus repellendus. Autem recusandae rerum minus ut. Quia reprehenderit autem quo nihil. Blanditiis et ea sunt a aut quia doloremque.',1,'images/1.jpeg',20.67,49,3,'2016-05-25 17:52:25','2016-05-25 17:52:25'),
	(77,'Quibusdam ut numquam ex dolorem sunt.','Cumque perferendis fugiat ut omnis commodi. Sapiente est omnis sit asperiores vel nostrum. Qui et tempore vitae consequuntur. Et labore et ducimus voluptas quibusdam cum. Dolorum sunt repellat a qui.',1,'images/10.jpeg',45.34,5,10,'2016-05-25 17:52:25','2016-05-25 17:52:25'),
	(78,'Voluptatem sed et nam molestias sunt voluptate sapiente labore.','Eos voluptatibus eveniet nobis esse voluptas consequuntur rerum. Tempora voluptatibus sapiente vero aut. Est et ut eius excepturi.',1,'images/6.jpeg',56.46,35,8,'2016-05-25 17:52:25','2016-05-25 17:52:25'),
	(79,'Itaque impedit dicta praesentium qui.','Sint alias est odit doloribus. Sit ut culpa ducimus hic aut.',0,'images/2.jpeg',55.97,48,3,'2016-05-25 17:52:25','2016-05-25 17:52:25'),
	(80,'Consequatur excepturi provident molestias asperiores est aliquid est.','Est et maiores ratione quia officiis. Doloremque voluptatum dolorem dolorem voluptates. Sunt vero eaque qui reprehenderit in.',0,'images/9.jpeg',58.49,17,5,'2016-05-25 17:52:25','2016-05-25 17:52:25'),
	(81,'Aperiam incidunt provident qui.','Quia qui quia et. Saepe saepe rerum et suscipit veritatis. Recusandae alias ipsum aliquam. Aut odit quaerat voluptas voluptas reiciendis pariatur qui id.',1,'images/9.jpeg',38.24,23,7,'2016-05-25 17:52:25','2016-05-25 17:52:25'),
	(82,'Nemo quia commodi quibusdam soluta exercitationem.','Quia aliquam quibusdam perspiciatis sunt numquam cupiditate itaque. Ea illum odit saepe tempore. Enim perferendis numquam nisi tempore.',0,'images/8.jpeg',80.46,29,1,'2016-05-25 17:52:25','2016-05-25 17:52:25'),
	(83,'Explicabo omnis ut sunt alias sit iste.','Minima qui voluptatibus ullam saepe impedit possimus voluptatem aliquam. Cupiditate molestias velit illum optio harum. Consectetur nemo laudantium eveniet quis enim voluptate.',0,'images/10.jpeg',12.64,5,5,'2016-05-25 17:52:25','2016-05-25 17:52:25'),
	(84,'Ex rem et recusandae porro accusamus rerum ea quos.','Sit consequatur blanditiis fuga expedita aut saepe quas. Dolores quos occaecati magni et blanditiis libero beatae. Illo pariatur et doloribus. Similique sunt enim quam molestiae eos ut architecto.',0,'images/1.jpeg',45.96,49,3,'2016-05-25 17:52:25','2016-05-25 17:52:25'),
	(85,'Amet dolor dolorem ut quae.','Non et cupiditate quia et molestiae. Aut dolorem mollitia aut exercitationem praesentium debitis cum neque. Illo et eos omnis est. Magni eum aut aut aliquam iusto et.',0,'images/9.jpeg',45.73,12,10,'2016-05-25 17:52:25','2016-05-25 17:52:25'),
	(86,'Voluptatibus quia id recusandae incidunt quos nemo quo.','Nobis molestias neque aspernatur. Quae nam voluptatibus necessitatibus cupiditate ut ratione. Est corrupti et minima accusantium repudiandae quod et. Odio modi ut nemo.',1,'images/8.jpeg',36.33,30,5,'2016-05-25 17:52:25','2016-05-25 17:52:25'),
	(87,'Vitae corporis sed numquam nemo qui ea nihil.','Ut dolor saepe voluptatem ut velit consequatur dolores. Quisquam hic dolorem eveniet asperiores. Reprehenderit eligendi voluptatibus distinctio sunt.',1,'images/8.jpeg',16.10,27,4,'2016-05-25 17:52:25','2016-05-25 17:52:25'),
	(88,'Et quis aut et eum illum tenetur.','Eos reiciendis qui pariatur. Debitis nam voluptatum sint architecto temporibus. Velit libero voluptatibus aut quod sit. Doloribus beatae praesentium consequuntur explicabo quibusdam aperiam.',0,'images/8.jpeg',79.98,31,1,'2016-05-25 17:52:25','2016-05-25 17:52:25'),
	(89,'Soluta officia molestiae vel hic quia iste.','Ratione illo magni quos tenetur animi aliquid molestiae. Minima excepturi natus ut dolore et. Et autem voluptatem aut similique omnis excepturi dolores cum.',0,'images/9.jpeg',32.94,16,9,'2016-05-25 17:52:25','2016-05-25 17:52:25'),
	(90,'Eveniet quo explicabo saepe consequatur eum ut adipisci.','Quam neque sit odit eveniet aut consequuntur ut. Tempore amet officiis amet a reprehenderit tempora facilis.',1,'images/10.jpeg',33.84,2,2,'2016-05-25 17:52:25','2016-05-25 17:52:25'),
	(91,'Vero esse est suscipit nisi quaerat.','Rerum recusandae aliquam eius optio repudiandae quasi. Magni adipisci veniam delectus velit ipsam sed qui voluptas. Dolor id vel rerum aut molestiae aperiam est.',1,'images/4.jpeg',30.10,44,8,'2016-05-25 17:52:25','2016-05-25 17:52:25'),
	(92,'Voluptates accusantium dolorem sed quisquam praesentium fugiat.','Dolorem amet fugit quae expedita quo qui nobis. Animi illum laborum non tempora sunt ipsum quidem. Ut maxime neque fuga quo.',1,'images/9.jpeg',49.83,21,5,'2016-05-25 17:52:25','2016-05-25 17:52:25'),
	(93,'Officia et est perferendis.','Voluptas eum nobis ut dolore libero. Quis dolorum iure eos eaque. Iste ut fugiat porro nisi natus laborum.',1,'images/7.jpeg',54.39,34,9,'2016-05-25 17:52:25','2016-05-25 17:52:25'),
	(94,'Et cum in numquam qui incidunt provident officia.','Qui quia animi qui corrupti delectus illum. Saepe fugiat provident nesciunt non omnis. Et incidunt nisi mollitia quam enim quae. Voluptatibus explicabo architecto vero.',0,'images/2.jpeg',58.85,48,2,'2016-05-25 17:52:25','2016-05-25 17:52:25'),
	(95,'Dolorum minima reprehenderit id ab aperiam aspernatur molestiae.','Dolorem natus alias quae incidunt. Debitis sapiente consequatur maxime delectus sit cupiditate quae. Totam quas facere unde magnam voluptas accusantium. Animi aut quo explicabo.',1,'images/8.jpeg',14.00,28,2,'2016-05-25 17:52:25','2016-05-25 17:52:25'),
	(96,'Ad blanditiis quidem officiis minus qui voluptas culpa.','Est sit fugiat ea sit aut eveniet dolorem. Sint architecto iste sunt occaecati voluptatem.',0,'images/10.jpeg',32.32,3,2,'2016-05-25 17:52:25','2016-05-25 17:52:25'),
	(97,'Dolores sequi quis tempore praesentium tempora.','Et fugiat quis aut corrupti. Quidem est vel consequatur quis quo ipsam nihil. Aut ut veniam sed dicta ea velit.',1,'images/9.jpeg',18.30,12,10,'2016-05-25 17:52:25','2016-05-25 17:52:25'),
	(98,'Sunt repudiandae velit voluptates cupiditate quia quia mollitia.','Voluptate magni tempora laborum. Delectus maiores odio quisquam dolorem iste adipisci est possimus. Omnis rerum hic corrupti voluptatem doloribus. Dolor labore accusantium sed animi enim.',1,'images/7.jpeg',75.10,32,2,'2016-05-25 17:52:25','2016-05-25 17:52:25'),
	(99,'Cupiditate eum qui et ut qui cupiditate necessitatibus.','Est qui sint quis ullam consequatur magni dicta consequatur. Aut aliquam quaerat rem quis odio architecto fugiat. Necessitatibus voluptatem iste debitis delectus.',0,'images/7.jpeg',49.42,32,10,'2016-05-25 17:52:25','2016-05-25 17:52:25'),
	(100,'Voluptatem sint dignissimos odit aut officiis incidunt sed.','Dolor enim id et. Aspernatur vero eaque sed rerum magni sed. Quos assumenda harum eaque animi aperiam sit dolor. Reprehenderit tempore ea impedit.',1,'images/9.jpeg',34.14,22,5,'2016-05-25 17:52:25','2016-05-25 17:52:25'),
	(103,'   ','                           .           -  -     \"       \"   ( )   .                     \"lorem ipsum\"             .                       .\r\n',1,'images/Items/2016-06-10-09-30-11_b62a637ebbe872ad0b019a6472b2f2241c172697.jpeg',0.00,28,1053,'2016-06-10 20:30:11','2016-06-10 20:30:11'),
	(104,'   d','                           .           -  -     \"       \"   ( )   .                     \"lorem ipsum\"             .                       .\r\n',1,'images/Items/2016-06-10-09-32-36_b62a637ebbe872ad0b019a6472b2f2241c172697.jpeg',0.00,28,1053,'2016-06-10 20:32:36','2016-06-10 20:32:36'),
	(106,'   ddd','                           .           -  -     \"       \"   ( )   .                     \"lorem ipsum\"             .                       .\r\n',1,'images/Items/2016-06-10-09-32-58_b62a637ebbe872ad0b019a6472b2f2241c172697.jpeg',0.00,28,1053,'2016-06-10 20:32:58','2016-06-10 20:32:58'),
	(108,'   ','                           .           -  -     \"       \"   ( )   .                     \"lorem ipsum\"             .                       .\r\n\r\n',0,'images/Items/2016-06-10-09-34-58_4316d69aa861780dc3082252c9b8a355e4375a96.jpeg',0.00,41,1053,'2016-06-10 20:34:58','2016-06-10 20:34:58'),
	(109,'sss   ','                           .           -  -     \"       \"   ( )   .                     \"lorem ipsum\"             .                       .\r\n\r\n',0,'images/Items/2016-06-10-09-37-36_4316d69aa861780dc3082252c9b8a355e4375a96.jpeg',0.00,41,1053,'2016-06-10 20:37:36','2016-06-10 20:37:36'),
	(111,'sss   xxx','                           .           -  -     \"       \"   ( )   .                     \"lorem ipsum\"             .                       .\r\n\r\n',0,'images/Items/2016-06-10-09-38-07_4316d69aa861780dc3082252c9b8a355e4375a96.jpeg',0.00,41,1053,'2016-06-10 20:38:07','2016-06-10 20:38:07'),
	(112,'sss   xxxdd','                           .           -  -     \"       \"   ( )   .                     \"lorem ipsum\"             .                       .\r\n\r\n',0,'images/Items/2016-06-10-09-38-20_4316d69aa861780dc3082252c9b8a355e4375a96.jpeg',0.00,41,1053,'2016-06-10 20:38:20','2016-06-10 20:38:20'),
	(113,'sss   xxxdds','                           .           -  -     \"       \"   ( )   .                     \"lorem ipsum\"             .                       .\r\n\r\n',0,'images/Items/2016-06-10-09-38-43_4316d69aa861780dc3082252c9b8a355e4375a96.jpeg',0.00,41,1053,'2016-06-10 20:38:43','2016-06-10 20:38:43'),
	(114,'   d','                           .           -  -     \"       \"   ( )   .                     \"lorem ipsum\"             .                       .\r\n\r\n',1,'images/Items/2016-06-10-09-39-16_b62a637ebbe872ad0b019a6472b2f2241c172697.jpeg',0.00,28,1053,'2016-06-10 20:39:16','2016-06-10 20:39:16'),
	(116,'   d','                           .           -  -     \"       \"   ( )   .                     \"lorem ipsum\"             .                       .\r\n\r\n',1,'images/Items/2016-06-10-09-39-41_b62a637ebbe872ad0b019a6472b2f2241c172697.jpeg',0.00,28,1053,'2016-06-10 20:39:41','2016-06-10 20:39:41'),
	(117,'   d','                           .           -  -     \"       \"   ( )   .                     \"lorem ipsum\"             .                       .\r\n\r\n',1,'images/Items/2016-06-10-09-40-31_b62a637ebbe872ad0b019a6472b2f2241c172697.jpeg',0.00,28,1053,'2016-06-10 20:40:31','2016-06-10 20:40:31'),
	(118,'s   d','                           .           -  -     \"       \"   ( )   .                     \"lorem ipsum\"             .                       .\r\n\r\n',1,'images/Items/2016-06-10-09-42-42_b62a637ebbe872ad0b019a6472b2f2241c172697.jpeg',0.00,28,1053,'2016-06-10 20:42:42','2016-06-10 20:42:42'),
	(119,'s   ds','                           .           -  -     \"       \"   ( )   .                     \"lorem ipsum\"             .                       .\r\n\r\n',1,'images/Items/2016-06-10-09-43-18_b62a637ebbe872ad0b019a6472b2f2241c172697.jpeg',0.00,28,1053,'2016-06-10 20:43:18','2016-06-10 20:43:18'),
	(120,'s   dss','                           .           -  -     \"       \"   ( )   .                     \"lorem ipsum\"             .                       .\r\n\r\n',1,'images/Items/2016-06-10-09-43-36_b62a637ebbe872ad0b019a6472b2f2241c172697.jpeg',0.00,28,1053,'2016-06-10 20:43:36','2016-06-10 20:43:36'),
	(121,'s   dssd','                           .           -  -     \"       \"   ( )   .                     \"lorem ipsum\"             .                       .\r\n\r\n',1,'images/Items/2016-06-10-09-43-54_b62a637ebbe872ad0b019a6472b2f2241c172697.jpeg',0.00,28,1053,'2016-06-10 20:43:54','2016-06-10 20:43:54'),
	(122,'s   dssde','                           .           -  -     \"       \"   ( )   .                     \"lorem ipsum\"             .                       .\r\n\r\n',1,'images/Items/2016-06-10-09-44-12_b62a637ebbe872ad0b019a6472b2f2241c172697.jpeg',0.00,28,1053,'2016-06-10 20:44:12','2016-06-10 20:44:12'),
	(123,'ffff','ffff',1,'images/Items/2016-06-10-09-44-29_b62a637ebbe872ad0b019a6472b2f2241c172697.jpeg',0.00,32,1053,'2016-06-10 20:44:29','2016-06-10 20:44:29'),
	(125,'ss','ssss',1,'images/Items/2016-06-10-09-45-51_4316d69aa861780dc3082252c9b8a355e4375a96.jpeg',0.00,41,1053,'2016-06-10 20:45:51','2016-06-10 20:45:51'),
	(126,'ffffffss','fff',1,'images/Items/2016-06-10-09-47-35_b62a637ebbe872ad0b019a6472b2f2241c172697.jpeg',0.00,32,1053,'2016-06-10 20:47:35','2016-06-10 20:47:35'),
	(128,'ssffffffss','fffss',1,'images/Items/2016-06-10-09-48-08_b62a637ebbe872ad0b019a6472b2f2241c172697.jpeg',0.00,32,1053,'2016-06-10 20:48:08','2016-06-10 20:48:08'),
	(130,'ssffffffsss','fffss',1,'images/Items/2016-06-10-09-48-27_b62a637ebbe872ad0b019a6472b2f2241c172697.jpeg',0.00,32,1053,'2016-06-10 20:48:27','2016-06-10 20:48:27'),
	(131,'sssffffffsss','fffss',1,'images/Items/2016-06-10-09-49-02_b62a637ebbe872ad0b019a6472b2f2241c172697.jpeg',0.00,32,1053,'2016-06-10 20:49:02','2016-06-10 20:49:02'),
	(132,'sssffffffssss','fffss',1,'images/Items/2016-06-10-09-49-28_b62a637ebbe872ad0b019a6472b2f2241c172697.jpeg',0.00,32,1053,'2016-06-10 20:49:28','2016-06-10 20:49:28'),
	(133,'     ','     ',1,'images/Items/2016-06-17-11-01-20_b62a637ebbe872ad0b019a6472b2f2241c172697.jpeg',2.33,28,1053,'2016-06-17 10:01:20','2016-06-17 10:01:20'),
	(134,'      dd','                                     ',1,'images/Items/2016-06-17-11-02-58_b62a637ebbe872ad0b019a6472b2f2241c172697.jpeg',23.90,28,1053,'2016-06-17 10:02:58','2016-06-17 10:03:42');

/*!40000 ALTER TABLE `items` ENABLE KEYS */;
UNLOCK TABLES;


# Dump of table meal_item
# ------------------------------------------------------------

DROP TABLE IF EXISTS `meal_item`;

CREATE TABLE `meal_item` (
  `id` int(10) unsigned NOT NULL AUTO_INCREMENT,
  `discount` int(11) NOT NULL,
  `meal_id` int(10) unsigned NOT NULL,
  `item_id` int(10) unsigned NOT NULL,
  `created_at` timestamp NULL DEFAULT NULL,
  `updated_at` timestamp NULL DEFAULT NULL,
  PRIMARY KEY (`id`),
  KEY `meal_item_meal_id_foreign` (`meal_id`),
  KEY `meal_item_item_id_foreign` (`item_id`),
  CONSTRAINT `meal_item_item_id_foreign` FOREIGN KEY (`item_id`) REFERENCES `items` (`id`),
  CONSTRAINT `meal_item_meal_id_foreign` FOREIGN KEY (`meal_id`) REFERENCES `meals` (`id`)
) ENGINE=InnoDB DEFAULT CHARSET=utf8 COLLATE=utf8_unicode_ci;

LOCK TABLES `meal_item` WRITE;
/*!40000 ALTER TABLE `meal_item` DISABLE KEYS */;

INSERT INTO `meal_item` (`id`, `discount`, `meal_id`, `item_id`, `created_at`, `updated_at`)
VALUES
	(1,57,49,84,'2016-05-25 18:11:33','2016-05-25 18:11:33'),
	(2,94,100,85,'2016-05-25 18:11:33','2016-05-25 18:11:33'),
	(3,84,53,91,'2016-05-25 18:11:33','2016-05-25 18:11:33'),
	(4,80,82,75,'2016-05-25 18:11:33','2016-05-25 18:11:33'),
	(5,77,38,97,'2016-05-25 18:11:33','2016-05-25 18:11:33'),
	(6,10,6,24,'2016-05-25 18:11:33','2016-05-25 18:11:33'),
	(7,42,77,91,'2016-05-25 18:11:33','2016-05-25 18:11:33'),
	(8,31,77,31,'2016-05-25 18:11:33','2016-05-25 18:11:33'),
	(9,59,84,65,'2016-05-25 18:11:33','2016-05-25 18:11:33'),
	(10,46,27,44,'2016-05-25 18:11:33','2016-05-25 18:11:33'),
	(11,18,42,35,'2016-05-25 18:11:33','2016-05-25 18:11:33'),
	(12,60,16,59,'2016-05-25 18:11:33','2016-05-25 18:11:33'),
	(13,94,50,51,'2016-05-25 18:11:33','2016-05-25 18:11:33'),
	(14,1,41,29,'2016-05-25 18:11:33','2016-05-25 18:11:33'),
	(15,92,3,49,'2016-05-25 18:11:33','2016-05-25 18:11:33'),
	(16,68,10,32,'2016-05-25 18:11:33','2016-05-25 18:11:33'),
	(17,18,61,98,'2016-05-25 18:11:33','2016-05-25 18:11:33'),
	(18,75,62,89,'2016-05-25 18:11:33','2016-05-25 18:11:33'),
	(19,1,43,57,'2016-05-25 18:11:33','2016-05-25 18:11:33'),
	(20,38,20,70,'2016-05-25 18:11:33','2016-05-25 18:11:33'),
	(21,72,42,31,'2016-05-25 18:11:33','2016-05-25 18:11:33'),
	(22,56,43,46,'2016-05-25 18:11:33','2016-05-25 18:11:33'),
	(23,50,87,37,'2016-05-25 18:11:33','2016-05-25 18:11:33'),
	(24,10,14,83,'2016-05-25 18:11:33','2016-05-25 18:11:33'),
	(25,3,75,77,'2016-05-25 18:11:33','2016-05-25 18:11:33'),
	(26,12,32,98,'2016-05-25 18:11:33','2016-05-25 18:11:33'),
	(27,40,53,92,'2016-05-25 18:11:33','2016-05-25 18:11:33'),
	(28,28,59,51,'2016-05-25 18:11:33','2016-05-25 18:11:33'),
	(29,16,10,98,'2016-05-25 18:11:33','2016-05-25 18:11:33'),
	(30,58,44,62,'2016-05-25 18:11:33','2016-05-25 18:11:33'),
	(31,12,40,78,'2016-05-25 18:11:33','2016-05-25 18:11:33'),
	(32,23,53,80,'2016-05-25 18:11:33','2016-05-25 18:11:33'),
	(33,71,3,37,'2016-05-25 18:11:33','2016-05-25 18:11:33'),
	(34,31,6,92,'2016-05-25 18:11:33','2016-05-25 18:11:33'),
	(35,28,61,93,'2016-05-25 18:11:33','2016-05-25 18:11:33'),
	(36,72,9,44,'2016-05-25 18:11:33','2016-05-25 18:11:33'),
	(37,42,21,99,'2016-05-25 18:11:33','2016-05-25 18:11:33'),
	(38,76,41,20,'2016-05-25 18:11:33','2016-05-25 18:11:33'),
	(39,38,37,98,'2016-05-25 18:11:33','2016-05-25 18:11:33'),
	(40,58,93,54,'2016-05-25 18:11:33','2016-05-25 18:11:33'),
	(41,20,69,29,'2016-05-25 18:11:33','2016-05-25 18:11:33'),
	(42,86,22,3,'2016-05-25 18:11:33','2016-05-25 18:11:33'),
	(43,54,78,51,'2016-05-25 18:11:33','2016-05-25 18:11:33'),
	(44,1,82,62,'2016-05-25 18:11:33','2016-05-25 18:11:33'),
	(45,93,39,94,'2016-05-25 18:11:33','2016-05-25 18:11:33'),
	(46,55,6,90,'2016-05-25 18:11:33','2016-05-25 18:11:33'),
	(47,88,5,34,'2016-05-25 18:11:33','2016-05-25 18:11:33'),
	(48,1,61,65,'2016-05-25 18:11:33','2016-05-25 18:11:33'),
	(49,56,48,20,'2016-05-25 18:11:33','2016-05-25 18:11:33'),
	(50,58,87,89,'2016-05-25 18:11:33','2016-05-25 18:11:33'),
	(52,17,89,71,'2016-05-25 18:11:33','2016-05-25 18:11:33'),
	(53,20,2,27,'2016-05-25 18:11:33','2016-05-25 18:11:33'),
	(54,71,62,12,'2016-05-25 18:11:33','2016-05-25 18:11:33'),
	(55,39,26,74,'2016-05-25 18:11:33','2016-05-25 18:11:33'),
	(56,71,99,54,'2016-05-25 18:11:33','2016-05-25 18:11:33'),
	(57,15,72,12,'2016-05-25 18:11:33','2016-05-25 18:11:33'),
	(58,82,90,99,'2016-05-25 18:11:33','2016-05-25 18:11:33'),
	(59,66,49,16,'2016-05-25 18:11:33','2016-05-25 18:11:33'),
	(60,94,49,31,'2016-05-25 18:11:33','2016-05-25 18:11:33'),
	(61,54,62,68,'2016-05-25 18:11:33','2016-05-25 18:11:33'),
	(62,14,99,34,'2016-05-25 18:11:33','2016-05-25 18:11:33'),
	(63,12,4,95,'2016-05-25 18:11:33','2016-05-25 18:11:33'),
	(64,16,20,73,'2016-05-25 18:11:33','2016-05-25 18:11:33'),
	(65,67,85,45,'2016-05-25 18:11:33','2016-05-25 18:11:33'),
	(66,53,4,68,'2016-05-25 18:11:33','2016-05-25 18:11:33'),
	(67,32,83,55,'2016-05-25 18:11:33','2016-05-25 18:11:33'),
	(68,12,87,4,'2016-05-25 18:11:33','2016-05-25 18:11:33'),
	(69,98,94,45,'2016-05-25 18:11:33','2016-05-25 18:11:33'),
	(70,89,8,61,'2016-05-25 18:11:33','2016-05-25 18:11:33'),
	(71,51,77,41,'2016-05-25 18:11:33','2016-05-25 18:11:33'),
	(72,93,36,20,'2016-05-25 18:11:33','2016-05-25 18:11:33'),
	(73,66,53,49,'2016-05-25 18:11:33','2016-05-25 18:11:33'),
	(74,3,39,93,'2016-05-25 18:11:33','2016-05-25 18:11:33'),
	(75,9,21,68,'2016-05-25 18:11:33','2016-05-25 18:11:33'),
	(76,62,40,11,'2016-05-25 18:11:33','2016-05-25 18:11:33'),
	(77,44,44,63,'2016-05-25 18:11:33','2016-05-25 18:11:33'),
	(78,56,49,59,'2016-05-25 18:11:33','2016-05-25 18:11:33'),
	(79,11,84,70,'2016-05-25 18:11:33','2016-05-25 18:11:33'),
	(80,59,41,14,'2016-05-25 18:11:33','2016-05-25 18:11:33'),
	(81,97,96,69,'2016-05-25 18:11:33','2016-05-25 18:11:33'),
	(82,48,97,37,'2016-05-25 18:11:33','2016-05-25 18:11:33'),
	(83,33,76,51,'2016-05-25 18:11:33','2016-05-25 18:11:33'),
	(84,97,71,59,'2016-05-25 18:11:33','2016-05-25 18:11:33'),
	(85,42,48,95,'2016-05-25 18:11:33','2016-05-25 18:11:33'),
	(86,30,86,78,'2016-05-25 18:11:33','2016-05-25 18:11:33'),
	(87,92,51,1,'2016-05-25 18:11:33','2016-05-25 18:11:33'),
	(88,68,98,38,'2016-05-25 18:11:33','2016-05-25 18:11:33'),
	(89,59,73,23,'2016-05-25 18:11:33','2016-05-25 18:11:33'),
	(90,45,48,19,'2016-05-25 18:11:33','2016-05-25 18:11:33'),
	(91,25,73,1,'2016-05-25 18:11:33','2016-05-25 18:11:33'),
	(92,19,62,57,'2016-05-25 18:11:33','2016-05-25 18:11:33'),
	(93,75,76,53,'2016-05-25 18:11:33','2016-05-25 18:11:33'),
	(94,11,41,44,'2016-05-25 18:11:33','2016-05-25 18:11:33'),
	(95,22,28,87,'2016-05-25 18:11:33','2016-05-25 18:11:33'),
	(96,84,67,14,'2016-05-25 18:11:33','2016-05-25 18:11:33'),
	(97,99,11,37,'2016-05-25 18:11:33','2016-05-25 18:11:33'),
	(98,21,62,6,'2016-05-25 18:11:33','2016-05-25 18:11:33'),
	(100,83,74,82,'2016-05-25 18:11:33','2016-05-25 18:11:33'),
	(101,1,108,58,'2016-06-17 10:55:57','2016-06-17 10:55:57'),
	(102,2,108,90,'2016-06-17 10:55:57','2016-06-17 10:55:57'),
	(103,1,109,58,'2016-06-17 11:03:20','2016-06-17 11:03:20'),
	(104,2,109,90,'2016-06-17 11:03:20','2016-06-17 11:03:20'),
	(105,1,110,58,'2016-06-17 11:03:53','2016-06-17 11:03:53'),
	(106,2,110,90,'2016-06-17 11:03:53','2016-06-17 11:03:53'),
	(107,1,111,58,'2016-06-17 11:04:27','2016-06-17 11:04:27'),
	(108,2,111,90,'2016-06-17 11:04:27','2016-06-17 11:04:27'),
	(109,1,112,58,'2016-06-17 11:04:41','2016-06-17 11:04:41'),
	(110,2,112,90,'2016-06-17 11:04:41','2016-06-17 11:04:41'),
	(111,1,113,58,'2016-06-17 11:04:58','2016-06-17 11:04:58'),
	(112,2,113,90,'2016-06-17 11:04:58','2016-06-17 11:04:58'),
	(113,1,114,58,'2016-06-17 11:05:09','2016-06-17 11:05:09'),
	(114,2,114,90,'2016-06-17 11:05:09','2016-06-17 11:05:09'),
	(115,1,115,58,'2016-06-17 11:06:31','2016-06-17 11:06:31'),
	(116,2,115,90,'2016-06-17 11:06:31','2016-06-17 11:06:31'),
	(135,0,117,58,'2016-06-17 12:20:38','2016-06-17 12:20:38'),
	(136,0,117,90,'2016-06-17 12:20:38','2016-06-17 12:20:38'),
	(137,0,117,70,'2016-06-17 12:20:38','2016-06-17 12:20:38'),
	(140,0,116,58,'2016-06-17 12:24:59','2016-06-17 12:24:59'),
	(141,90,116,90,'2016-06-17 12:24:59','2016-06-17 12:24:59'),
	(144,98,1,58,'2016-06-17 12:27:38','2016-06-17 12:27:38'),
	(145,16,1,90,'2016-06-17 12:27:38','2016-06-17 12:27:38');

/*!40000 ALTER TABLE `meal_item` ENABLE KEYS */;
UNLOCK TABLES;


# Dump of table meals
# ------------------------------------------------------------

DROP TABLE IF EXISTS `meals`;

CREATE TABLE `meals` (
  `id` int(10) unsigned NOT NULL AUTO_INCREMENT,
  `title` varchar(255) COLLATE utf8_unicode_ci NOT NULL,
  `description` text COLLATE utf8_unicode_ci NOT NULL,
  `status` tinyint(1) NOT NULL,
  `image` varchar(255) COLLATE utf8_unicode_ci NOT NULL,
  `price` decimal(8,2) NOT NULL,
  `user_id` int(10) unsigned NOT NULL,
  `created_at` timestamp NULL DEFAULT NULL,
  `updated_at` timestamp NULL DEFAULT NULL,
  PRIMARY KEY (`id`),
  UNIQUE KEY `meals_title_unique` (`title`),
  KEY `meals_user_id_foreign` (`user_id`),
  CONSTRAINT `meals_user_id_foreign` FOREIGN KEY (`user_id`) REFERENCES `users` (`id`)
) ENGINE=InnoDB DEFAULT CHARSET=utf8 COLLATE=utf8_unicode_ci;

LOCK TABLES `meals` WRITE;
/*!40000 ALTER TABLE `meals` DISABLE KEYS */;

INSERT INTO `meals` (`id`, `title`, `description`, `status`, `image`, `price`, `user_id`, `created_at`, `updated_at`)
VALUES
	(1,'Distinctio rerum illum labore eligendi fuga quisquam inventore et.','Repellendus et et dolorum deleniti. Enim neque eos sunt ab odit amet et. Et non error et quam magnam sed debitis. Maxime et aut quos iusto nam eum sed.dd\r\n',1,'images/5.jpeg',84.69,3,'2016-05-25 17:58:26','2016-06-17 12:09:53'),
	(2,'Consequatur qui id non sequi et in.','Consequatur quod hic itaque beatae omnis libero. Facilis officia omnis sit alias delectus adipisci et ut. Est provident ad quam et repellat.',1,'images/3.jpeg',66.00,6,'2016-05-25 17:58:26','2016-05-25 17:58:26'),
	(3,'Accusamus dolorum ut id est omnis cum.','Consequatur qui et velit et. Delectus praesentium velit sequi a est inventore. Incidunt dolores aut non illo.\nVoluptas qui velit sed quis assumenda. Consequatur minus omnis eligendi autem sit soluta.',0,'images/7.jpeg',30.66,9,'2016-05-25 17:58:26','2016-05-25 17:58:26'),
	(4,'Dolorem porro vitae quae quia perferendis.','Voluptatem qui incidunt facilis sit dicta omnis rerum. Reiciendis molestias aut minima voluptate. Sed quasi suscipit quia iure quisquam quibusdam.',0,'images/4.jpeg',19.82,3,'2016-05-25 17:58:26','2016-05-25 17:58:26'),
	(5,'Excepturi quis dolores aut eveniet dolores quam sunt.','Reiciendis rerum harum libero expedita culpa eos tenetur. Dignissimos iste quos a. Aperiam vitae sint commodi neque nam.',1,'images/7.jpeg',61.39,2,'2016-05-25 17:58:26','2016-05-25 17:58:26'),
	(6,'Modi cupiditate in asperiores ducimus soluta dolorem.','Voluptatem maiores et cupiditate totam. Repellat dolore harum eos aut. Quam et deleniti veniam recusandae.',0,'images/10.jpeg',38.48,4,'2016-05-25 17:58:26','2016-05-25 17:58:26'),
	(7,'Voluptate a atque eum quasi dolorem et eius delectus.','Praesentium voluptatem delectus sequi exercitationem aut accusantium. Est eum atque necessitatibus facilis aspernatur error. Eligendi eius voluptatem vel porro accusantium cupiditate repudiandae.',1,'images/10.jpeg',18.00,8,'2016-05-25 17:58:26','2016-05-25 17:58:26'),
	(8,'Possimus aut est et.','Animi aut accusamus dolorem. Itaque ut fuga consectetur. Maiores adipisci consequuntur qui.',0,'images/4.jpeg',16.19,10,'2016-05-25 17:58:26','2016-05-25 17:58:26'),
	(9,'Possimus facilis adipisci consequuntur veritatis veritatis.','Est aut quaerat qui provident. Voluptatem placeat aperiam odit impedit labore sit. Quaerat enim consequatur nobis. Quaerat et facere accusamus aut ad dolores.',0,'images/10.jpeg',91.86,9,'2016-05-25 17:58:26','2016-05-25 17:58:26'),
	(10,'Omnis nobis quisquam ad laboriosam iste libero.','Quia ut molestias eveniet facilis placeat consequatur. Eos aliquid velit facilis unde. Dolorem quis quae nobis quia. Et eos voluptas enim id vel modi dolore.',1,'images/5.jpeg',82.55,2,'2016-05-25 17:58:26','2016-05-25 17:58:26'),
	(11,'Sed laudantium molestias totam fuga qui.','Assumenda quos eaque tenetur molestiae. Enim ipsa omnis quae quia quos quidem fugit. Est quo ea iusto consectetur minus dolorem.',0,'images/4.jpeg',81.28,8,'2016-05-25 17:58:26','2016-05-25 17:58:26'),
	(12,'Modi dolores totam ut et adipisci est.','Eaque eum et voluptas tempore voluptatum. Maiores quibusdam non optio quasi. Odio ex nemo reprehenderit vero numquam saepe. Incidunt distinctio consequatur unde qui nobis eum.',1,'images/5.jpeg',47.69,6,'2016-05-25 17:58:26','2016-05-25 17:58:26'),
	(13,'Enim dignissimos est nihil aut.','Non dolor vero dolore quod esse ad quibusdam distinctio. Qui reprehenderit et est corporis. At quia dolor velit architecto neque magnam. Officiis in iste in quos.',0,'images/5.jpeg',45.10,9,'2016-05-25 17:58:26','2016-05-25 17:58:26'),
	(14,'Qui est molestiae expedita.','Corrupti laudantium rerum velit quae odio rerum. Repudiandae ab molestiae quia suscipit dolore magnam repudiandae. Possimus distinctio suscipit quo quod aperiam.',1,'images/3.jpeg',39.65,2,'2016-05-25 17:58:26','2016-05-25 17:58:26'),
	(15,'Est est necessitatibus sequi quo libero cum quaerat.','Et voluptatem est nisi similique. Consequatur itaque quia laboriosam aut. Tempore inventore et sed saepe.',1,'images/6.jpeg',99.90,4,'2016-05-25 17:58:26','2016-05-25 17:58:26'),
	(16,'Veniam consequatur similique vitae eos deserunt reiciendis in aliquid.','Suscipit quia sed occaecati nam. Cupiditate officiis qui impedit et aspernatur quae libero. Vel impedit cum dolores aut et.',1,'images/10.jpeg',32.56,2,'2016-05-25 17:58:26','2016-05-25 17:58:26'),
	(17,'Non vero quod quaerat qui aut.','Ab doloremque aut voluptas odit voluptas ullam labore. Molestiae vel tempora ipsum odit est. Enim sint suscipit temporibus qui beatae maiores. Aperiam dolor molestiae aut ex voluptatem doloribus.',1,'images/3.jpeg',82.53,5,'2016-05-25 17:58:26','2016-05-25 17:58:26'),
	(18,'Beatae id dolores sed odio.','Quia explicabo et sed qui eum cum distinctio. Nisi qui qui molestias voluptates. Officia adipisci autem quasi et incidunt quo. Est ad ipsum et velit perspiciatis sunt.',1,'images/5.jpeg',10.04,7,'2016-05-25 17:58:26','2016-05-25 17:58:26'),
	(19,'Doloremque quod quis praesentium nobis rerum eveniet.','Voluptas sequi est quia numquam ea. Voluptatem aut velit adipisci at. Possimus repellendus nemo porro sed ut ut. Voluptate ut et autem veniam necessitatibus ipsa quam.',1,'images/3.jpeg',72.00,8,'2016-05-25 17:58:26','2016-05-25 17:58:26'),
	(20,'Culpa est quia libero sunt nesciunt.','Dolore quis ab optio. Occaecati distinctio ut est dolor occaecati consequatur dolor. Quaerat et eius iure eaque voluptas iste ipsa pariatur.',0,'images/5.jpeg',69.76,2,'2016-05-25 17:58:26','2016-05-25 17:58:26'),
	(21,'Voluptatum est nostrum incidunt facere.','Rerum omnis eligendi iusto aut molestias repellendus fugiat. Nihil similique deleniti fugiat placeat laborum vero. Qui qui odio omnis laboriosam quia rerum porro.',1,'images/4.jpeg',78.36,8,'2016-05-25 17:58:26','2016-05-25 17:58:26'),
	(22,'Harum minus est nobis et labore quia quae.','In consequuntur voluptatum natus placeat sint neque labore non. Ut et necessitatibus aperiam saepe deserunt. Ut nam veritatis et debitis ipsam. Vero quia provident nesciunt repellat tempora enim.',1,'images/3.jpeg',75.39,9,'2016-05-25 17:58:26','2016-05-25 17:58:26'),
	(23,'Ut occaecati vel officiis.','Est accusantium veniam inventore enim soluta quia. Ea id ducimus omnis tempore ut. Iste autem et amet veniam suscipit ab minus.',1,'images/3.jpeg',46.11,4,'2016-05-25 17:58:26','2016-05-25 17:58:26'),
	(24,'Ea error sunt quis et necessitatibus.','Vel inventore rerum officia. Aut itaque dolorem sit id maiores tenetur. Quisquam omnis labore praesentium enim occaecati magnam officiis. Perspiciatis quia laboriosam nobis alias et recusandae.',1,'images/3.jpeg',96.97,6,'2016-05-25 17:58:26','2016-05-25 17:58:26'),
	(25,'Amet voluptatem vel enim nisi repudiandae aut id.','Cum saepe unde nam quia repudiandae animi. Amet in ea sapiente quas quia et accusamus. Beatae magni nostrum voluptatibus explicabo eos dolore.',0,'images/3.jpeg',24.19,2,'2016-05-25 17:58:26','2016-05-25 17:58:26'),
	(26,'Minima id numquam vero debitis.','Quas velit dignissimos sed tenetur tempora dignissimos. Eos nesciunt aut deserunt sit omnis et excepturi occaecati. Distinctio et nisi et magnam. Vitae reiciendis dolore occaecati.',0,'images/8.jpeg',72.35,8,'2016-05-25 17:58:26','2016-05-25 17:58:26'),
	(27,'Earum aperiam recusandae consequatur architecto.','Quis id et aliquam totam qui sit aut. Consequatur consequatur et voluptatum. Voluptatem facere qui itaque. Laboriosam qui maiores quia quo a rerum aliquid quidem.',1,'images/3.jpeg',98.45,7,'2016-05-25 17:58:26','2016-05-25 17:58:26'),
	(28,'Aut velit omnis perspiciatis expedita et et.','Inventore dolores nemo omnis fugit. Omnis et quaerat aperiam delectus. Assumenda et perferendis voluptatem. Quasi est consequatur nemo aut hic exercitationem et.',0,'images/6.jpeg',99.48,4,'2016-05-25 17:58:26','2016-05-25 17:58:26'),
	(29,'Consequatur in asperiores aut sequi perferendis non deserunt.','Officia explicabo saepe repudiandae distinctio quis voluptatem. Sed voluptas rerum vero incidunt ut aliquam aliquam.\nUt aspernatur id esse deleniti soluta. Nostrum aut et reprehenderit est.',0,'images/1.jpeg',74.14,1,'2016-05-25 17:58:26','2016-05-25 17:58:26'),
	(30,'Pariatur dolores perspiciatis dicta officia nihil autem sed rem.','Dicta odio alias vitae similique vel. Ad veritatis est velit voluptatum perferendis quas. Possimus qui ut enim est et.',1,'images/5.jpeg',23.00,4,'2016-05-25 17:58:26','2016-05-25 17:58:26'),
	(31,'Mollitia quis asperiores eos vel.','Culpa modi quibusdam reprehenderit eum. Quisquam voluptatem tempora soluta voluptates. Veniam voluptatem provident est architecto iusto in enim. Quia fuga ut qui et dicta voluptas eaque.',1,'images/5.jpeg',51.60,5,'2016-05-25 17:58:26','2016-05-25 17:58:26'),
	(32,'Dicta ipsa aspernatur dolores sint praesentium.','Non quia optio rerum pariatur at. Qui ullam et dolor dolor. Eos esse nihil odio qui tenetur saepe illo.',0,'images/4.jpeg',50.73,2,'2016-05-25 17:58:26','2016-05-25 17:58:26'),
	(33,'Doloremque labore amet praesentium molestiae.','Aut aut eum adipisci et. Quia facilis qui quam ab ea. Inventore praesentium numquam non voluptatem ab quae. Quis nulla soluta cupiditate et sequi aut.',1,'images/7.jpeg',37.00,2,'2016-05-25 17:58:26','2016-05-25 17:58:26'),
	(34,'Dolorem eveniet corporis est.','Minus cupiditate eveniet quo. Modi numquam enim qui. Sit id et et voluptas. Autem ad quo est sed corporis sit.',1,'images/11.jpeg',90.10,1,'2016-05-25 17:58:26','2016-05-25 17:58:26'),
	(35,'Laudantium tenetur in minus qui sit at.','In quam minima voluptatem. Placeat reiciendis totam porro aut iste. Rerum quis occaecati nihil et nobis est eligendi.',0,'images/8.jpeg',70.00,5,'2016-05-25 17:58:26','2016-05-25 17:58:26'),
	(36,'Quo non est at id quas modi.','Et pariatur ad possimus sapiente placeat. Dolores temporibus qui non et quae et aspernatur veritatis.',1,'images/11.jpeg',98.53,7,'2016-05-25 17:58:26','2016-05-25 17:58:26'),
	(37,'Illum quo assumenda quasi tempora dolor vitae.','Praesentium saepe quis sit est quia quisquam ut. Qui et harum facilis ipsum adipisci maiores et. Animi autem molestiae voluptatem. Quibusdam qui rem repudiandae sunt unde.',1,'images/10.jpeg',38.70,1,'2016-05-25 17:58:26','2016-05-25 17:58:26'),
	(38,'Nostrum omnis itaque non sit.','In explicabo unde amet rem iste sunt. Consequatur suscipit dolorem qui assumenda sit. Enim aspernatur quo consequuntur autem aliquid in officia.',0,'images/8.jpeg',13.00,1,'2016-05-25 17:58:26','2016-05-25 17:58:26'),
	(39,'Id illo animi quia dolore accusamus dolor.','Impedit hic praesentium maxime dolorem omnis unde et. Est iste nemo consequuntur fugiat. Et saepe quia eos quisquam.',1,'images/8.jpeg',37.89,3,'2016-05-25 17:58:26','2016-05-25 17:58:26'),
	(40,'Ipsa aperiam atque est.','Facilis labore id nesciunt. Sequi consequuntur animi voluptatibus aliquid ad facilis. Incidunt aut deleniti doloribus voluptatem expedita. Quis qui voluptas et aspernatur.',0,'images/9.jpeg',24.21,6,'2016-05-25 17:58:26','2016-05-25 17:58:26'),
	(41,'Molestiae perspiciatis qui ex officia.','Ex sed beatae adipisci vel eveniet in. Similique modi voluptate ut. Placeat hic id distinctio molestiae tempora corporis enim.',0,'images/5.jpeg',50.20,8,'2016-05-25 17:58:26','2016-05-25 17:58:26'),
	(42,'Nihil nesciunt nemo est doloremque aut.','Recusandae aspernatur earum dolor. Commodi debitis non impedit vel ut magnam. Ipsa quibusdam dolore quia nobis deleniti voluptatem.',1,'images/1.jpeg',91.97,6,'2016-05-25 17:58:26','2016-05-25 17:58:26'),
	(43,'Inventore in alias eveniet vel repudiandae.','Est laborum quisquam non est corporis non. Possimus nemo animi sapiente labore est non consequuntur.',1,'images/4.jpeg',40.52,5,'2016-05-25 17:58:26','2016-05-25 17:58:26'),
	(44,'Labore a ducimus et.','Et quia ea sint harum qui nisi. Placeat vel iste sapiente laudantium eaque officia. Blanditiis vel et omnis. Hic cupiditate esse animi nobis similique aut.',1,'images/6.jpeg',20.80,3,'2016-05-25 17:58:26','2016-05-25 17:58:26'),
	(45,'Non vitae est blanditiis alias nihil eos.','Recusandae quia fugit aspernatur placeat. Numquam quis porro voluptas harum. Quia id est impedit tempore esse.',0,'images/3.jpeg',39.61,6,'2016-05-25 17:58:26','2016-05-25 17:58:26'),
	(46,'Deleniti ipsa culpa nemo accusamus corrupti minus expedita.','Consequatur est optio nihil temporibus. Molestiae dolorem quae consequatur voluptatem. Sit quaerat numquam dolorum et sequi. Commodi minus molestiae sint ea.',0,'images/7.jpeg',59.84,5,'2016-05-25 17:58:26','2016-05-25 17:58:26'),
	(47,'Facilis velit sit est dolor error ullam.','Corrupti sunt aperiam expedita rerum deserunt sint. Dolores consequatur eos et et quis. Et illum ex sint doloremque porro nam.',0,'images/4.jpeg',40.61,2,'2016-05-25 17:58:26','2016-05-25 17:58:26'),
	(48,'Et itaque illum perferendis inventore.','Voluptas qui laudantium aut numquam tempore odio architecto. Odio minima culpa sed et eum autem. Facere sed odio et aperiam quasi veniam voluptate. Praesentium nemo explicabo quos.',1,'images/7.jpeg',61.64,2,'2016-05-25 17:58:26','2016-05-25 17:58:26'),
	(49,'Illum eveniet reiciendis tempora et laborum vel quibusdam.','Ea in earum facere laboriosam. Ut alias rerum reprehenderit dolores ad quidem. Omnis possimus dolores eos culpa.',0,'images/11.jpeg',44.40,8,'2016-05-25 17:58:26','2016-05-25 17:58:26'),
	(50,'Iste saepe aut perspiciatis possimus.','Accusantium sapiente aliquid corrupti beatae. Quos voluptates reprehenderit rerum placeat nulla.',0,'images/8.jpeg',53.78,6,'2016-05-25 17:58:26','2016-05-25 17:58:26'),
	(51,'Veniam unde illum consequatur ut quae qui.','Natus minus iste ratione eius et itaque. Voluptas nesciunt ut praesentium eum nihil aut quia. Qui dicta voluptatibus quasi quia.',0,'images/11.jpeg',86.51,4,'2016-05-25 17:58:26','2016-05-25 17:58:26'),
	(52,'Facilis laborum omnis temporibus dolorem.','Ut aspernatur voluptatem quam eum vel asperiores. Voluptas suscipit distinctio ut deserunt rerum eos dolores. Qui quo nihil nulla.',0,'images/11.jpeg',76.56,2,'2016-05-25 17:58:26','2016-05-25 17:58:26'),
	(53,'Ut est quod corporis atque dolores quidem.','Et quis ad enim ab. Voluptas officiis dolorem inventore natus.\nNatus maxime ab et nulla id quo. Aut ipsam odit reiciendis id itaque. Impedit tenetur ullam repudiandae laboriosam tempore.',0,'images/1.jpeg',73.87,2,'2016-05-25 17:58:26','2016-05-25 17:58:26'),
	(54,'Aut dolor facilis ad sint commodi consectetur ipsam.','Dolores nobis molestias aut rerum corrupti. Reiciendis architecto sit cumque sint.\nMaiores sunt et aspernatur voluptas necessitatibus. Ut est voluptatem qui veniam ex. Est ipsa et provident.',1,'images/9.jpeg',16.95,9,'2016-05-25 17:58:26','2016-05-25 17:58:26'),
	(55,'Quidem vero omnis perferendis similique.','Odit voluptas vel nemo voluptatem consequatur delectus consequatur. Molestiae sunt ut officiis sunt placeat.',0,'images/11.jpeg',58.03,2,'2016-05-25 17:58:26','2016-05-25 17:58:26'),
	(56,'Non qui est praesentium libero dignissimos ad recusandae perspiciatis.','Ut facere vel rem quia eius. Et ut harum maiores aliquam quos est velit eum. Pariatur in dolorem assumenda dolores.',1,'images/6.jpeg',38.31,4,'2016-05-25 17:58:26','2016-05-25 17:58:26'),
	(57,'Doloremque dolorem amet fugit quia.','Ut rem quia est. Nulla rerum similique est itaque non blanditiis eos. Dolore aut laborum iste consequatur quo aliquam voluptatem.',0,'images/6.jpeg',31.00,2,'2016-05-25 17:58:26','2016-05-25 17:58:26'),
	(58,'Earum qui iusto quos officiis commodi corrupti dicta vero.','Et ut magnam sapiente fuga. Cum perferendis error amet consequatur ut. Doloribus quisquam aliquid vero quod similique.',1,'images/8.jpeg',27.91,4,'2016-05-25 17:58:26','2016-05-25 17:58:26'),
	(59,'Hic ut autem amet magni magni soluta recusandae.','Tempora fuga consequatur ea pariatur rerum. Labore at aliquid deleniti. Non dolorum ut omnis.',0,'images/8.jpeg',97.00,6,'2016-05-25 17:58:26','2016-05-25 17:58:26'),
	(60,'Distinctio numquam et dolor omnis.','Quo reprehenderit nostrum ex ab. Itaque consequuntur ut unde. Et sunt eveniet et quisquam.',1,'images/9.jpeg',16.03,8,'2016-05-25 17:58:26','2016-05-25 17:58:26'),
	(61,'Eaque magnam eum suscipit ex temporibus quisquam.','Voluptatum explicabo commodi atque ex voluptas inventore. Quae repellat natus facilis et aut. Vero dignissimos ut perferendis repellendus eos exercitationem.',0,'images/11.jpeg',71.14,7,'2016-05-25 17:58:26','2016-05-25 17:58:26'),
	(62,'Asperiores perspiciatis perferendis dolores consequatur quia nam dolorem.','Quia eos dolorem rerum aliquam et. Minus reiciendis delectus possimus itaque asperiores officia ad. Est eligendi cumque iure.',0,'images/9.jpeg',71.51,4,'2016-05-25 17:58:26','2016-05-25 17:58:26'),
	(63,'Qui rem rem harum.','A ut fuga delectus sed ut voluptatem facilis. Aperiam neque sunt expedita. Assumenda impedit cupiditate facilis quia ipsa culpa.',1,'images/6.jpeg',33.00,7,'2016-05-25 17:58:26','2016-05-25 17:58:26'),
	(64,'Distinctio odio magnam enim voluptate ut ducimus doloremque.','Rerum qui fugit iure reiciendis repellat distinctio repellat. Sit dolor nihil dignissimos. In et et minima tempore quos eum. Impedit aut molestiae est reiciendis in et.',0,'images/3.jpeg',37.80,3,'2016-05-25 17:58:26','2016-05-25 17:58:26'),
	(65,'Magnam nesciunt error sit sit magnam.','Et molestias cumque ad nostrum inventore. Et veritatis debitis quae asperiores nihil accusamus corporis. Quod id blanditiis autem quod fugiat facilis.',1,'images/3.jpeg',97.00,7,'2016-05-25 17:58:26','2016-05-25 17:58:26'),
	(66,'Alias officia et fugit est.','Placeat aut est omnis quo aut voluptate laudantium. Unde veritatis expedita aperiam sit. Praesentium facere asperiores accusamus voluptate dolores. Explicabo magnam fuga voluptas quibusdam maiores.',1,'images/3.jpeg',48.48,8,'2016-05-25 17:58:26','2016-05-25 17:58:26'),
	(67,'Voluptatum itaque est eum sapiente dolores nihil omnis eligendi.','Unde ullam et iste magni aut voluptas et vero. Voluptatem ut cumque necessitatibus et eligendi et. Quaerat est laboriosam autem.',0,'images/5.jpeg',11.00,7,'2016-05-25 17:58:26','2016-05-25 17:58:26'),
	(68,'Suscipit cupiditate ut beatae sunt.','Id quia quas placeat ea. Et natus quod placeat deserunt. Laborum voluptatum sint at animi. Sed non quos quia qui ut aut aliquid enim.',0,'images/1.jpeg',86.63,6,'2016-05-25 17:58:26','2016-05-25 17:58:26'),
	(69,'Et a officia facere sapiente.','Vitae et fuga tempore incidunt eius omnis. Doloremque consectetur consectetur non voluptates ad dolor. Quia velit aut sit est ut illo. Ut reprehenderit praesentium aspernatur cupiditate doloremque.',0,'images/4.jpeg',79.40,3,'2016-05-25 17:58:26','2016-05-25 17:58:26'),
	(70,'Ipsa itaque unde iure libero.','Explicabo cum officia officia. Dolor odit eius quas non nam. Libero omnis amet rerum in. Distinctio deleniti saepe quia impedit et molestiae commodi.',1,'images/9.jpeg',23.78,1,'2016-05-25 17:58:26','2016-05-25 17:58:26'),
	(71,'Ea nihil eum non nihil qui.','Est et cum libero hic culpa rem in et. Eius in expedita consequuntur alias a. Dolore vitae fugiat et modi atque molestiae.',1,'images/5.jpeg',21.00,7,'2016-05-25 17:58:26','2016-05-25 17:58:26'),
	(72,'Est repudiandae eum nihil nostrum quo totam.','Molestiae tempora quidem doloremque quia. Eveniet explicabo sit autem neque. Rerum nihil explicabo nemo ut nemo architecto.',0,'images/1.jpeg',22.60,4,'2016-05-25 17:58:26','2016-05-25 17:58:26'),
	(73,'Autem sit illo ratione tenetur id debitis.','Dolor eveniet totam et voluptatem quasi recusandae. Laboriosam beatae eum expedita minus corrupti ipsa et. Dolore placeat non praesentium doloremque.',0,'images/10.jpeg',11.00,6,'2016-05-25 17:58:26','2016-05-25 17:58:26'),
	(74,'Totam aut ea distinctio ut.','Et et explicabo eum nihil autem. Velit pariatur quae quibusdam natus. Suscipit autem illo fuga earum quis qui.',0,'images/1.jpeg',54.30,7,'2016-05-25 17:58:26','2016-05-25 17:58:26'),
	(75,'Facere alias fugit fugiat explicabo omnis eveniet quis.','Neque molestiae asperiores veritatis esse quibusdam. Fugiat porro quaerat molestias enim rerum nobis consequuntur nam. Voluptas suscipit officia reiciendis rerum deleniti repudiandae doloribus.',0,'images/10.jpeg',50.66,10,'2016-05-25 17:58:26','2016-05-25 17:58:26'),
	(76,'Minima maiores doloribus voluptatibus et.','Magnam et in consequatur laboriosam nisi eaque maxime. Vel ullam ex fugiat hic vel. Aliquid dolor sed laudantium.',0,'images/5.jpeg',53.38,2,'2016-05-25 17:58:26','2016-05-25 17:58:26'),
	(77,'Voluptate aut ut omnis quia mollitia laudantium rem.','Est magnam maxime dolorum officiis culpa in. Eius harum eius eos ipsa corrupti ullam quae. Consequuntur eos impedit deserunt laborum est. Repellendus vel ea ut dolore molestiae.',1,'images/3.jpeg',51.71,7,'2016-05-25 17:58:26','2016-05-25 17:58:26'),
	(78,'Et necessitatibus vel fugit laborum.','Voluptas et nisi est a unde rerum architecto. Dolorum sapiente quasi architecto veniam excepturi. Ut culpa qui ad sed provident aut ex.',1,'images/3.jpeg',99.37,10,'2016-05-25 17:58:26','2016-05-25 17:58:26'),
	(79,'Consequatur facere sunt sint id.','Et voluptas impedit omnis quia. Nam et voluptatem itaque alias consequatur. Laboriosam fugiat repellat commodi repellendus. Sunt eos quasi qui quos qui eveniet sint.',1,'images/1.jpeg',71.78,3,'2016-05-25 17:58:26','2016-05-25 17:58:26'),
	(80,'Cumque omnis odit aliquam.','Aut eum aut esse repellendus voluptatem et non. Et nam occaecati aperiam maiores at eveniet fugit. Distinctio sint veniam atque numquam similique doloribus.',1,'images/3.jpeg',59.17,3,'2016-05-25 17:58:26','2016-05-25 17:58:26'),
	(81,'Inventore consequatur consequatur consequuntur quod unde voluptatem.','Quod et perferendis dolores repellat minus numquam. Ut repellat alias qui sed dolore quaerat odio. Qui nulla eum voluptate commodi. Ut quod explicabo accusantium.',0,'images/11.jpeg',83.81,2,'2016-05-25 17:58:26','2016-05-25 17:58:26'),
	(82,'Nihil incidunt voluptas voluptatibus totam.','Et repellat autem earum repellendus sint. Expedita magnam qui quia a atque voluptatem. Occaecati qui facilis id nulla numquam distinctio rerum. Eaque qui est qui hic est repellat libero.',1,'images/6.jpeg',67.73,5,'2016-05-25 17:58:26','2016-05-25 17:58:26'),
	(83,'Eaque sint culpa dolor.','Ea voluptatem placeat nihil eaque adipisci est. Quo voluptatem architecto sit quia. Expedita architecto vel voluptatum enim labore dolor amet.',0,'images/6.jpeg',77.80,1,'2016-05-25 17:58:26','2016-05-25 17:58:26'),
	(84,'Animi atque maxime nemo iure atque enim mollitia.','Dolor rerum laboriosam saepe quo et qui. Autem est voluptas nobis laudantium sunt voluptas. Laborum sit aliquid placeat voluptates. Unde esse nostrum blanditiis deleniti nesciunt et aliquid qui.',0,'images/9.jpeg',69.85,10,'2016-05-25 17:58:26','2016-05-25 17:58:26'),
	(85,'Eum sit dolorem facere sed nihil.','Minima excepturi aut aspernatur ut saepe delectus facilis. Quam soluta eligendi magnam vel facere velit. Et autem sint maiores ullam.',1,'images/10.jpeg',83.37,2,'2016-05-25 17:58:26','2016-05-25 17:58:26'),
	(86,'Ut molestiae quo voluptate.','Et vel aperiam officiis sint eligendi sint sunt officia. Minus excepturi in qui consequatur possimus tenetur maiores. Non culpa ipsam modi odit id eligendi consequatur.',0,'images/7.jpeg',63.32,5,'2016-05-25 17:58:26','2016-05-25 17:58:26'),
	(87,'Culpa magni ipsa et incidunt.','Porro recusandae harum facere repellendus cupiditate. Incidunt dolores fugit expedita atque. Eum ipsum ut vel dignissimos commodi nemo culpa.',1,'images/5.jpeg',73.14,10,'2016-05-25 17:58:26','2016-05-25 17:58:26'),
	(88,'Delectus iure dolorem modi asperiores qui.','Et corrupti dolore ullam provident facere molestiae. Pariatur doloremque quo est quis. Aliquam cupiditate placeat autem. Occaecati ea ut fugiat consequatur quam quos.',0,'images/4.jpeg',51.76,9,'2016-05-25 17:58:26','2016-05-25 17:58:26'),
	(89,'Numquam quasi aut illo itaque sapiente doloribus.','Quibusdam qui non qui maxime deserunt. Accusantium unde nulla earum modi. Velit consequatur alias ea iure.',1,'images/5.jpeg',36.90,4,'2016-05-25 17:58:26','2016-05-25 17:58:26'),
	(90,'Dolorum dolorem est quia nihil voluptatem tenetur quo commodi.','Perferendis dolorem eligendi repellendus omnis quaerat. Dolorum sunt dignissimos quasi voluptatibus blanditiis vel adipisci. Aspernatur ut est nisi. Repellendus reiciendis id voluptatem et qui culpa.',1,'images/5.jpeg',35.03,4,'2016-05-25 17:58:26','2016-05-25 17:58:26'),
	(91,'Harum ducimus deserunt perferendis quae voluptas est.','Consequatur voluptatem quas est qui et et. Atque architecto beatae necessitatibus fuga. Veritatis rerum culpa autem. Laudantium impedit incidunt itaque placeat qui praesentium tempora odio.',0,'images/7.jpeg',93.93,3,'2016-05-25 17:58:26','2016-05-25 17:58:26'),
	(92,'Repellendus cum quidem quisquam.','Labore reprehenderit est inventore hic et aut assumenda. Aut dolore exercitationem nostrum at.',1,'images/9.jpeg',37.73,7,'2016-05-25 17:58:26','2016-05-25 17:58:26'),
	(93,'Vero et vel amet et sit dolor.','Occaecati maxime alias officiis nostrum aliquid. Modi quia quia aliquid accusantium cupiditate. Placeat totam voluptatem in sapiente delectus sunt.',1,'images/5.jpeg',27.71,10,'2016-05-25 17:58:26','2016-05-25 17:58:26'),
	(94,'Cum ut labore eum amet occaecati.','Dolor dolores eveniet animi incidunt quis earum enim. Unde fugiat ex voluptatem. Occaecati illum accusamus eius vitae mollitia. Deserunt minima eligendi illum iusto impedit.',0,'images/1.jpeg',94.12,10,'2016-05-25 17:58:26','2016-05-25 17:58:26'),
	(95,'Incidunt harum nesciunt rerum molestiae illo.','Deserunt iste eligendi exercitationem culpa harum tempora assumenda. Perferendis dolorem vel laborum commodi quaerat labore.',1,'images/5.jpeg',66.65,3,'2016-05-25 17:58:26','2016-05-25 17:58:26'),
	(96,'Minus harum totam eos at provident consectetur esse dolor.','Id soluta ut est dicta deserunt. Consequatur dolorem distinctio aspernatur aspernatur ut aut. Enim temporibus voluptas quae voluptatibus vitae consequatur.',0,'images/8.jpeg',91.30,2,'2016-05-25 17:58:26','2016-05-25 17:58:26'),
	(97,'Nulla quaerat recusandae magni esse et vero est.','Molestiae nemo non qui delectus quo quae consequatur. Quia minima voluptas id ut distinctio alias quod. Magnam in est consequatur et dolorem autem et.',1,'images/3.jpeg',75.72,9,'2016-05-25 17:58:26','2016-05-25 17:58:26'),
	(98,'Tempore necessitatibus molestiae ducimus sequi iusto et.','Totam consequatur sed omnis ea quos. Assumenda ipsam quaerat officiis magnam fugit deleniti sit. Nihil quia odio rerum libero voluptas.',0,'images/3.jpeg',93.10,2,'2016-05-25 17:58:26','2016-05-25 17:58:26'),
	(99,'Est facere deserunt hic quis quis.','Et ducimus et vitae. Animi optio perspiciatis et error nobis. Modi illum dolores dicta distinctio. Nihil nostrum provident totam non possimus non.',0,'images/3.jpeg',65.30,5,'2016-05-25 17:58:26','2016-05-25 17:58:26'),
	(100,'Accusantium illo fugiat in libero.','Exercitationem et nam atque omnis molestiae vitae molestiae expedita. Rem voluptatem voluptatem unde. Repellat laboriosam necessitatibus odit unde sed et. Quam odio harum voluptatem ex.',0,'images/11.jpeg',51.00,8,'2016-05-25 17:58:26','2016-05-25 17:58:26'),
	(101,' ','Et sequi amet sapiente eum quia non aut.\r\n Eum velit repellendus tempore magnam sed dolor enim.\r\n Repellendus sit modi dignissimos qui sit voluptate suscipit.\r\n Voluptatem et aut non voluptatibus facere atque porro beatae.\r\n Ad blanditiis quidem officiis minus qui voluptas culpa.',1,'images/Meals/2016-06-17-11-26-09_4316d69aa861780dc3082252c9b8a355e4375a96.jpeg',1255.00,1053,'2016-06-17 10:26:09','2016-06-17 10:26:09'),
	(102,' ','Et sequi amet sapiente eum quia non aut.\r\n Eum velit repellendus tempore magnam sed dolor enim.\r\n Repellendus sit modi dignissimos qui sit voluptate suscipit.\r\n Voluptatem et aut non voluptatibus facere atque porro beatae.\r\n Ad blanditiis quidem officiis minus qui voluptas culpa.',1,'images/Meals/2016-06-17-11-27-28_64bb57167130ba3f3be15436774fe72e7bfe6578.jpeg',12.55,1053,'2016-06-17 10:27:28','2016-06-17 10:27:28'),
	(103,' i','Et sequi amet sapiente eum quia non aut.\r\n Eum velit repellendus tempore magnam sed dolor enim.\r\n Repellendus sit modi dignissimos qui sit voluptate suscipit.\r\n Voluptatem et aut non voluptatibus facere atque porro beatae.\r\n Ad blanditiis quidem officiis minus qui voluptas culpa.',1,'images/Meals/2016-06-17-11-28-49_64bb57167130ba3f3be15436774fe72e7bfe6578.jpeg',12.55,1053,'2016-06-17 10:28:49','2016-06-17 10:28:49'),
	(105,' idd','Et sequi amet sapiente eum quia non aut.\r\n Eum velit repellendus tempore magnam sed dolor enim.\r\n Repellendus sit modi dignissimos qui sit voluptate suscipit.\r\n Voluptatem et aut non voluptatibus facere atque porro beatae.\r\n Ad blanditiis quidem officiis minus qui voluptas culpa.',1,'images/Meals/2016-06-17-11-30-27_64bb57167130ba3f3be15436774fe72e7bfe6578.jpeg',12.55,1053,'2016-06-17 10:30:27','2016-06-17 10:30:27'),
	(106,' idds','Et sequi amet sapiente eum quia non aut.\r\n Eum velit repellendus tempore magnam sed dolor enim.\r\n Repellendus sit modi dignissimos qui sit voluptate suscipit.\r\n Voluptatem et aut non voluptatibus facere atque porro beatae.\r\n Ad blanditiis quidem officiis minus qui voluptas culpa.',1,'images/Meals/2016-06-17-11-31-23_64bb57167130ba3f3be15436774fe72e7bfe6578.jpeg',12.55,1053,'2016-06-17 10:31:23','2016-06-17 10:31:23'),
	(107,'testw','test',1,'images/Meals/2016-06-17-11-55-30_f90ae0315ca39b73d0898d8dc4e670df978a9de3.jpeg',22.00,1053,'2016-06-17 10:55:30','2016-06-17 10:55:30'),
	(108,'test','test',1,'images/Meals/2016-06-17-11-55-57_f90ae0315ca39b73d0898d8dc4e670df978a9de3.jpeg',22.00,1053,'2016-06-17 10:55:57','2016-06-17 10:55:57'),
	(109,'eetest','test',1,'images/Meals/2016-06-17-12-03-20_f90ae0315ca39b73d0898d8dc4e670df978a9de3.jpeg',22.00,1053,'2016-06-17 11:03:20','2016-06-17 11:03:20'),
	(110,'eetestd','test',1,'images/Meals/2016-06-17-12-03-53_f90ae0315ca39b73d0898d8dc4e670df978a9de3.jpeg',22.00,1053,'2016-06-17 11:03:53','2016-06-17 11:03:53'),
	(111,'eetestdd','test',1,'images/Meals/2016-06-17-12-04-27_f90ae0315ca39b73d0898d8dc4e670df978a9de3.jpeg',22.00,1053,'2016-06-17 11:04:27','2016-06-17 11:04:27'),
	(112,'eetestddd','test',1,'images/Meals/2016-06-17-12-04-41_f90ae0315ca39b73d0898d8dc4e670df978a9de3.jpeg',22.00,1053,'2016-06-17 11:04:41','2016-06-17 11:04:41'),
	(113,'eetestdddd','test',1,'images/Meals/2016-06-17-12-04-58_f90ae0315ca39b73d0898d8dc4e670df978a9de3.jpeg',22.00,1053,'2016-06-17 11:04:58','2016-06-17 11:04:58'),
	(114,'eetestddddd','testd\r\n',1,'images/Meals/2016-06-17-12-05-09_f90ae0315ca39b73d0898d8dc4e670df978a9de3.jpeg',22.00,1053,'2016-06-17 11:05:09','2016-06-17 11:05:09'),
	(115,'eetestdddddd','testd\r\n',1,'images/Meals/2016-06-17-12-06-31_f90ae0315ca39b73d0898d8dc4e670df978a9de3.jpeg',22.00,1053,'2016-06-17 11:06:31','2016-06-17 11:06:31'),
	(116,'weetestdddddd','testd\r\n',1,'images/Meals/2016-06-17-12-08-06_f90ae0315ca39b73d0898d8dc4e670df978a9de3.jpeg',22.00,1053,'2016-06-17 11:08:06','2016-06-17 11:08:06'),
	(117,'weetestdddddde','testd\r\n',1,'images/Meals/2016-06-17-12-08-44_f90ae0315ca39b73d0898d8dc4e670df978a9de3.jpeg',22.00,1053,'2016-06-17 11:08:44','2016-06-17 11:08:44');

/*!40000 ALTER TABLE `meals` ENABLE KEYS */;
UNLOCK TABLES;


# Dump of table menus
# ------------------------------------------------------------

DROP TABLE IF EXISTS `menus`;

CREATE TABLE `menus` (
  `id` int(10) unsigned NOT NULL AUTO_INCREMENT,
  `title` varchar(255) COLLATE utf8_unicode_ci NOT NULL,
  `type` varchar(255) COLLATE utf8_unicode_ci NOT NULL,
  `description` text COLLATE utf8_unicode_ci NOT NULL,
  `status` tinyint(1) NOT NULL,
  `image` varchar(255) COLLATE utf8_unicode_ci NOT NULL,
  `user_id` int(10) unsigned NOT NULL,
  `created_at` timestamp NULL DEFAULT NULL,
  `updated_at` timestamp NULL DEFAULT NULL,
  PRIMARY KEY (`id`),
  UNIQUE KEY `menus_title_unique` (`title`),
  KEY `menus_user_id_foreign` (`user_id`),
  CONSTRAINT `menus_user_id_foreign` FOREIGN KEY (`user_id`) REFERENCES `users` (`id`)
) ENGINE=InnoDB DEFAULT CHARSET=utf8 COLLATE=utf8_unicode_ci;

LOCK TABLES `menus` WRITE;
/*!40000 ALTER TABLE `menus` DISABLE KEYS */;

INSERT INTO `menus` (`id`, `title`, `type`, `description`, `status`, `image`, `user_id`, `created_at`, `updated_at`)
VALUES
	(2,'Dolor ipsum consequatur cupiditate aspernatur et pariatur.','voluptatem','Pariatur reiciendis qui maiores error accusamus et. Deleniti quam reprehenderit architecto vel sint amet ea. Et iure quam fuga.',1,'images/11.jpeg',7,'2016-05-25 17:48:16','2016-05-25 17:48:16'),
	(3,'Fuga sint quisquam et beatae vel.','rerum','Repudiandae debitis voluptas sed. Ut vitae enim qui ut omnis illo. Ad cum velit aliquid.',1,'images/2.jpeg',8,'2016-05-25 17:48:16','2016-05-25 17:48:16'),
	(4,'Recusandae fugit et dolores et laboriosam itaque.','aut','Quas similique quis velit alias. Occaecati consectetur ab debitis ea rerum corrupti odit. Ipsum non voluptas error et cupiditate nobis sunt. Adipisci consequatur sed fugiat sed aut a.',0,'images/2.jpeg',3,'2016-05-25 17:48:16','2016-05-25 17:48:16'),
	(5,'Enim modi corrupti illo ea in explicabo nam sed.','ut','Accusantium facere odit nulla voluptas esse. Beatae qui dicta cum et voluptas.',1,'images/1.jpeg',4,'2016-05-25 17:48:16','2016-05-25 17:48:16'),
	(6,'Aut aut incidunt qui modi et.','minus','Deleniti exercitationem harum corrupti quia voluptatem quis vitae. Nesciunt laudantium quas id et. Pariatur reprehenderit in sunt alias reiciendis cupiditate in.',0,'images/11.jpeg',9,'2016-05-25 17:48:16','2016-05-25 17:48:16'),
	(7,'Est sit non magni.','voluptate','Facere labore dolorem iusto dolore. Fugit necessitatibus architecto laborum fugiat porro illo. Enim mollitia voluptatum in reiciendis magnam ipsa qui.',1,'images/1.jpeg',8,'2016-05-25 17:49:40','2016-05-25 17:49:40'),
	(8,'Est voluptatem facere reprehenderit voluptas inventore impedit.','officiis','Repellat aperiam sequi voluptas. Quia quibusdam aut beatae blanditiis voluptates eaque. Corporis voluptate sint qui quasi neque.',0,'images/1.jpeg',1,'2016-05-25 17:49:40','2016-05-25 17:49:40'),
	(9,'Porro sit amet commodi tempore quia esse.','animi','Sint aut cum at ea voluptas nihil. Tempora praesentium voluptates optio animi.',1,'images/2.jpeg',2,'2016-05-25 17:49:40','2016-05-25 17:49:40'),
	(10,'Occaecati perspiciatis dolores dicta sapiente quisquam.','molestias','Voluptatem tempore ut minima voluptatem inventore fuga. Eum in maiores occaecati sunt quasi accusantium. Quaerat rerum architecto non nesciunt temporibus.',0,'images/5.jpeg',3,'2016-05-25 17:49:40','2016-05-25 17:49:40'),
	(11,'Dolor fugiat rerum sit eos id sit.','ut','Expedita itaque accusantium sit reprehenderit ipsa. Praesentium odit iste quod rerum architecto. Sit reprehenderit libero at eligendi velit officia reprehenderit.',1,'images/11.jpeg',6,'2016-05-25 17:49:40','2016-05-25 17:49:40'),
	(12,'Et voluptas pariatur repellat.','provident','Sapiente ab ea veritatis sunt voluptatem. Sit dolorem aut rerum eaque omnis doloribus rerum asperiores. Iusto quasi sint eos qui. Ab ducimus sapiente aut quaerat culpa.',0,'images/1.jpeg',3,'2016-05-25 17:49:40','2016-05-25 17:49:40'),
	(13,'Sint sapiente et reiciendis asperiores repellat placeat mollitia.','voluptatem','Molestiae qui ut et nesciunt adipisci rerum. Facere est magni reprehenderit. Neque quis dolorem officia non sed commodi et repellat. Aut magni et nihil facilis maiores cupiditate autem.',1,'images/5.jpeg',4,'2016-05-25 17:49:40','2016-05-25 17:49:40'),
	(14,'Laudantium id perferendis voluptatem.','possimus','Minima non nihil et porro ex. Repellat error sed atque. Aliquam eius nostrum animi quae asperiores iste delectus.',0,'images/5.jpeg',7,'2016-05-25 17:49:40','2016-05-25 17:49:40'),
	(15,'Corporis qui quia quo tempore dolore hic.','et','Molestias officia quo ea voluptatem quidem enim. Exercitationem expedita non omnis ea voluptatem est molestias voluptatem.',1,'images/11.jpeg',6,'2016-05-25 17:49:40','2016-05-25 17:49:40'),
	(16,'Expedita ratione earum quam et dolores.','sint','Voluptates minima magnam cumque ipsa numquam velit. Architecto recusandae eos hic ipsa. Maxime omnis quas ut. Architecto rerum vero suscipit eos quod.',1,'images/2.jpeg',3,'2016-05-25 17:49:40','2016-05-25 17:49:40'),
	(17,'Doloribus corrupti necessitatibus ut rerum.','ad','Voluptas laboriosam ea neque aut quisquam asperiores beatae. Nemo expedita numquam maiores. Eius sint recusandae qui dolorem nihil. Ducimus officiis ratione dolor.',1,'images/11.jpeg',4,'2016-05-25 17:49:40','2016-05-25 17:49:40'),
	(18,'Omnis cumque voluptatem saepe quia dolor similique architecto.','et','Quas qui et dolorem non. Voluptatem mollitia eum voluptatum dolorem quae esse deleniti. Non ut ducimus voluptas repellat doloremque.',0,'images/5.jpeg',4,'2016-05-25 17:49:40','2016-05-25 17:49:40'),
	(19,'Voluptatem praesentium ad libero aliquam quis expedita.','non','Nihil eius cum adipisci doloremque ea. Sunt debitis velit libero. Praesentium rerum praesentium harum sint consequatur.',0,'images/3.jpeg',2,'2016-05-25 17:49:40','2016-05-25 17:49:40'),
	(20,'Illum quibusdam voluptatum perferendis.','quam','Fuga necessitatibus nobis vel quas vel. Voluptatem eius vel quis consequatur sint. Tenetur facilis veritatis et soluta. Beatae autem quis in ipsa eligendi quam minus.',1,'images/2.jpeg',7,'2016-05-25 17:49:40','2016-05-25 17:49:40'),
	(21,'Et necessitatibus in totam nobis.','labore','Perspiciatis voluptas suscipit vero labore. Tenetur qui recusandae possimus corrupti magni in. Odio quo aliquam aut aliquid rerum.',1,'images/1.jpeg',1,'2016-05-25 17:49:40','2016-05-25 17:49:40'),
	(22,'Sunt ad ipsam non voluptas.','velit','Expedita doloribus suscipit tempore maxime aspernatur. Rem sint libero nesciunt.',1,'images/4.jpeg',3,'2016-05-25 17:49:40','2016-05-25 17:49:40'),
	(23,'Impedit rerum veritatis ipsa assumenda.','nam','Laudantium nihil voluptatem voluptatem tempora dolor iste est ab. Earum magni eos rerum at aut necessitatibus ullam. Sint quisquam deserunt est error.',0,'images/5.jpeg',4,'2016-05-25 17:49:40','2016-05-25 17:49:40'),
	(24,'Similique sed reiciendis alias incidunt et est aspernatur quis.','dolorem','Eum sunt est et necessitatibus dolor. Itaque temporibus blanditiis dolorem numquam. Ut ut quis autem harum suscipit laudantium. Sunt qui dolor cum molestiae expedita reiciendis eos.',1,'images/5.jpeg',4,'2016-05-25 17:49:40','2016-05-25 17:49:40'),
	(25,'Eum eos perspiciatis dolorem deleniti hic odio dolor.','consequatur','Sed labore aut autem sit maiores cum. Consectetur voluptas at minima. Suscipit et et et dolorem aut animi.',1,'images/2.jpeg',4,'2016-05-25 17:49:40','2016-05-25 17:49:40'),
	(26,'Cumque commodi voluptatem quia sed omnis aut explicabo.','maiores','Est voluptatibus eum accusamus voluptatem quaerat. Ipsam aut voluptatem quasi fuga ullam vel. Ab quo iste quae sit et voluptatem doloremque.',0,'images/11.jpeg',7,'2016-05-25 17:49:40','2016-05-25 17:49:40'),
	(27,'Quos velit quam occaecati modi ut eligendi fugiat.','rerum','Ut totam tenetur soluta id. Eos aut mollitia optio. Molestias voluptatibus doloremque aut fuga.',1,'vimages/2.jpeg',10,'2016-05-25 17:49:40','2016-05-25 17:49:40'),
	(28,'Alias rerum sed quidem cum voluptas sit quod.','optio','Pariatur molestias consequuntur accusamus enim. Rerum esse quas eos quisquam itaque.',0,'images/10.jpeg',9,'2016-05-25 17:49:40','2016-05-25 17:49:40'),
	(29,'Enim ipsum cum accusamus quaerat.','ut','Et eaque modi provident veritatis in assumenda. In officia corporis aut doloremque. Aut pariatur optio corrupti impedit et exercitationem et.',0,'images/11.jpeg',9,'2016-05-25 17:49:40','2016-05-25 17:49:40'),
	(30,'Rem eos quis velit rerum.','dignissimos','Dolore velit deleniti rerum facilis delectus. Quaerat dicta amet quisquam magnam rerum reiciendis voluptates ea. Impedit reprehenderit at aspernatur est aut.',0,'images/7.jpeg',3,'2016-05-25 17:49:40','2016-05-25 17:49:40'),
	(31,'Magni vel recusandae voluptatum velit animi.','officiis','Facilis libero et sed id. Dolorem ut iusto iusto aut. Maiores nisi est rerum eum veniam consequuntur beatae.',1,'images/5.jpeg',3,'2016-05-25 17:49:40','2016-05-25 17:49:40'),
	(32,'Aspernatur sunt saepe porro eos qui sed odit.','nesciunt','Dolores quo dignissimos enim est saepe itaque. Natus non earum rerum iste commodi quisquam. Et nemo in repudiandae placeat quo neque recusandae eaque. Rem qui et occaecati.',1,'images/10.jpeg',8,'2016-05-25 17:49:40','2016-05-25 17:49:40'),
	(33,'Repellendus est laborum quis natus quae.','non','Voluptatum neque in deserunt dolorum est. Aut qui et quia non quos qui. Sed et harum qui cupiditate quasi quos praesentium. Eum dolor ut quae aut deserunt neque est.',0,'images/6.jpeg',8,'2016-05-25 17:49:40','2016-05-25 17:49:40'),
	(34,'Expedita praesentium autem molestiae ea omnis quod et.','nemo','Autem veniam animi commodi cupiditate. Magnam aut culpa vel omnis. A libero et atque autem voluptate non.',1,'images/2.jpeg',10,'2016-05-25 17:49:40','2016-05-25 17:49:40'),
	(35,'Qui ipsa dignissimos voluptas expedita velit asperiores.','fugit','Libero impedit et accusantium at in ut. Tenetur et voluptatem id perferendis. Et ducimus velit deserunt rerum quia velit animi. Occaecati aut et doloremque ullam sunt distinctio.',1,'images/2.jpeg',10,'2016-05-25 17:49:40','2016-05-25 17:49:40'),
	(36,'Ut sint cupiditate et et.','est','Eaque enim est esse ipsum. Architecto quia in ea molestiae praesentium. Consequuntur tempore ea aperiam a quaerat numquam ipsa. Culpa assumenda quidem ut occaecati fugiat.',0,'images/3.jpeg',7,'2016-05-25 17:49:40','2016-05-25 17:49:40'),
	(37,'Enim voluptatem odit accusantium earum ad commodi et nemo.','ratione','Rerum necessitatibus odio earum est sapiente velit aut. Ducimus est earum et aut. Itaque nemo distinctio omnis eum quasi labore sit. Praesentium et hic qui velit consequatur ad dolore.',1,'images/1.jpeg',5,'2016-05-25 17:49:40','2016-05-25 17:49:40'),
	(38,'Eaque ut et eos et.','quia','Inventore quia omnis numquam ducimus. Sed incidunt iste ipsam et ipsa quidem dolor. Quam sit quia accusantium. Asperiores impedit iusto voluptates at.',0,'images/11.jpeg',4,'2016-05-25 17:49:40','2016-05-25 17:49:40'),
	(39,'Temporibus quo cupiditate non voluptatum.','voluptas','Nulla eaque quia qui alias molestiae et. Dolorem et architecto ipsa eveniet atque. Fuga hic animi voluptatibus dicta quas totam ab.',0,'images/4.jpeg',4,'2016-05-25 17:49:40','2016-05-25 17:49:40'),
	(40,'Expedita magnam officiis ratione ut.','natus','Quibusdam quidem suscipit enim eos voluptates. Ea molestiae iure voluptatem nesciunt voluptatem quia. Eveniet necessitatibus laboriosam mollitia quam nobis unde.',1,'images/2.jpeg',7,'2016-05-25 17:49:40','2016-05-25 17:49:40'),
	(41,'Animi laborum rerum aut nulla quos.','et','Nostrum nesciunt quia enim dignissimos et. Illum tempora et eligendi est accusamus. Non vel quos ipsum perferendis earum. Consectetur cum laborum a quia.',1,'images/10.jpeg',5,'2016-05-25 17:49:40','2016-05-25 17:49:40'),
	(42,'Ut tenetur nulla dolore repellendus veritatis illo.','distinctio','Dolor impedit sint ullam aut expedita sapiente perferendis. Modi sapiente at magnam eveniet reprehenderit quis sunt. Dolor voluptates et unde et quo reiciendis officiis.',0,'images/3.jpeg',9,'2016-05-25 17:49:40','2016-05-25 17:49:40'),
	(43,'Quos recusandae quia veritatis.','explicabo','Harum eos ut quia. Hic quam quasi ut commodi ut quo. Provident aliquid voluptas debitis fugiat hic quis. Voluptas assumenda et recusandae rerum ducimus delectus et.',1,'images/2.jpeg',5,'2016-05-25 17:49:40','2016-05-25 17:49:40'),
	(44,'Corporis qui exercitationem sed asperiores.','optio','Accusantium sit minima officia. Laudantium aut dolor vero quasi nemo a. Quae non et qui vitae omnis repudiandae vero.',1,'images/11.jpeg',2,'2016-05-25 17:49:40','2016-05-25 17:49:40'),
	(45,'Est omnis omnis rerum et.','aliquid','Asperiores error quo fuga sint similique. Rerum sint cupiditate quia corrupti.\nEt omnis asperiores asperiores aspernatur eos et porro earum. Quia sapiente qui consequatur non repudiandae et.',1,'images/1.jpeg',2,'2016-05-25 17:49:40','2016-05-25 17:49:40'),
	(46,'Esse quos est voluptatem ut.','itaque','Debitis non nam consequatur in. Culpa vero repudiandae consequatur suscipit. Magnam repellat provident quo quisquam quidem error eaque.',0,'images/1.jpeg',3,'2016-05-25 17:49:40','2016-05-25 17:49:40'),
	(47,'Ipsum sed illum labore omnis.','dicta','Esse ducimus ut sed. Dolores nihil nam eaque voluptatem pariatur quis odit. Sunt error dicta mollitia ipsam.\nDolorum est ut quia culpa consectetur qui. Et et laboriosam laboriosam facere in sit.',0,'images/5.jpeg',10,'2016-05-25 17:49:40','2016-05-25 17:49:40'),
	(48,'Sunt officiis soluta totam expedita voluptas.','qui','Ut quos id aut fuga porro. Exercitationem voluptatem odio est sed cupiditate. Dignissimos voluptas incidunt autem in earum sit dolorem. Odio reiciendis occaecati velit voluptatum voluptatem.',1,'images/4.jpeg',6,'2016-05-25 17:49:40','2016-05-25 17:49:40'),
	(49,'Fuga ea aut ipsa alias corporis dolor voluptatem.','amet','Fugit laudantium ab nobis libero odio voluptatum. Quidem fuga accusamus sunt aut in dignissimos. Libero nihil non impedit perferendis aspernatur. Natus in voluptatem eos maxime.',1,'images/2.jpeg',8,'2016-05-25 17:49:40','2016-05-25 17:49:40'),
	(50,'Soluta et doloremque quia.','magnam','Aut quasi voluptas aperiam rerum veniam et qui. Id fugit placeat non sit. Sint eligendi officia tenetur quisquam deleniti dolorem.',1,'images/5.jpeg',3,'2016-05-25 17:49:40','2016-05-25 17:49:40'),
	(51,'Ut et rerum omnis molestias a.','cumque','Velit sequi aut omnis rem itaque maiores eos. Rerum repellat aut quo qui hic soluta. Est nesciunt sed omnis explicabo ratione et. Soluta quisquam blanditiis dolor enim exercitationem.',1,'images/4.jpeg',1,'2016-05-25 17:49:40','2016-05-25 17:49:40'),
	(52,'Ut soluta impedit quas sed nesciunt dolorum.','consequatur','Officiis id deleniti consequatur omnis. Perspiciatis recusandae sint molestiae voluptatum sunt officia. Enim numquam aliquid aut.',1,'images/3.jpeg',3,'2016-05-25 17:49:40','2016-05-25 17:49:40'),
	(53,'At hic ut alias neque facilis.','Food','Officia odio molestiae et velit necessitatibus sed hic. Vero assumenda soluta aut aliquid porro. Quia iste aliquam maxime consectetur temporibus aut occaecati.',1,'images/menus/2016-06-10-08-21-55_ab5b5979ed5917d4690011c589cbebddb0529676.jpeg',6,'2016-05-25 17:49:40','2016-06-10 19:22:01'),
	(55,'Aliquam ullam aspernatur nihil dolorum et mollitia.','eos','Ut ut sunt nesciunt et. Quod beatae neque illum rem placeat illo quae itaque. Adipisci et molestias totam molestias maiores beatae. Doloremque rerum quia doloremque eos et earum ipsum.',1,'images/10.jpeg',4,'2016-05-25 17:49:40','2016-05-25 17:49:40'),
	(57,'test ment','Hot Drinks','Lorem Ipsum is simply dummy text of the printing and typesetting industry. Lorem Ipsum has been the industry\'s standard dummy text ever since the 1500s, when an unknown printer took a galley of type and scrambled it to make a type specimen book. It has survived not only five centuries, but also the leap into electronic typesetting, remaining essentially unchanged. It was popularised in the 1960s with the release of Letraset sheets containing Lorem Ipsum passages, and more recently with desktop publishing software like Aldus PageMaker including versions of Lorem Ipsum.',0,'images/menus/2016-06-10-02-14-58_64bb57167130ba3f3be15436774fe72e7bfe6578.jpeg',1053,'2016-06-10 13:14:58','2016-06-10 13:14:58'),
	(58,'   ','Food','                           .           -  -     \"       \"   ( )   .                     \"lorem ipsum\"             .                       .\r\n',1,'images/menus/2016-06-10-08-04-46_64bb57167130ba3f3be15436774fe72e7bfe6578.jpeg',1053,'2016-06-10 19:04:46','2016-06-10 19:04:46'),
	(59,'ddd','Cold Drinks','dd',0,'images/menus/2016-06-10-09-51-19_4316d69aa861780dc3082252c9b8a355e4375a96.jpeg',1053,'2016-06-10 20:51:19','2016-06-10 20:51:19'),
	(60,'dddd','Cold Drinks','dd',0,'images/menus/2016-06-10-09-51-38_4316d69aa861780dc3082252c9b8a355e4375a96.jpeg',1053,'2016-06-10 20:51:38','2016-06-10 20:51:38');

/*!40000 ALTER TABLE `menus` ENABLE KEYS */;
UNLOCK TABLES;


# Dump of table migrations
# ------------------------------------------------------------

DROP TABLE IF EXISTS `migrations`;

CREATE TABLE `migrations` (
  `migration` varchar(255) COLLATE utf8_unicode_ci NOT NULL,
  `batch` int(11) NOT NULL
) ENGINE=InnoDB DEFAULT CHARSET=utf8 COLLATE=utf8_unicode_ci;

LOCK TABLES `migrations` WRITE;
/*!40000 ALTER TABLE `migrations` DISABLE KEYS */;

INSERT INTO `migrations` (`migration`, `batch`)
VALUES
	('2014_10_12_000000_create_users_table',1),
	('2014_10_12_100000_create_password_resets_table',1),
	('2016_05_24_200029_create_menus_table',1),
	('2016_05_24_200350_create_items_table',1),
	('2016_05_24_200440_create_meals_table',1),
	('2016_05_24_200622_create_customers_table',1),
	('2016_05_24_200818_create_orders_table',1),
	('2016_05_24_201450_create_comments_table',1),
	('2016_05_24_202034_create_meal_item_table',1),
	('2016_05_24_202242_create_order_item_table',1),
	('2016_05_24_202309_create_order_meal_table',1),
	('2016_05_24_202407_create_order_user_table',1);

/*!40000 ALTER TABLE `migrations` ENABLE KEYS */;
UNLOCK TABLES;


# Dump of table order_item
# ------------------------------------------------------------

DROP TABLE IF EXISTS `order_item`;

CREATE TABLE `order_item` (
  `id` int(10) unsigned NOT NULL AUTO_INCREMENT,
  `item_id` int(10) unsigned NOT NULL,
  `order_id` int(10) unsigned NOT NULL,
  `created_at` timestamp NULL DEFAULT NULL,
  `updated_at` timestamp NULL DEFAULT NULL,
  PRIMARY KEY (`id`),
  KEY `order_item_item_id_foreign` (`item_id`),
  KEY `order_item_order_id_foreign` (`order_id`),
  CONSTRAINT `order_item_item_id_foreign` FOREIGN KEY (`item_id`) REFERENCES `items` (`id`),
  CONSTRAINT `order_item_order_id_foreign` FOREIGN KEY (`order_id`) REFERENCES `orders` (`id`)
) ENGINE=InnoDB DEFAULT CHARSET=utf8 COLLATE=utf8_unicode_ci;

LOCK TABLES `order_item` WRITE;
/*!40000 ALTER TABLE `order_item` DISABLE KEYS */;

INSERT INTO `order_item` (`id`, `item_id`, `order_id`, `created_at`, `updated_at`)
VALUES
	(1,53,76,'2016-05-25 18:13:37','2016-05-25 18:13:37'),
	(2,51,12,'2016-05-25 18:13:37','2016-05-25 18:13:37'),
	(3,80,78,'2016-05-25 18:13:37','2016-05-25 18:13:37'),
	(4,25,82,'2016-05-25 18:13:37','2016-05-25 18:13:37'),
	(5,31,41,'2016-05-25 18:13:37','2016-05-25 18:13:37'),
	(6,62,47,'2016-05-25 18:13:37','2016-05-25 18:13:37'),
	(7,30,20,'2016-05-25 18:13:37','2016-05-25 18:13:37'),
	(8,63,89,'2016-05-25 18:13:37','2016-05-25 18:13:37'),
	(9,8,92,'2016-05-25 18:13:37','2016-05-25 18:13:37'),
	(10,85,26,'2016-05-25 18:13:37','2016-05-25 18:13:37'),
	(11,32,59,'2016-05-25 18:13:37','2016-05-25 18:13:37'),
	(12,22,2,'2016-05-25 18:13:37','2016-05-25 18:13:37'),
	(13,49,90,'2016-05-25 18:13:37','2016-05-25 18:13:37'),
	(14,79,85,'2016-05-25 18:13:37','2016-05-25 18:13:37'),
	(15,74,35,'2016-05-25 18:13:37','2016-05-25 18:13:37'),
	(16,97,53,'2016-05-25 18:13:37','2016-05-25 18:13:37'),
	(17,32,1,'2016-05-25 18:13:37','2016-05-25 18:13:37'),
	(18,52,29,'2016-05-25 18:13:37','2016-05-25 18:13:37'),
	(19,36,2,'2016-05-25 18:13:37','2016-05-25 18:13:37'),
	(20,26,43,'2016-05-25 18:13:37','2016-05-25 18:13:37'),
	(21,39,3,'2016-05-25 18:13:37','2016-05-25 18:13:37'),
	(22,65,94,'2016-05-25 18:13:37','2016-05-25 18:13:37'),
	(23,90,90,'2016-05-25 18:13:37','2016-05-25 18:13:37'),
	(24,96,59,'2016-05-25 18:13:37','2016-05-25 18:13:37'),
	(25,44,98,'2016-05-25 18:13:37','2016-05-25 18:13:37'),
	(26,90,63,'2016-05-25 18:13:37','2016-05-25 18:13:37'),
	(27,5,60,'2016-05-25 18:13:37','2016-05-25 18:13:37'),
	(28,35,3,'2016-05-25 18:13:37','2016-05-25 18:13:37'),
	(29,58,31,'2016-05-25 18:13:37','2016-05-25 18:13:37'),
	(30,59,65,'2016-05-25 18:13:37','2016-05-25 18:13:37'),
	(31,83,98,'2016-05-25 18:13:37','2016-05-25 18:13:37'),
	(32,78,81,'2016-05-25 18:13:37','2016-05-25 18:13:37'),
	(33,35,97,'2016-05-25 18:13:37','2016-05-25 18:13:37'),
	(34,36,96,'2016-05-25 18:13:37','2016-05-25 18:13:37'),
	(35,18,53,'2016-05-25 18:13:37','2016-05-25 18:13:37'),
	(36,44,15,'2016-05-25 18:13:37','2016-05-25 18:13:37'),
	(37,75,40,'2016-05-25 18:13:37','2016-05-25 18:13:37'),
	(38,81,56,'2016-05-25 18:13:37','2016-05-25 18:13:37'),
	(39,12,74,'2016-05-25 18:13:37','2016-05-25 18:13:37'),
	(40,7,59,'2016-05-25 18:13:37','2016-05-25 18:13:37'),
	(41,4,78,'2016-05-25 18:13:37','2016-05-25 18:13:37'),
	(42,59,87,'2016-05-25 18:13:37','2016-05-25 18:13:37'),
	(43,46,33,'2016-05-25 18:13:37','2016-05-25 18:13:37'),
	(44,95,78,'2016-05-25 18:13:37','2016-05-25 18:13:37'),
	(45,70,100,'2016-05-25 18:13:37','2016-05-25 18:13:37'),
	(46,45,13,'2016-05-25 18:13:37','2016-05-25 18:13:37'),
	(47,91,20,'2016-05-25 18:13:37','2016-05-25 18:13:37'),
	(48,71,53,'2016-05-25 18:13:37','2016-05-25 18:13:37'),
	(49,30,49,'2016-05-25 18:13:37','2016-05-25 18:13:37'),
	(50,99,23,'2016-05-25 18:13:37','2016-05-25 18:13:37'),
	(51,94,52,'2016-05-25 18:13:37','2016-05-25 18:13:37'),
	(52,15,69,'2016-05-25 18:13:37','2016-05-25 18:13:37'),
	(53,7,27,'2016-05-25 18:13:37','2016-05-25 18:13:37'),
	(54,27,34,'2016-05-25 18:13:37','2016-05-25 18:13:37'),
	(55,92,61,'2016-05-25 18:13:37','2016-05-25 18:13:37'),
	(56,31,68,'2016-05-25 18:13:37','2016-05-25 18:13:37'),
	(57,55,44,'2016-05-25 18:13:37','2016-05-25 18:13:37'),
	(58,43,47,'2016-05-25 18:13:37','2016-05-25 18:13:37'),
	(59,83,73,'2016-05-25 18:13:37','2016-05-25 18:13:37'),
	(60,87,76,'2016-05-25 18:13:37','2016-05-25 18:13:37'),
	(61,33,35,'2016-05-25 18:13:37','2016-05-25 18:13:37'),
	(62,100,56,'2016-05-25 18:13:37','2016-05-25 18:13:37'),
	(63,90,40,'2016-05-25 18:13:37','2016-05-25 18:13:37'),
	(64,35,38,'2016-05-25 18:13:37','2016-05-25 18:13:37'),
	(65,10,86,'2016-05-25 18:13:37','2016-05-25 18:13:37'),
	(66,92,59,'2016-05-25 18:13:37','2016-05-25 18:13:37'),
	(67,12,52,'2016-05-25 18:13:37','2016-05-25 18:13:37'),
	(68,12,25,'2016-05-25 18:13:37','2016-05-25 18:13:37'),
	(69,28,41,'2016-05-25 18:13:37','2016-05-25 18:13:37'),
	(70,54,31,'2016-05-25 18:13:37','2016-05-25 18:13:37'),
	(71,25,47,'2016-05-25 18:13:37','2016-05-25 18:13:37'),
	(72,87,78,'2016-05-25 18:13:37','2016-05-25 18:13:37'),
	(73,7,49,'2016-05-25 18:13:37','2016-05-25 18:13:37'),
	(74,7,99,'2016-05-25 18:13:37','2016-05-25 18:13:37'),
	(75,100,6,'2016-05-25 18:13:37','2016-05-25 18:13:37'),
	(76,34,33,'2016-05-25 18:13:37','2016-05-25 18:13:37'),
	(77,87,24,'2016-05-25 18:13:37','2016-05-25 18:13:37'),
	(78,100,47,'2016-05-25 18:13:37','2016-05-25 18:13:37'),
	(79,70,17,'2016-05-25 18:13:37','2016-05-25 18:13:37'),
	(80,43,17,'2016-05-25 18:13:37','2016-05-25 18:13:37'),
	(81,30,13,'2016-05-25 18:13:37','2016-05-25 18:13:37'),
	(82,22,7,'2016-05-25 18:13:37','2016-05-25 18:13:37'),
	(83,65,50,'2016-05-25 18:13:37','2016-05-25 18:13:37'),
	(84,62,57,'2016-05-25 18:13:37','2016-05-25 18:13:37'),
	(85,87,88,'2016-05-25 18:13:37','2016-05-25 18:13:37'),
	(86,42,12,'2016-05-25 18:13:37','2016-05-25 18:13:37'),
	(87,81,50,'2016-05-25 18:13:37','2016-05-25 18:13:37'),
	(88,15,54,'2016-05-25 18:13:37','2016-05-25 18:13:37'),
	(89,30,92,'2016-05-25 18:13:37','2016-05-25 18:13:37'),
	(90,85,36,'2016-05-25 18:13:37','2016-05-25 18:13:37'),
	(91,34,88,'2016-05-25 18:13:37','2016-05-25 18:13:37'),
	(92,78,19,'2016-05-25 18:13:37','2016-05-25 18:13:37'),
	(93,75,99,'2016-05-25 18:13:37','2016-05-25 18:13:37'),
	(94,98,99,'2016-05-25 18:13:37','2016-05-25 18:13:37'),
	(95,87,11,'2016-05-25 18:13:37','2016-05-25 18:13:37'),
	(96,67,65,'2016-05-25 18:13:37','2016-05-25 18:13:37'),
	(97,46,99,'2016-05-25 18:13:37','2016-05-25 18:13:37'),
	(98,79,90,'2016-05-25 18:13:37','2016-05-25 18:13:37'),
	(99,84,63,'2016-05-25 18:13:37','2016-05-25 18:13:37'),
	(100,36,89,'2016-05-25 18:13:37','2016-05-25 18:13:37');

/*!40000 ALTER TABLE `order_item` ENABLE KEYS */;
UNLOCK TABLES;


# Dump of table order_meal
# ------------------------------------------------------------

DROP TABLE IF EXISTS `order_meal`;

CREATE TABLE `order_meal` (
  `id` int(10) unsigned NOT NULL AUTO_INCREMENT,
  `meal_id` int(10) unsigned NOT NULL,
  `order_id` int(10) unsigned NOT NULL,
  `created_at` timestamp NULL DEFAULT NULL,
  `updated_at` timestamp NULL DEFAULT NULL,
  PRIMARY KEY (`id`),
  KEY `order_meal_meal_id_foreign` (`meal_id`),
  KEY `order_meal_order_id_foreign` (`order_id`),
  CONSTRAINT `order_meal_meal_id_foreign` FOREIGN KEY (`meal_id`) REFERENCES `meals` (`id`),
  CONSTRAINT `order_meal_order_id_foreign` FOREIGN KEY (`order_id`) REFERENCES `orders` (`id`)
) ENGINE=InnoDB DEFAULT CHARSET=utf8 COLLATE=utf8_unicode_ci;

LOCK TABLES `order_meal` WRITE;
/*!40000 ALTER TABLE `order_meal` DISABLE KEYS */;

INSERT INTO `order_meal` (`id`, `meal_id`, `order_id`, `created_at`, `updated_at`)
VALUES
	(1,26,2,'2016-05-25 18:14:40','2016-05-25 18:14:40'),
	(2,14,15,'2016-05-25 18:14:40','2016-05-25 18:14:40'),
	(3,77,90,'2016-05-25 18:14:40','2016-05-25 18:14:40'),
	(4,27,19,'2016-05-25 18:14:40','2016-05-25 18:14:40'),
	(5,21,56,'2016-05-25 18:14:40','2016-05-25 18:14:40'),
	(6,73,27,'2016-05-25 18:14:40','2016-05-25 18:14:40'),
	(7,27,76,'2016-05-25 18:14:40','2016-05-25 18:14:40'),
	(8,86,3,'2016-05-25 18:14:40','2016-05-25 18:14:40'),
	(9,56,74,'2016-05-25 18:14:40','2016-05-25 18:14:40'),
	(10,26,10,'2016-05-25 18:14:40','2016-05-25 18:14:40'),
	(11,92,53,'2016-05-25 18:14:40','2016-05-25 18:14:40'),
	(12,78,79,'2016-05-25 18:14:40','2016-05-25 18:14:40'),
	(13,88,61,'2016-05-25 18:14:40','2016-05-25 18:14:40'),
	(14,8,2,'2016-05-25 18:14:40','2016-05-25 18:14:40'),
	(15,68,42,'2016-05-25 18:14:40','2016-05-25 18:14:40'),
	(16,52,99,'2016-05-25 18:14:40','2016-05-25 18:14:40'),
	(17,75,17,'2016-05-25 18:14:40','2016-05-25 18:14:40'),
	(18,28,23,'2016-05-25 18:14:40','2016-05-25 18:14:40'),
	(19,40,71,'2016-05-25 18:14:40','2016-05-25 18:14:40'),
	(20,61,95,'2016-05-25 18:14:40','2016-05-25 18:14:40'),
	(21,37,37,'2016-05-25 18:14:40','2016-05-25 18:14:40'),
	(22,33,5,'2016-05-25 18:14:40','2016-05-25 18:14:40'),
	(23,38,84,'2016-05-25 18:14:40','2016-05-25 18:14:40'),
	(24,74,76,'2016-05-25 18:14:40','2016-05-25 18:14:40'),
	(25,30,44,'2016-05-25 18:14:40','2016-05-25 18:14:40'),
	(26,14,13,'2016-05-25 18:14:40','2016-05-25 18:14:40'),
	(27,44,23,'2016-05-25 18:14:40','2016-05-25 18:14:40'),
	(28,93,48,'2016-05-25 18:14:40','2016-05-25 18:14:40'),
	(29,95,77,'2016-05-25 18:14:40','2016-05-25 18:14:40'),
	(30,43,90,'2016-05-25 18:14:40','2016-05-25 18:14:40'),
	(31,71,3,'2016-05-25 18:14:40','2016-05-25 18:14:40'),
	(32,20,38,'2016-05-25 18:14:40','2016-05-25 18:14:40'),
	(33,52,43,'2016-05-25 18:14:40','2016-05-25 18:14:40'),
	(34,100,10,'2016-05-25 18:14:40','2016-05-25 18:14:40'),
	(35,41,100,'2016-05-25 18:14:40','2016-05-25 18:14:40'),
	(36,75,74,'2016-05-25 18:14:40','2016-05-25 18:14:40'),
	(37,24,6,'2016-05-25 18:14:40','2016-05-25 18:14:40'),
	(38,56,16,'2016-05-25 18:14:40','2016-05-25 18:14:40'),
	(39,23,59,'2016-05-25 18:14:40','2016-05-25 18:14:40'),
	(40,13,96,'2016-05-25 18:14:40','2016-05-25 18:14:40'),
	(41,29,98,'2016-05-25 18:14:40','2016-05-25 18:14:40'),
	(42,59,17,'2016-05-25 18:14:40','2016-05-25 18:14:40'),
	(43,60,50,'2016-05-25 18:14:40','2016-05-25 18:14:40'),
	(44,38,11,'2016-05-25 18:14:40','2016-05-25 18:14:40'),
	(45,35,54,'2016-05-25 18:14:40','2016-05-25 18:14:40'),
	(46,79,51,'2016-05-25 18:14:40','2016-05-25 18:14:40'),
	(47,27,22,'2016-05-25 18:14:40','2016-05-25 18:14:40'),
	(48,65,20,'2016-05-25 18:14:40','2016-05-25 18:14:40'),
	(49,80,52,'2016-05-25 18:14:40','2016-05-25 18:14:40'),
	(50,65,42,'2016-05-25 18:14:40','2016-05-25 18:14:40'),
	(51,57,54,'2016-05-25 18:14:40','2016-05-25 18:14:40'),
	(52,4,63,'2016-05-25 18:14:40','2016-05-25 18:14:40'),
	(53,26,87,'2016-05-25 18:14:40','2016-05-25 18:14:40'),
	(54,35,76,'2016-05-25 18:14:40','2016-05-25 18:14:40'),
	(55,97,16,'2016-05-25 18:14:40','2016-05-25 18:14:40'),
	(56,80,25,'2016-05-25 18:14:40','2016-05-25 18:14:40'),
	(57,80,39,'2016-05-25 18:14:40','2016-05-25 18:14:40'),
	(58,13,72,'2016-05-25 18:14:40','2016-05-25 18:14:40'),
	(59,61,67,'2016-05-25 18:14:40','2016-05-25 18:14:40'),
	(60,21,67,'2016-05-25 18:14:40','2016-05-25 18:14:40'),
	(61,65,42,'2016-05-25 18:14:40','2016-05-25 18:14:40'),
	(62,80,48,'2016-05-25 18:14:40','2016-05-25 18:14:40'),
	(63,65,39,'2016-05-25 18:14:40','2016-05-25 18:14:40'),
	(64,76,44,'2016-05-25 18:14:40','2016-05-25 18:14:40'),
	(65,53,68,'2016-05-25 18:14:40','2016-05-25 18:14:40'),
	(66,23,4,'2016-05-25 18:14:40','2016-05-25 18:14:40'),
	(67,59,70,'2016-05-25 18:14:40','2016-05-25 18:14:40'),
	(68,95,81,'2016-05-25 18:14:40','2016-05-25 18:14:40'),
	(69,67,90,'2016-05-25 18:14:40','2016-05-25 18:14:40'),
	(70,2,75,'2016-05-25 18:14:40','2016-05-25 18:14:40'),
	(71,46,44,'2016-05-25 18:14:40','2016-05-25 18:14:40'),
	(72,76,20,'2016-05-25 18:14:40','2016-05-25 18:14:40'),
	(73,8,85,'2016-05-25 18:14:40','2016-05-25 18:14:40'),
	(74,39,89,'2016-05-25 18:14:40','2016-05-25 18:14:40'),
	(75,16,13,'2016-05-25 18:14:40','2016-05-25 18:14:40'),
	(76,93,55,'2016-05-25 18:14:40','2016-05-25 18:14:40'),
	(77,73,53,'2016-05-25 18:14:40','2016-05-25 18:14:40'),
	(78,43,99,'2016-05-25 18:14:40','2016-05-25 18:14:40'),
	(79,20,15,'2016-05-25 18:14:40','2016-05-25 18:14:40'),
	(80,1,5,'2016-05-25 18:14:40','2016-05-25 18:14:40'),
	(81,56,33,'2016-05-25 18:14:40','2016-05-25 18:14:40'),
	(82,78,44,'2016-05-25 18:14:40','2016-05-25 18:14:40'),
	(83,78,75,'2016-05-25 18:14:40','2016-05-25 18:14:40'),
	(84,67,61,'2016-05-25 18:14:40','2016-05-25 18:14:40'),
	(85,46,69,'2016-05-25 18:14:40','2016-05-25 18:14:40'),
	(86,98,87,'2016-05-25 18:14:40','2016-05-25 18:14:40'),
	(87,47,57,'2016-05-25 18:14:40','2016-05-25 18:14:40'),
	(88,30,12,'2016-05-25 18:14:40','2016-05-25 18:14:40'),
	(89,51,43,'2016-05-25 18:14:40','2016-05-25 18:14:40'),
	(90,36,25,'2016-05-25 18:14:40','2016-05-25 18:14:40'),
	(91,30,76,'2016-05-25 18:14:40','2016-05-25 18:14:40'),
	(92,50,30,'2016-05-25 18:14:40','2016-05-25 18:14:40'),
	(93,22,78,'2016-05-25 18:14:40','2016-05-25 18:14:40'),
	(94,4,70,'2016-05-25 18:14:40','2016-05-25 18:14:40'),
	(95,91,3,'2016-05-25 18:14:40','2016-05-25 18:14:40'),
	(96,39,54,'2016-05-25 18:14:40','2016-05-25 18:14:40'),
	(97,68,11,'2016-05-25 18:14:40','2016-05-25 18:14:40'),
	(98,76,26,'2016-05-25 18:14:40','2016-05-25 18:14:40'),
	(99,68,23,'2016-05-25 18:14:40','2016-05-25 18:14:40'),
	(100,63,37,'2016-05-25 18:14:40','2016-05-25 18:14:40');

/*!40000 ALTER TABLE `order_meal` ENABLE KEYS */;
UNLOCK TABLES;


# Dump of table order_user
# ------------------------------------------------------------

DROP TABLE IF EXISTS `order_user`;

CREATE TABLE `order_user` (
  `id` int(10) unsigned NOT NULL AUTO_INCREMENT,
  `user_id` int(10) unsigned NOT NULL,
  `order_id` int(10) unsigned NOT NULL,
  `type` varchar(255) COLLATE utf8_unicode_ci NOT NULL,
  `created_at` timestamp NULL DEFAULT NULL,
  `updated_at` timestamp NULL DEFAULT NULL,
  PRIMARY KEY (`id`),
  KEY `order_user_user_id_foreign` (`user_id`),
  KEY `order_user_order_id_foreign` (`order_id`),
  CONSTRAINT `order_user_order_id_foreign` FOREIGN KEY (`order_id`) REFERENCES `orders` (`id`),
  CONSTRAINT `order_user_user_id_foreign` FOREIGN KEY (`user_id`) REFERENCES `users` (`id`)
) ENGINE=InnoDB DEFAULT CHARSET=utf8 COLLATE=utf8_unicode_ci;

LOCK TABLES `order_user` WRITE;
/*!40000 ALTER TABLE `order_user` DISABLE KEYS */;

INSERT INTO `order_user` (`id`, `user_id`, `order_id`, `type`, `created_at`, `updated_at`)
VALUES
	(1,63,87,'iusto','2016-05-25 18:17:55','2016-05-25 18:17:55'),
	(2,17,35,'voluptatem','2016-05-25 18:17:55','2016-05-25 18:17:55'),
	(3,3,79,'deserunt','2016-05-25 18:17:55','2016-05-25 18:17:55'),
	(4,17,62,'numquam','2016-05-25 18:17:55','2016-05-25 18:17:55'),
	(5,31,44,'necessitatibus','2016-05-25 18:17:55','2016-05-25 18:17:55'),
	(6,50,100,'vero','2016-05-25 18:17:55','2016-05-25 18:17:55'),
	(7,13,80,'nihil','2016-05-25 18:17:55','2016-05-25 18:17:55'),
	(8,53,61,'non','2016-05-25 18:17:55','2016-05-25 18:17:55'),
	(9,88,12,'aut','2016-05-25 18:17:55','2016-05-25 18:17:55'),
	(10,2,21,'aut','2016-05-25 18:17:55','2016-05-25 18:17:55'),
	(11,22,84,'harum','2016-05-25 18:17:55','2016-05-25 18:17:55'),
	(12,56,7,'ut','2016-05-25 18:17:55','2016-05-25 18:17:55'),
	(13,93,41,'laboriosam','2016-05-25 18:17:55','2016-05-25 18:17:55'),
	(14,34,70,'omnis','2016-05-25 18:17:55','2016-05-25 18:17:55'),
	(15,13,50,'a','2016-05-25 18:17:55','2016-05-25 18:17:55'),
	(16,92,29,'est','2016-05-25 18:17:55','2016-05-25 18:17:55'),
	(17,62,34,'molestias','2016-05-25 18:17:55','2016-05-25 18:17:55'),
	(18,37,20,'accusantium','2016-05-25 18:17:55','2016-05-25 18:17:55'),
	(19,23,22,'doloribus','2016-05-25 18:17:55','2016-05-25 18:17:55'),
	(20,31,93,'rerum','2016-05-25 18:17:55','2016-05-25 18:17:55'),
	(21,30,62,'temporibus','2016-05-25 18:17:55','2016-05-25 18:17:55'),
	(22,55,75,'molestiae','2016-05-25 18:17:55','2016-05-25 18:17:55'),
	(23,73,71,'omnis','2016-05-25 18:17:55','2016-05-25 18:17:55'),
	(24,67,15,'magni','2016-05-25 18:17:55','2016-05-25 18:17:55'),
	(25,96,74,'ex','2016-05-25 18:17:55','2016-05-25 18:17:55'),
	(26,8,54,'facere','2016-05-25 18:17:55','2016-05-25 18:17:55'),
	(27,3,17,'aut','2016-05-25 18:17:55','2016-05-25 18:17:55'),
	(28,76,40,'vitae','2016-05-25 18:17:55','2016-05-25 18:17:55'),
	(29,23,24,'dolore','2016-05-25 18:17:55','2016-05-25 18:17:55'),
	(30,14,33,'iusto','2016-05-25 18:17:55','2016-05-25 18:17:55'),
	(31,66,41,'et','2016-05-25 18:17:55','2016-05-25 18:17:55'),
	(32,29,61,'iure','2016-05-25 18:17:55','2016-05-25 18:17:55'),
	(33,36,44,'aliquam','2016-05-25 18:17:55','2016-05-25 18:17:55'),
	(34,48,1,'laboriosam','2016-05-25 18:17:55','2016-05-25 18:17:55'),
	(35,46,82,'et','2016-05-25 18:17:55','2016-05-25 18:17:55'),
	(36,76,51,'ex','2016-05-25 18:17:55','2016-05-25 18:17:55'),
	(37,75,84,'consequatur','2016-05-25 18:17:55','2016-05-25 18:17:55'),
	(38,60,44,'tempore','2016-05-25 18:17:55','2016-05-25 18:17:55'),
	(39,52,98,'asperiores','2016-05-25 18:17:55','2016-05-25 18:17:55'),
	(40,27,75,'rerum','2016-05-25 18:17:55','2016-05-25 18:17:55'),
	(41,14,43,'repellendus','2016-05-25 18:17:55','2016-05-25 18:17:55'),
	(42,44,87,'aspernatur','2016-05-25 18:17:55','2016-05-25 18:17:55'),
	(43,62,77,'vel','2016-05-25 18:17:55','2016-05-25 18:17:55'),
	(44,100,46,'qui','2016-05-25 18:17:55','2016-05-25 18:17:55'),
	(45,10,94,'dolore','2016-05-25 18:17:55','2016-05-25 18:17:55'),
	(46,22,12,'delectus','2016-05-25 18:17:55','2016-05-25 18:17:55'),
	(47,11,38,'at','2016-05-25 18:17:55','2016-05-25 18:17:55'),
	(48,54,11,'nihil','2016-05-25 18:17:55','2016-05-25 18:17:55'),
	(49,89,16,'et','2016-05-25 18:17:55','2016-05-25 18:17:55'),
	(50,50,10,'et','2016-05-25 18:17:55','2016-05-25 18:17:55'),
	(51,51,10,'ut','2016-05-25 18:17:55','2016-05-25 18:17:55'),
	(52,48,60,'sunt','2016-05-25 18:17:55','2016-05-25 18:17:55'),
	(53,16,70,'assumenda','2016-05-25 18:17:55','2016-05-25 18:17:55'),
	(54,26,23,'sed','2016-05-25 18:17:55','2016-05-25 18:17:55'),
	(55,42,65,'beatae','2016-05-25 18:17:55','2016-05-25 18:17:55'),
	(56,28,65,'in','2016-05-25 18:17:55','2016-05-25 18:17:55'),
	(57,100,78,'in','2016-05-25 18:17:55','2016-05-25 18:17:55'),
	(58,28,1,'similique','2016-05-25 18:17:55','2016-05-25 18:17:55'),
	(59,35,82,'perferendis','2016-05-25 18:17:55','2016-05-25 18:17:55'),
	(60,35,98,'quam','2016-05-25 18:17:55','2016-05-25 18:17:55'),
	(61,4,54,'iusto','2016-05-25 18:17:55','2016-05-25 18:17:55'),
	(62,16,44,'aspernatur','2016-05-25 18:17:55','2016-05-25 18:17:55'),
	(63,100,11,'numquam','2016-05-25 18:17:55','2016-05-25 18:17:55'),
	(64,87,50,'fuga','2016-05-25 18:17:55','2016-05-25 18:17:55'),
	(65,15,30,'explicabo','2016-05-25 18:17:55','2016-05-25 18:17:55'),
	(66,40,40,'corporis','2016-05-25 18:17:55','2016-05-25 18:17:55'),
	(67,29,41,'fugiat','2016-05-25 18:17:55','2016-05-25 18:17:55'),
	(68,77,46,'perferendis','2016-05-25 18:17:55','2016-05-25 18:17:55'),
	(69,96,68,'molestias','2016-05-25 18:17:55','2016-05-25 18:17:55'),
	(70,67,7,'id','2016-05-25 18:17:55','2016-05-25 18:17:55'),
	(71,9,80,'harum','2016-05-25 18:17:55','2016-05-25 18:17:55'),
	(72,22,6,'rerum','2016-05-25 18:17:55','2016-05-25 18:17:55'),
	(73,36,93,'vitae','2016-05-25 18:17:55','2016-05-25 18:17:55'),
	(74,23,51,'nobis','2016-05-25 18:17:55','2016-05-25 18:17:55'),
	(75,32,58,'cum','2016-05-25 18:17:55','2016-05-25 18:17:55'),
	(76,71,95,'quos','2016-05-25 18:17:55','2016-05-25 18:17:55'),
	(77,69,60,'qui','2016-05-25 18:17:55','2016-05-25 18:17:55'),
	(78,54,31,'quo','2016-05-25 18:17:55','2016-05-25 18:17:55'),
	(79,54,77,'odit','2016-05-25 18:17:55','2016-05-25 18:17:55'),
	(80,30,100,'harum','2016-05-25 18:17:55','2016-05-25 18:17:55'),
	(81,46,47,'fugit','2016-05-25 18:17:55','2016-05-25 18:17:55'),
	(82,59,77,'deserunt','2016-05-25 18:17:55','2016-05-25 18:17:55'),
	(83,64,78,'quia','2016-05-25 18:17:55','2016-05-25 18:17:55'),
	(84,60,3,'officia','2016-05-25 18:17:55','2016-05-25 18:17:55'),
	(85,42,95,'ut','2016-05-25 18:17:55','2016-05-25 18:17:55'),
	(86,6,82,'tenetur','2016-05-25 18:17:55','2016-05-25 18:17:55'),
	(87,6,95,'velit','2016-05-25 18:17:55','2016-05-25 18:17:55'),
	(88,35,77,'reprehenderit','2016-05-25 18:17:55','2016-05-25 18:17:55'),
	(89,31,54,'voluptate','2016-05-25 18:17:55','2016-05-25 18:17:55'),
	(90,8,4,'autem','2016-05-25 18:17:55','2016-05-25 18:17:55'),
	(91,85,8,'aut','2016-05-25 18:17:55','2016-05-25 18:17:55'),
	(92,55,41,'repellendus','2016-05-25 18:17:55','2016-05-25 18:17:55'),
	(93,32,18,'est','2016-05-25 18:17:55','2016-05-25 18:17:55'),
	(94,18,46,'vero','2016-05-25 18:17:55','2016-05-25 18:17:55'),
	(95,59,96,'quibusdam','2016-05-25 18:17:55','2016-05-25 18:17:55'),
	(96,51,59,'occaecati','2016-05-25 18:17:55','2016-05-25 18:17:55'),
	(97,62,52,'nam','2016-05-25 18:17:55','2016-05-25 18:17:55'),
	(98,12,64,'fugiat','2016-05-25 18:17:55','2016-05-25 18:17:55'),
	(99,67,52,'asperiores','2016-05-25 18:17:55','2016-05-25 18:17:55'),
	(100,24,46,'neque','2016-05-25 18:17:55','2016-05-25 18:17:55'),
	(101,55,2,'necessitatibus','2016-05-27 15:35:57','2016-05-27 15:35:57'),
	(102,47,12,'ut','2016-05-27 15:35:57','2016-05-27 15:35:57'),
	(103,57,93,'molestiae','2016-05-27 15:35:57','2016-05-27 15:35:57'),
	(104,60,8,'quam','2016-05-27 15:35:57','2016-05-27 15:35:57'),
	(105,32,10,'id','2016-05-27 15:35:57','2016-05-27 15:35:57'),
	(106,48,11,'est','2016-05-27 15:35:57','2016-05-27 15:35:57'),
	(107,29,87,'distinctio','2016-05-27 15:35:57','2016-05-27 15:35:57'),
	(108,85,63,'accusamus','2016-05-27 15:35:57','2016-05-27 15:35:57'),
	(109,96,22,'accusantium','2016-05-27 15:35:57','2016-05-27 15:35:57'),
	(110,78,79,'voluptas','2016-05-27 15:35:57','2016-05-27 15:35:57'),
	(111,37,18,'quam','2016-05-27 15:35:57','2016-05-27 15:35:57'),
	(112,76,92,'accusamus','2016-05-27 15:35:57','2016-05-27 15:35:57'),
	(113,82,40,'culpa','2016-05-27 15:35:57','2016-05-27 15:35:57'),
	(114,44,41,'similique','2016-05-27 15:35:57','2016-05-27 15:35:57'),
	(115,4,93,'consectetur','2016-05-27 15:35:57','2016-05-27 15:35:57'),
	(116,91,79,'suscipit','2016-05-27 15:35:57','2016-05-27 15:35:57'),
	(117,95,95,'quas','2016-05-27 15:35:57','2016-05-27 15:35:57'),
	(118,100,15,'aut','2016-05-27 15:35:57','2016-05-27 15:35:57'),
	(119,72,25,'animi','2016-05-27 15:35:57','2016-05-27 15:35:57'),
	(120,89,73,'quas','2016-05-27 15:35:57','2016-05-27 15:35:57'),
	(121,55,43,'voluptatibus','2016-05-27 15:35:57','2016-05-27 15:35:57'),
	(122,47,92,'id','2016-05-27 15:35:57','2016-05-27 15:35:57'),
	(123,69,37,'qui','2016-05-27 15:35:57','2016-05-27 15:35:57'),
	(124,52,18,'qui','2016-05-27 15:35:57','2016-05-27 15:35:57'),
	(125,94,99,'maxime','2016-05-27 15:35:57','2016-05-27 15:35:57'),
	(126,83,31,'officiis','2016-05-27 15:35:57','2016-05-27 15:35:57'),
	(127,62,60,'qui','2016-05-27 15:35:57','2016-05-27 15:35:57'),
	(128,3,91,'voluptatem','2016-05-27 15:35:57','2016-05-27 15:35:57'),
	(129,48,6,'error','2016-05-27 15:35:57','2016-05-27 15:35:57'),
	(130,9,36,'id','2016-05-27 15:35:57','2016-05-27 15:35:57'),
	(131,38,35,'eaque','2016-05-27 15:35:57','2016-05-27 15:35:57'),
	(132,68,34,'ex','2016-05-27 15:35:57','2016-05-27 15:35:57'),
	(133,33,35,'deserunt','2016-05-27 15:35:57','2016-05-27 15:35:57'),
	(134,86,94,'ut','2016-05-27 15:35:57','2016-05-27 15:35:57'),
	(135,35,29,'aut','2016-05-27 15:35:57','2016-05-27 15:35:57'),
	(136,7,29,'ad','2016-05-27 15:35:57','2016-05-27 15:35:57'),
	(137,34,69,'architecto','2016-05-27 15:35:57','2016-05-27 15:35:57'),
	(138,79,25,'quaerat','2016-05-27 15:35:57','2016-05-27 15:35:57'),
	(139,52,72,'necessitatibus','2016-05-27 15:35:57','2016-05-27 15:35:57'),
	(140,59,66,'quo','2016-05-27 15:35:57','2016-05-27 15:35:57'),
	(141,64,53,'qui','2016-05-27 15:35:57','2016-05-27 15:35:57'),
	(142,20,71,'est','2016-05-27 15:35:57','2016-05-27 15:35:57'),
	(143,94,58,'est','2016-05-27 15:35:57','2016-05-27 15:35:57'),
	(144,36,23,'eveniet','2016-05-27 15:35:57','2016-05-27 15:35:57'),
	(145,28,6,'molestias','2016-05-27 15:35:57','2016-05-27 15:35:57'),
	(146,8,73,'et','2016-05-27 15:35:57','2016-05-27 15:35:57'),
	(147,36,8,'pariatur','2016-05-27 15:35:57','2016-05-27 15:35:57'),
	(148,13,80,'libero','2016-05-27 15:35:57','2016-05-27 15:35:57'),
	(149,96,37,'fuga','2016-05-27 15:35:57','2016-05-27 15:35:57'),
	(150,15,14,'blanditiis','2016-05-27 15:35:57','2016-05-27 15:35:57'),
	(151,84,31,'voluptatibus','2016-05-27 15:35:57','2016-05-27 15:35:57'),
	(152,38,63,'asperiores','2016-05-27 15:35:57','2016-05-27 15:35:57'),
	(153,5,25,'quia','2016-05-27 15:35:57','2016-05-27 15:35:57'),
	(154,36,18,'omnis','2016-05-27 15:35:57','2016-05-27 15:35:57'),
	(155,12,53,'aliquid','2016-05-27 15:35:57','2016-05-27 15:35:57'),
	(156,73,34,'dicta','2016-05-27 15:35:57','2016-05-27 15:35:57'),
	(157,84,38,'dignissimos','2016-05-27 15:35:57','2016-05-27 15:35:57'),
	(158,88,20,'aut','2016-05-27 15:35:57','2016-05-27 15:35:57'),
	(159,97,50,'sit','2016-05-27 15:35:57','2016-05-27 15:35:57'),
	(160,58,73,'doloribus','2016-05-27 15:35:57','2016-05-27 15:35:57'),
	(161,84,93,'officia','2016-05-27 15:35:57','2016-05-27 15:35:57'),
	(162,35,65,'nemo','2016-05-27 15:35:57','2016-05-27 15:35:57'),
	(163,83,67,'eveniet','2016-05-27 15:35:57','2016-05-27 15:35:57'),
	(164,40,51,'dicta','2016-05-27 15:35:57','2016-05-27 15:35:57'),
	(165,2,4,'iste','2016-05-27 15:35:57','2016-05-27 15:35:57'),
	(166,44,52,'quia','2016-05-27 15:35:57','2016-05-27 15:35:57'),
	(167,88,14,'corrupti','2016-05-27 15:35:57','2016-05-27 15:35:57'),
	(168,79,14,'animi','2016-05-27 15:35:57','2016-05-27 15:35:57'),
	(169,74,3,'doloribus','2016-05-27 15:35:57','2016-05-27 15:35:57'),
	(170,26,79,'quia','2016-05-27 15:35:57','2016-05-27 15:35:57'),
	(171,45,93,'dolor','2016-05-27 15:35:57','2016-05-27 15:35:57'),
	(172,16,45,'id','2016-05-27 15:35:57','2016-05-27 15:35:57'),
	(173,98,55,'et','2016-05-27 15:35:57','2016-05-27 15:35:57'),
	(174,69,16,'qui','2016-05-27 15:35:57','2016-05-27 15:35:57'),
	(175,56,66,'aut','2016-05-27 15:35:57','2016-05-27 15:35:57'),
	(176,42,2,'qui','2016-05-27 15:35:57','2016-05-27 15:35:57'),
	(177,92,80,'corporis','2016-05-27 15:35:57','2016-05-27 15:35:57'),
	(178,84,84,'mollitia','2016-05-27 15:35:58','2016-05-27 15:35:58'),
	(179,41,45,'nam','2016-05-27 15:35:58','2016-05-27 15:35:58'),
	(180,47,67,'dolores','2016-05-27 15:35:58','2016-05-27 15:35:58'),
	(181,88,13,'quidem','2016-05-27 15:35:58','2016-05-27 15:35:58'),
	(182,18,10,'rem','2016-05-27 15:35:58','2016-05-27 15:35:58'),
	(183,66,80,'suscipit','2016-05-27 15:35:58','2016-05-27 15:35:58'),
	(184,25,64,'velit','2016-05-27 15:35:58','2016-05-27 15:35:58'),
	(185,70,79,'repellat','2016-05-27 15:35:58','2016-05-27 15:35:58'),
	(186,20,84,'earum','2016-05-27 15:35:58','2016-05-27 15:35:58'),
	(187,10,67,'et','2016-05-27 15:35:58','2016-05-27 15:35:58'),
	(188,56,31,'non','2016-05-27 15:35:58','2016-05-27 15:35:58'),
	(189,99,34,'tempora','2016-05-27 15:35:58','2016-05-27 15:35:58'),
	(190,33,56,'debitis','2016-05-27 15:35:58','2016-05-27 15:35:58'),
	(191,11,56,'deleniti','2016-05-27 15:35:58','2016-05-27 15:35:58'),
	(192,31,55,'asperiores','2016-05-27 15:35:58','2016-05-27 15:35:58'),
	(193,53,97,'accusamus','2016-05-27 15:35:58','2016-05-27 15:35:58'),
	(194,4,56,'necessitatibus','2016-05-27 15:35:58','2016-05-27 15:35:58'),
	(195,77,97,'est','2016-05-27 15:35:58','2016-05-27 15:35:58'),
	(196,36,97,'a','2016-05-27 15:35:58','2016-05-27 15:35:58'),
	(197,37,40,'voluptatem','2016-05-27 15:35:58','2016-05-27 15:35:58'),
	(198,22,30,'et','2016-05-27 15:35:58','2016-05-27 15:35:58'),
	(199,61,50,'voluptatem','2016-05-27 15:35:58','2016-05-27 15:35:58'),
	(200,33,6,'expedita','2016-05-27 15:35:58','2016-05-27 15:35:58'),
	(201,84,41,'magni','2016-05-31 14:12:02','2016-05-31 14:12:02'),
	(202,3,41,'et','2016-05-31 14:12:02','2016-05-31 14:12:02'),
	(203,5,18,'unde','2016-05-31 14:12:02','2016-05-31 14:12:02'),
	(204,45,80,'nemo','2016-05-31 14:12:02','2016-05-31 14:12:02'),
	(205,8,88,'perspiciatis','2016-05-31 14:12:02','2016-05-31 14:12:02'),
	(206,87,51,'accusamus','2016-05-31 14:12:02','2016-05-31 14:12:02'),
	(207,30,13,'provident','2016-05-31 14:12:02','2016-05-31 14:12:02'),
	(208,29,93,'hic','2016-05-31 14:12:02','2016-05-31 14:12:02'),
	(209,96,15,'non','2016-05-31 14:12:02','2016-05-31 14:12:02'),
	(210,15,41,'rerum','2016-05-31 14:12:02','2016-05-31 14:12:02'),
	(211,51,80,'esse','2016-05-31 14:12:02','2016-05-31 14:12:02'),
	(212,33,5,'in','2016-05-31 14:12:02','2016-05-31 14:12:02'),
	(213,73,3,'ea','2016-05-31 14:12:02','2016-05-31 14:12:02'),
	(214,31,6,'dolorum','2016-05-31 14:12:02','2016-05-31 14:12:02'),
	(215,17,8,'perferendis','2016-05-31 14:12:02','2016-05-31 14:12:02'),
	(216,11,95,'sequi','2016-05-31 14:12:02','2016-05-31 14:12:02'),
	(217,41,34,'aut','2016-05-31 14:12:02','2016-05-31 14:12:02'),
	(218,94,23,'aut','2016-05-31 14:12:02','2016-05-31 14:12:02'),
	(219,29,3,'illo','2016-05-31 14:12:02','2016-05-31 14:12:02'),
	(220,75,60,'voluptatem','2016-05-31 14:12:02','2016-05-31 14:12:02'),
	(221,27,81,'autem','2016-05-31 14:12:02','2016-05-31 14:12:02'),
	(222,66,18,'architecto','2016-05-31 14:12:02','2016-05-31 14:12:02'),
	(223,73,28,'voluptas','2016-05-31 14:12:02','2016-05-31 14:12:02'),
	(224,78,2,'nam','2016-05-31 14:12:02','2016-05-31 14:12:02'),
	(225,89,100,'aut','2016-05-31 14:12:02','2016-05-31 14:12:02'),
	(226,83,82,'quo','2016-05-31 14:12:02','2016-05-31 14:12:02'),
	(227,36,40,'voluptate','2016-05-31 14:12:02','2016-05-31 14:12:02'),
	(228,13,58,'illo','2016-05-31 14:12:02','2016-05-31 14:12:02'),
	(229,15,86,'aliquam','2016-05-31 14:12:02','2016-05-31 14:12:02'),
	(230,12,73,'magnam','2016-05-31 14:12:02','2016-05-31 14:12:02'),
	(231,40,97,'at','2016-05-31 14:12:02','2016-05-31 14:12:02'),
	(232,76,45,'laboriosam','2016-05-31 14:12:02','2016-05-31 14:12:02'),
	(233,75,99,'voluptatem','2016-05-31 14:12:02','2016-05-31 14:12:02'),
	(234,33,13,'laborum','2016-05-31 14:12:02','2016-05-31 14:12:02'),
	(235,53,26,'tempora','2016-05-31 14:12:02','2016-05-31 14:12:02'),
	(236,100,46,'accusantium','2016-05-31 14:12:02','2016-05-31 14:12:02'),
	(237,81,40,'qui','2016-05-31 14:12:02','2016-05-31 14:12:02'),
	(238,39,20,'id','2016-05-31 14:12:02','2016-05-31 14:12:02'),
	(239,92,66,'architecto','2016-05-31 14:12:02','2016-05-31 14:12:02'),
	(240,72,71,'cum','2016-05-31 14:12:02','2016-05-31 14:12:02'),
	(241,25,79,'voluptas','2016-05-31 14:12:02','2016-05-31 14:12:02'),
	(242,38,15,'iusto','2016-05-31 14:12:02','2016-05-31 14:12:02'),
	(243,3,64,'et','2016-05-31 14:12:02','2016-05-31 14:12:02'),
	(244,84,15,'ullam','2016-05-31 14:12:02','2016-05-31 14:12:02'),
	(245,59,74,'in','2016-05-31 14:12:02','2016-05-31 14:12:02'),
	(246,68,36,'eos','2016-05-31 14:12:02','2016-05-31 14:12:02'),
	(247,88,86,'natus','2016-05-31 14:12:02','2016-05-31 14:12:02'),
	(248,100,92,'voluptatem','2016-05-31 14:12:02','2016-05-31 14:12:02'),
	(249,31,62,'ut','2016-05-31 14:12:02','2016-05-31 14:12:02'),
	(250,97,2,'perferendis','2016-05-31 14:12:02','2016-05-31 14:12:02'),
	(251,94,60,'maiores','2016-05-31 14:12:02','2016-05-31 14:12:02'),
	(252,4,4,'veritatis','2016-05-31 14:12:02','2016-05-31 14:12:02'),
	(253,20,65,'quia','2016-05-31 14:12:02','2016-05-31 14:12:02'),
	(254,4,49,'et','2016-05-31 14:12:02','2016-05-31 14:12:02'),
	(255,74,49,'odit','2016-05-31 14:12:02','2016-05-31 14:12:02'),
	(256,17,46,'omnis','2016-05-31 14:12:02','2016-05-31 14:12:02'),
	(257,46,90,'nihil','2016-05-31 14:12:02','2016-05-31 14:12:02'),
	(258,18,34,'provident','2016-05-31 14:12:02','2016-05-31 14:12:02'),
	(259,36,60,'maiores','2016-05-31 14:12:02','2016-05-31 14:12:02'),
	(260,10,50,'a','2016-05-31 14:12:02','2016-05-31 14:12:02'),
	(261,49,33,'nihil','2016-05-31 14:12:02','2016-05-31 14:12:02'),
	(262,56,8,'odio','2016-05-31 14:12:02','2016-05-31 14:12:02'),
	(263,43,83,'explicabo','2016-05-31 14:12:02','2016-05-31 14:12:02'),
	(264,47,11,'molestias','2016-05-31 14:12:02','2016-05-31 14:12:02'),
	(265,93,21,'est','2016-05-31 14:12:02','2016-05-31 14:12:02'),
	(266,42,71,'incidunt','2016-05-31 14:12:02','2016-05-31 14:12:02'),
	(267,56,79,'voluptates','2016-05-31 14:12:02','2016-05-31 14:12:02'),
	(268,67,75,'accusantium','2016-05-31 14:12:02','2016-05-31 14:12:02'),
	(269,73,58,'voluptas','2016-05-31 14:12:02','2016-05-31 14:12:02'),
	(270,17,91,'quia','2016-05-31 14:12:02','2016-05-31 14:12:02'),
	(271,22,3,'eaque','2016-05-31 14:12:02','2016-05-31 14:12:02'),
	(272,88,23,'quod','2016-05-31 14:12:02','2016-05-31 14:12:02'),
	(273,10,30,'ex','2016-05-31 14:12:02','2016-05-31 14:12:02'),
	(274,8,44,'amet','2016-05-31 14:12:02','2016-05-31 14:12:02'),
	(275,28,54,'sunt','2016-05-31 14:12:02','2016-05-31 14:12:02'),
	(276,78,35,'facere','2016-05-31 14:12:02','2016-05-31 14:12:02'),
	(277,64,63,'officia','2016-05-31 14:12:02','2016-05-31 14:12:02'),
	(278,74,66,'velit','2016-05-31 14:12:02','2016-05-31 14:12:02'),
	(279,81,19,'et','2016-05-31 14:12:02','2016-05-31 14:12:02'),
	(280,75,80,'nulla','2016-05-31 14:12:02','2016-05-31 14:12:02'),
	(281,29,13,'et','2016-05-31 14:12:02','2016-05-31 14:12:02'),
	(282,13,4,'veritatis','2016-05-31 14:12:02','2016-05-31 14:12:02'),
	(283,82,93,'a','2016-05-31 14:12:02','2016-05-31 14:12:02'),
	(284,48,18,'qui','2016-05-31 14:12:02','2016-05-31 14:12:02'),
	(285,98,12,'sed','2016-05-31 14:12:02','2016-05-31 14:12:02'),
	(286,88,77,'corporis','2016-05-31 14:12:02','2016-05-31 14:12:02'),
	(287,100,15,'non','2016-05-31 14:12:02','2016-05-31 14:12:02'),
	(288,55,16,'autem','2016-05-31 14:12:02','2016-05-31 14:12:02'),
	(289,14,69,'iure','2016-05-31 14:12:02','2016-05-31 14:12:02'),
	(290,98,6,'iure','2016-05-31 14:12:02','2016-05-31 14:12:02'),
	(291,34,40,'ducimus','2016-05-31 14:12:02','2016-05-31 14:12:02'),
	(292,54,99,'praesentium','2016-05-31 14:12:02','2016-05-31 14:12:02'),
	(293,55,30,'omnis','2016-05-31 14:12:02','2016-05-31 14:12:02'),
	(294,9,12,'dolores','2016-05-31 14:12:02','2016-05-31 14:12:02'),
	(295,44,92,'quisquam','2016-05-31 14:12:02','2016-05-31 14:12:02'),
	(296,15,32,'iure','2016-05-31 14:12:02','2016-05-31 14:12:02'),
	(297,69,57,'et','2016-05-31 14:12:02','2016-05-31 14:12:02'),
	(298,22,43,'dolores','2016-05-31 14:12:02','2016-05-31 14:12:02'),
	(299,61,45,'nulla','2016-05-31 14:12:02','2016-05-31 14:12:02'),
	(300,80,3,'numquam','2016-05-31 14:12:02','2016-05-31 14:12:02'),
	(301,65,28,'labore','2016-05-31 14:12:04','2016-05-31 14:12:04'),
	(302,26,98,'aut','2016-05-31 14:12:04','2016-05-31 14:12:04'),
	(303,85,62,'ut','2016-05-31 14:12:04','2016-05-31 14:12:04'),
	(304,34,55,'deleniti','2016-05-31 14:12:04','2016-05-31 14:12:04'),
	(305,4,41,'atque','2016-05-31 14:12:04','2016-05-31 14:12:04'),
	(306,84,38,'dignissimos','2016-05-31 14:12:04','2016-05-31 14:12:04'),
	(307,20,74,'quam','2016-05-31 14:12:04','2016-05-31 14:12:04'),
	(308,88,47,'optio','2016-05-31 14:12:04','2016-05-31 14:12:04'),
	(309,5,97,'facilis','2016-05-31 14:12:04','2016-05-31 14:12:04'),
	(310,10,90,'praesentium','2016-05-31 14:12:04','2016-05-31 14:12:04'),
	(311,3,69,'eum','2016-05-31 14:12:04','2016-05-31 14:12:04'),
	(312,46,9,'rerum','2016-05-31 14:12:04','2016-05-31 14:12:04'),
	(313,47,19,'maiores','2016-05-31 14:12:04','2016-05-31 14:12:04'),
	(314,82,70,'reprehenderit','2016-05-31 14:12:04','2016-05-31 14:12:04'),
	(315,11,72,'voluptatem','2016-05-31 14:12:04','2016-05-31 14:12:04'),
	(316,72,20,'quod','2016-05-31 14:12:04','2016-05-31 14:12:04'),
	(317,69,49,'magnam','2016-05-31 14:12:04','2016-05-31 14:12:04'),
	(318,77,62,'officiis','2016-05-31 14:12:04','2016-05-31 14:12:04'),
	(319,6,21,'expedita','2016-05-31 14:12:04','2016-05-31 14:12:04'),
	(320,65,64,'dolores','2016-05-31 14:12:04','2016-05-31 14:12:04'),
	(321,70,73,'ipsum','2016-05-31 14:12:04','2016-05-31 14:12:04'),
	(322,7,73,'esse','2016-05-31 14:12:04','2016-05-31 14:12:04'),
	(323,54,28,'dignissimos','2016-05-31 14:12:04','2016-05-31 14:12:04'),
	(324,97,53,'rerum','2016-05-31 14:12:04','2016-05-31 14:12:04'),
	(325,21,89,'est','2016-05-31 14:12:04','2016-05-31 14:12:04'),
	(326,70,20,'consequatur','2016-05-31 14:12:04','2016-05-31 14:12:04'),
	(327,90,58,'hic','2016-05-31 14:12:04','2016-05-31 14:12:04'),
	(328,72,90,'sed','2016-05-31 14:12:04','2016-05-31 14:12:04'),
	(329,61,2,'vel','2016-05-31 14:12:04','2016-05-31 14:12:04'),
	(330,85,39,'architecto','2016-05-31 14:12:04','2016-05-31 14:12:04'),
	(331,70,48,'vero','2016-05-31 14:12:04','2016-05-31 14:12:04'),
	(332,94,78,'aut','2016-05-31 14:12:04','2016-05-31 14:12:04'),
	(333,8,78,'minus','2016-05-31 14:12:04','2016-05-31 14:12:04'),
	(334,78,42,'tempore','2016-05-31 14:12:04','2016-05-31 14:12:04'),
	(335,32,10,'voluptate','2016-05-31 14:12:04','2016-05-31 14:12:04'),
	(336,88,87,'mollitia','2016-05-31 14:12:04','2016-05-31 14:12:04'),
	(337,66,98,'reprehenderit','2016-05-31 14:12:04','2016-05-31 14:12:04'),
	(338,21,59,'ea','2016-05-31 14:12:04','2016-05-31 14:12:04'),
	(339,4,20,'rerum','2016-05-31 14:12:04','2016-05-31 14:12:04'),
	(340,58,41,'corporis','2016-05-31 14:12:04','2016-05-31 14:12:04'),
	(341,57,89,'voluptas','2016-05-31 14:12:04','2016-05-31 14:12:04'),
	(342,63,44,'dolores','2016-05-31 14:12:04','2016-05-31 14:12:04'),
	(343,19,3,'et','2016-05-31 14:12:04','2016-05-31 14:12:04'),
	(344,2,21,'qui','2016-05-31 14:12:04','2016-05-31 14:12:04'),
	(345,66,99,'doloremque','2016-05-31 14:12:04','2016-05-31 14:12:04'),
	(346,78,82,'dolor','2016-05-31 14:12:04','2016-05-31 14:12:04'),
	(347,49,88,'quasi','2016-05-31 14:12:04','2016-05-31 14:12:04'),
	(348,82,57,'consequatur','2016-05-31 14:12:04','2016-05-31 14:12:04'),
	(349,63,83,'porro','2016-05-31 14:12:04','2016-05-31 14:12:04'),
	(350,76,61,'ducimus','2016-05-31 14:12:04','2016-05-31 14:12:04'),
	(351,94,36,'quia','2016-05-31 14:12:04','2016-05-31 14:12:04'),
	(352,76,95,'et','2016-05-31 14:12:04','2016-05-31 14:12:04'),
	(353,41,34,'officiis','2016-05-31 14:12:04','2016-05-31 14:12:04'),
	(354,27,15,'ut','2016-05-31 14:12:04','2016-05-31 14:12:04'),
	(355,17,7,'dolore','2016-05-31 14:12:04','2016-05-31 14:12:04'),
	(356,30,59,'nobis','2016-05-31 14:12:04','2016-05-31 14:12:04'),
	(357,60,20,'quam','2016-05-31 14:12:04','2016-05-31 14:12:04'),
	(358,51,24,'tempora','2016-05-31 14:12:04','2016-05-31 14:12:04'),
	(359,43,54,'ullam','2016-05-31 14:12:04','2016-05-31 14:12:04'),
	(360,31,10,'est','2016-05-31 14:12:04','2016-05-31 14:12:04'),
	(361,18,100,'ut','2016-05-31 14:12:04','2016-05-31 14:12:04'),
	(362,68,81,'odio','2016-05-31 14:12:04','2016-05-31 14:12:04'),
	(363,88,46,'in','2016-05-31 14:12:04','2016-05-31 14:12:04'),
	(364,3,93,'totam','2016-05-31 14:12:04','2016-05-31 14:12:04'),
	(365,69,18,'iure','2016-05-31 14:12:04','2016-05-31 14:12:04'),
	(366,46,67,'eum','2016-05-31 14:12:04','2016-05-31 14:12:04'),
	(367,67,29,'est','2016-05-31 14:12:04','2016-05-31 14:12:04'),
	(368,61,67,'laboriosam','2016-05-31 14:12:04','2016-05-31 14:12:04'),
	(369,16,7,'dolores','2016-05-31 14:12:04','2016-05-31 14:12:04'),
	(370,76,35,'atque','2016-05-31 14:12:04','2016-05-31 14:12:04'),
	(371,25,33,'vero','2016-05-31 14:12:04','2016-05-31 14:12:04'),
	(372,4,82,'exercitationem','2016-05-31 14:12:04','2016-05-31 14:12:04'),
	(373,65,6,'tempora','2016-05-31 14:12:04','2016-05-31 14:12:04'),
	(374,59,69,'voluptatibus','2016-05-31 14:12:04','2016-05-31 14:12:04'),
	(375,63,47,'adipisci','2016-05-31 14:12:04','2016-05-31 14:12:04'),
	(376,68,33,'facilis','2016-05-31 14:12:04','2016-05-31 14:12:04'),
	(377,55,11,'consequuntur','2016-05-31 14:12:04','2016-05-31 14:12:04'),
	(378,25,40,'sunt','2016-05-31 14:12:04','2016-05-31 14:12:04'),
	(379,45,75,'nemo','2016-05-31 14:12:04','2016-05-31 14:12:04'),
	(380,79,26,'dolor','2016-05-31 14:12:04','2016-05-31 14:12:04'),
	(381,83,22,'nihil','2016-05-31 14:12:04','2016-05-31 14:12:04'),
	(382,72,26,'laborum','2016-05-31 14:12:04','2016-05-31 14:12:04'),
	(383,85,37,'a','2016-05-31 14:12:04','2016-05-31 14:12:04'),
	(384,42,49,'natus','2016-05-31 14:12:04','2016-05-31 14:12:04'),
	(385,59,78,'explicabo','2016-05-31 14:12:04','2016-05-31 14:12:04'),
	(386,76,16,'laboriosam','2016-05-31 14:12:04','2016-05-31 14:12:04'),
	(387,64,12,'ab','2016-05-31 14:12:04','2016-05-31 14:12:04'),
	(388,29,83,'iusto','2016-05-31 14:12:04','2016-05-31 14:12:04'),
	(389,48,6,'aut','2016-05-31 14:12:04','2016-05-31 14:12:04'),
	(390,51,21,'autem','2016-05-31 14:12:04','2016-05-31 14:12:04'),
	(391,7,2,'deleniti','2016-05-31 14:12:04','2016-05-31 14:12:04'),
	(392,91,63,'aliquid','2016-05-31 14:12:04','2016-05-31 14:12:04'),
	(393,98,38,'nobis','2016-05-31 14:12:04','2016-05-31 14:12:04'),
	(394,40,51,'ut','2016-05-31 14:12:04','2016-05-31 14:12:04'),
	(395,90,3,'rerum','2016-05-31 14:12:04','2016-05-31 14:12:04'),
	(396,73,27,'occaecati','2016-05-31 14:12:04','2016-05-31 14:12:04'),
	(397,63,44,'cupiditate','2016-05-31 14:12:04','2016-05-31 14:12:04'),
	(398,65,96,'harum','2016-05-31 14:12:04','2016-05-31 14:12:04'),
	(399,35,53,'omnis','2016-05-31 14:12:04','2016-05-31 14:12:04'),
	(400,81,48,'incidunt','2016-05-31 14:12:04','2016-05-31 14:12:04'),
	(401,49,37,'ut','2016-05-31 14:12:04','2016-05-31 14:12:04'),
	(402,21,66,'voluptatem','2016-05-31 14:12:04','2016-05-31 14:12:04'),
	(403,93,69,'et','2016-05-31 14:12:04','2016-05-31 14:12:04'),
	(404,80,99,'maiores','2016-05-31 14:12:04','2016-05-31 14:12:04'),
	(405,6,88,'in','2016-05-31 14:12:04','2016-05-31 14:12:04'),
	(406,37,19,'et','2016-05-31 14:12:04','2016-05-31 14:12:04'),
	(407,56,29,'reiciendis','2016-05-31 14:12:04','2016-05-31 14:12:04'),
	(408,5,29,'qui','2016-05-31 14:12:04','2016-05-31 14:12:04'),
	(409,32,59,'quia','2016-05-31 14:12:04','2016-05-31 14:12:04'),
	(410,20,59,'fugiat','2016-05-31 14:12:04','2016-05-31 14:12:04'),
	(411,50,22,'quam','2016-05-31 14:12:04','2016-05-31 14:12:04'),
	(412,31,19,'et','2016-05-31 14:12:04','2016-05-31 14:12:04'),
	(413,15,26,'quia','2016-05-31 14:12:04','2016-05-31 14:12:04'),
	(414,40,73,'quos','2016-05-31 14:12:04','2016-05-31 14:12:04'),
	(415,73,60,'voluptas','2016-05-31 14:12:04','2016-05-31 14:12:04'),
	(416,30,22,'a','2016-05-31 14:12:04','2016-05-31 14:12:04'),
	(417,69,87,'sed','2016-05-31 14:12:04','2016-05-31 14:12:04'),
	(418,82,59,'laboriosam','2016-05-31 14:12:04','2016-05-31 14:12:04'),
	(419,62,9,'enim','2016-05-31 14:12:04','2016-05-31 14:12:04'),
	(420,84,82,'consequatur','2016-05-31 14:12:04','2016-05-31 14:12:04'),
	(421,100,64,'quisquam','2016-05-31 14:12:04','2016-05-31 14:12:04'),
	(422,46,17,'ut','2016-05-31 14:12:04','2016-05-31 14:12:04'),
	(423,93,22,'cupiditate','2016-05-31 14:12:04','2016-05-31 14:12:04'),
	(424,33,74,'aut','2016-05-31 14:12:04','2016-05-31 14:12:04'),
	(425,18,60,'omnis','2016-05-31 14:12:04','2016-05-31 14:12:04'),
	(426,36,26,'facere','2016-05-31 14:12:04','2016-05-31 14:12:04'),
	(427,4,98,'eum','2016-05-31 14:12:04','2016-05-31 14:12:04'),
	(428,56,64,'reprehenderit','2016-05-31 14:12:04','2016-05-31 14:12:04'),
	(429,31,85,'laboriosam','2016-05-31 14:12:04','2016-05-31 14:12:04'),
	(430,58,14,'veritatis','2016-05-31 14:12:04','2016-05-31 14:12:04'),
	(431,60,77,'ipsam','2016-05-31 14:12:04','2016-05-31 14:12:04'),
	(432,84,99,'vel','2016-05-31 14:12:04','2016-05-31 14:12:04'),
	(433,98,86,'omnis','2016-05-31 14:12:04','2016-05-31 14:12:04'),
	(434,76,6,'dignissimos','2016-05-31 14:12:04','2016-05-31 14:12:04'),
	(435,6,37,'sint','2016-05-31 14:12:04','2016-05-31 14:12:04'),
	(436,50,96,'cum','2016-05-31 14:12:04','2016-05-31 14:12:04'),
	(437,37,44,'voluptatem','2016-05-31 14:12:04','2016-05-31 14:12:04'),
	(438,87,45,'debitis','2016-05-31 14:12:04','2016-05-31 14:12:04'),
	(439,42,92,'non','2016-05-31 14:12:04','2016-05-31 14:12:04'),
	(440,35,61,'necessitatibus','2016-05-31 14:12:04','2016-05-31 14:12:04'),
	(441,48,21,'praesentium','2016-05-31 14:12:04','2016-05-31 14:12:04'),
	(442,7,8,'dolor','2016-05-31 14:12:04','2016-05-31 14:12:04'),
	(443,96,28,'pariatur','2016-05-31 14:12:04','2016-05-31 14:12:04'),
	(444,45,89,'ut','2016-05-31 14:12:04','2016-05-31 14:12:04'),
	(445,89,96,'optio','2016-05-31 14:12:04','2016-05-31 14:12:04'),
	(446,80,62,'nihil','2016-05-31 14:12:04','2016-05-31 14:12:04'),
	(447,81,93,'aut','2016-05-31 14:12:04','2016-05-31 14:12:04'),
	(448,8,13,'placeat','2016-05-31 14:12:04','2016-05-31 14:12:04'),
	(449,92,31,'veniam','2016-05-31 14:12:04','2016-05-31 14:12:04'),
	(450,76,31,'quasi','2016-05-31 14:12:04','2016-05-31 14:12:04'),
	(451,73,18,'nobis','2016-05-31 14:12:04','2016-05-31 14:12:04'),
	(452,98,23,'enim','2016-05-31 14:12:04','2016-05-31 14:12:04'),
	(453,92,60,'modi','2016-05-31 14:12:04','2016-05-31 14:12:04'),
	(454,76,22,'occaecati','2016-05-31 14:12:04','2016-05-31 14:12:04'),
	(455,41,13,'nam','2016-05-31 14:12:04','2016-05-31 14:12:04'),
	(456,25,98,'ipsam','2016-05-31 14:12:04','2016-05-31 14:12:04'),
	(457,54,82,'voluptatem','2016-05-31 14:12:04','2016-05-31 14:12:04'),
	(458,98,3,'itaque','2016-05-31 14:12:04','2016-05-31 14:12:04'),
	(459,4,79,'commodi','2016-05-31 14:12:04','2016-05-31 14:12:04'),
	(460,69,28,'quae','2016-05-31 14:12:04','2016-05-31 14:12:04'),
	(461,20,35,'dolores','2016-05-31 14:12:04','2016-05-31 14:12:04'),
	(462,98,97,'necessitatibus','2016-05-31 14:12:04','2016-05-31 14:12:04'),
	(463,9,1,'sint','2016-05-31 14:12:04','2016-05-31 14:12:04'),
	(464,1,95,'tenetur','2016-05-31 14:12:04','2016-05-31 14:12:04'),
	(465,25,6,'distinctio','2016-05-31 14:12:04','2016-05-31 14:12:04'),
	(466,91,28,'inventore','2016-05-31 14:12:04','2016-05-31 14:12:04'),
	(467,21,76,'rerum','2016-05-31 14:12:04','2016-05-31 14:12:04'),
	(468,55,13,'omnis','2016-05-31 14:12:04','2016-05-31 14:12:04'),
	(469,22,37,'et','2016-05-31 14:12:04','2016-05-31 14:12:04'),
	(470,50,1,'doloribus','2016-05-31 14:12:04','2016-05-31 14:12:04'),
	(471,16,85,'ad','2016-05-31 14:12:04','2016-05-31 14:12:04'),
	(472,7,30,'odio','2016-05-31 14:12:04','2016-05-31 14:12:04'),
	(473,96,20,'laboriosam','2016-05-31 14:12:04','2016-05-31 14:12:04'),
	(474,13,32,'repellendus','2016-05-31 14:12:04','2016-05-31 14:12:04'),
	(475,49,37,'molestias','2016-05-31 14:12:04','2016-05-31 14:12:04'),
	(476,45,1,'ut','2016-05-31 14:12:04','2016-05-31 14:12:04'),
	(477,65,27,'nesciunt','2016-05-31 14:12:04','2016-05-31 14:12:04'),
	(478,68,49,'asperiores','2016-05-31 14:12:04','2016-05-31 14:12:04'),
	(479,22,40,'eligendi','2016-05-31 14:12:04','2016-05-31 14:12:04'),
	(480,31,15,'optio','2016-05-31 14:12:04','2016-05-31 14:12:04'),
	(481,70,8,'voluptatem','2016-05-31 14:12:04','2016-05-31 14:12:04'),
	(482,96,70,'id','2016-05-31 14:12:04','2016-05-31 14:12:04'),
	(483,1,28,'ratione','2016-05-31 14:12:04','2016-05-31 14:12:04'),
	(484,88,22,'illo','2016-05-31 14:12:04','2016-05-31 14:12:04'),
	(485,3,6,'et','2016-05-31 14:12:04','2016-05-31 14:12:04'),
	(486,85,35,'est','2016-05-31 14:12:04','2016-05-31 14:12:04'),
	(487,35,44,'ipsum','2016-05-31 14:12:04','2016-05-31 14:12:04'),
	(488,98,47,'tenetur','2016-05-31 14:12:04','2016-05-31 14:12:04'),
	(489,34,8,'aut','2016-05-31 14:12:04','2016-05-31 14:12:04'),
	(490,22,48,'et','2016-05-31 14:12:04','2016-05-31 14:12:04'),
	(491,61,99,'voluptas','2016-05-31 14:12:04','2016-05-31 14:12:04'),
	(492,9,33,'ut','2016-05-31 14:12:04','2016-05-31 14:12:04'),
	(493,83,5,'magni','2016-05-31 14:12:04','2016-05-31 14:12:04'),
	(494,18,5,'et','2016-05-31 14:12:04','2016-05-31 14:12:04'),
	(495,71,71,'dolorem','2016-05-31 14:12:04','2016-05-31 14:12:04'),
	(496,8,3,'quia','2016-05-31 14:12:04','2016-05-31 14:12:04'),
	(497,92,69,'alias','2016-05-31 14:12:04','2016-05-31 14:12:04'),
	(498,39,51,'nam','2016-05-31 14:12:04','2016-05-31 14:12:04'),
	(499,54,61,'sapiente','2016-05-31 14:12:04','2016-05-31 14:12:04'),
	(500,91,71,'consequatur','2016-05-31 14:12:04','2016-05-31 14:12:04');

/*!40000 ALTER TABLE `order_user` ENABLE KEYS */;
UNLOCK TABLES;


# Dump of table orders
# ------------------------------------------------------------

DROP TABLE IF EXISTS `orders`;

CREATE TABLE `orders` (
  `id` int(10) unsigned NOT NULL AUTO_INCREMENT,
  `total` decimal(8,2) NOT NULL,
  `status` tinyint(1) NOT NULL,
  `cashIn` decimal(8,2) NOT NULL,
  `payment` decimal(8,2) NOT NULL,
  `change` decimal(8,2) NOT NULL,
  `customer_id` int(10) unsigned DEFAULT NULL,
  `created_at` timestamp NULL DEFAULT NULL,
  `updated_at` timestamp NULL DEFAULT NULL,
  PRIMARY KEY (`id`),
  KEY `orders_customer_id_foreign` (`customer_id`),
  CONSTRAINT `orders_customer_id_foreign` FOREIGN KEY (`customer_id`) REFERENCES `customers` (`id`)
) ENGINE=InnoDB DEFAULT CHARSET=utf8 COLLATE=utf8_unicode_ci;

LOCK TABLES `orders` WRITE;
/*!40000 ALTER TABLE `orders` DISABLE KEYS */;

INSERT INTO `orders` (`id`, `total`, `status`, `cashIn`, `payment`, `change`, `customer_id`, `created_at`, `updated_at`)
VALUES
	(1,83.83,1,22.20,21.41,56.40,6,'2016-05-25 18:06:29','2016-05-25 18:06:29'),
	(2,93.81,1,59.19,21.66,60.51,7,'2016-05-25 18:06:29','2016-05-25 18:06:29'),
	(3,95.00,1,79.97,59.33,43.65,10,'2016-05-25 18:06:29','2016-05-25 18:06:29'),
	(4,47.00,0,37.91,90.54,99.70,10,'2016-05-25 18:06:29','2016-05-25 18:06:29'),
	(5,86.63,0,19.16,57.36,90.32,2,'2016-05-25 18:06:29','2016-05-25 18:06:29'),
	(6,87.00,1,11.09,88.08,16.34,1,'2016-05-25 18:06:29','2016-05-25 18:06:29'),
	(7,42.00,0,82.22,20.86,51.00,3,'2016-05-25 18:06:29','2016-05-25 18:06:29'),
	(8,63.16,1,81.60,17.52,24.37,2,'2016-05-25 18:06:29','2016-05-25 18:06:29'),
	(9,95.79,1,38.26,28.34,27.00,5,'2016-05-25 18:06:29','2016-05-25 18:06:29'),
	(10,64.38,1,84.81,57.00,70.04,6,'2016-05-25 18:06:29','2016-05-25 18:06:29'),
	(11,37.90,0,75.00,15.68,81.32,6,'2016-05-25 18:06:29','2016-05-25 18:06:29'),
	(12,16.20,1,69.57,55.64,68.45,6,'2016-05-25 18:06:29','2016-05-25 18:06:29'),
	(13,45.24,1,11.35,47.46,17.36,6,'2016-05-25 18:06:29','2016-05-25 18:06:29'),
	(14,15.92,0,23.86,11.91,20.02,1,'2016-05-25 18:06:29','2016-05-25 18:06:29'),
	(15,23.61,1,58.77,73.12,12.33,4,'2016-05-25 18:06:29','2016-05-25 18:06:29'),
	(16,88.51,0,31.39,45.71,67.45,5,'2016-05-25 18:06:29','2016-05-25 18:06:29'),
	(17,74.74,1,62.88,80.31,35.53,4,'2016-05-25 18:06:29','2016-05-25 18:06:29'),
	(18,97.18,1,84.11,75.73,87.68,1,'2016-05-25 18:06:29','2016-05-25 18:06:29'),
	(19,10.74,0,65.50,16.07,37.70,4,'2016-05-25 18:06:29','2016-05-25 18:06:29'),
	(20,80.00,0,100.00,22.39,51.22,4,'2016-05-25 18:06:29','2016-05-25 18:06:29'),
	(21,43.95,1,64.56,72.46,20.21,3,'2016-05-25 18:06:29','2016-05-25 18:06:29'),
	(22,77.66,1,26.74,39.56,55.04,2,'2016-05-25 18:06:29','2016-05-25 18:06:29'),
	(23,33.86,1,15.42,57.53,61.66,8,'2016-05-25 18:06:29','2016-05-25 18:06:29'),
	(24,10.28,0,45.75,87.45,35.35,8,'2016-05-25 18:06:29','2016-05-25 18:06:29'),
	(25,56.85,0,47.13,51.53,75.80,8,'2016-05-25 18:06:29','2016-05-25 18:06:29'),
	(26,61.04,1,28.05,46.48,85.10,10,'2016-05-25 18:06:29','2016-05-25 18:06:29'),
	(27,57.92,1,45.36,84.77,85.02,2,'2016-05-25 18:06:29','2016-05-25 18:06:29'),
	(28,58.90,0,73.47,68.20,61.65,1,'2016-05-25 18:06:29','2016-05-25 18:06:29'),
	(29,82.89,1,86.25,80.00,18.77,1,'2016-05-25 18:06:29','2016-05-25 18:06:29'),
	(30,57.38,1,52.78,89.09,13.90,7,'2016-05-25 18:06:29','2016-05-25 18:06:29'),
	(31,26.78,0,64.19,47.84,68.00,8,'2016-05-25 18:06:29','2016-05-25 18:06:29'),
	(32,47.68,0,60.70,81.56,74.70,4,'2016-05-25 18:06:29','2016-05-25 18:06:29'),
	(33,68.04,1,12.64,18.62,87.59,8,'2016-05-25 18:06:29','2016-05-25 18:06:29'),
	(34,96.29,0,43.90,69.17,14.48,3,'2016-05-25 18:06:29','2016-05-25 18:06:29'),
	(35,73.33,1,64.50,88.29,62.98,1,'2016-05-25 18:06:29','2016-05-25 18:06:29'),
	(36,32.00,1,18.49,60.90,26.02,3,'2016-05-25 18:06:29','2016-05-25 18:06:29'),
	(37,92.16,1,90.84,90.57,95.36,1,'2016-05-25 18:06:29','2016-05-25 18:06:29'),
	(38,18.82,1,92.93,34.30,66.56,9,'2016-05-25 18:06:29','2016-05-25 18:06:29'),
	(39,54.65,0,32.13,57.45,28.00,8,'2016-05-25 18:06:29','2016-05-25 18:06:29'),
	(40,22.80,1,34.13,57.25,33.98,7,'2016-05-25 18:06:29','2016-05-25 18:06:29'),
	(41,20.43,1,15.00,46.10,82.72,2,'2016-05-25 18:06:29','2016-05-25 18:06:29'),
	(42,94.19,0,75.74,85.87,38.86,6,'2016-05-25 18:06:29','2016-05-25 18:06:29'),
	(43,36.77,1,65.74,62.95,87.11,10,'2016-05-25 18:06:29','2016-05-25 18:06:29'),
	(44,64.77,1,67.94,98.01,99.00,1,'2016-05-25 18:06:29','2016-05-25 18:06:29'),
	(45,58.81,1,46.14,90.99,30.41,8,'2016-05-25 18:06:29','2016-05-25 18:06:29'),
	(46,16.58,0,20.00,59.00,62.89,7,'2016-05-25 18:06:29','2016-05-25 18:06:29'),
	(47,99.00,0,64.66,60.00,72.90,1,'2016-05-25 18:06:29','2016-05-25 18:06:29'),
	(48,30.75,1,57.24,38.98,16.36,5,'2016-05-25 18:06:29','2016-05-25 18:06:29'),
	(49,39.64,1,12.46,92.34,34.88,6,'2016-05-25 18:06:29','2016-05-25 18:06:29'),
	(50,48.18,0,44.90,53.40,51.00,2,'2016-05-25 18:06:29','2016-05-25 18:06:29'),
	(51,78.88,1,72.00,60.13,91.10,6,'2016-05-25 18:06:29','2016-05-25 18:06:29'),
	(52,99.49,0,83.26,11.80,65.54,4,'2016-05-25 18:06:29','2016-05-25 18:06:29'),
	(53,20.08,0,69.79,12.73,82.55,6,'2016-05-25 18:06:29','2016-05-25 18:06:29'),
	(54,79.64,1,76.78,65.01,25.66,10,'2016-05-25 18:06:29','2016-05-25 18:06:29'),
	(55,46.14,1,92.20,26.00,22.17,10,'2016-05-25 18:06:29','2016-05-25 18:06:29'),
	(56,25.27,0,23.60,74.61,80.28,10,'2016-05-25 18:06:29','2016-05-25 18:06:29'),
	(57,90.92,1,31.02,53.40,57.34,8,'2016-05-25 18:06:29','2016-05-25 18:06:29'),
	(58,71.00,0,45.00,78.05,83.00,8,'2016-05-25 18:06:29','2016-05-25 18:06:29'),
	(59,24.00,1,73.45,41.00,70.73,6,'2016-05-25 18:06:29','2016-05-25 18:06:29'),
	(60,92.60,1,68.60,94.40,29.70,7,'2016-05-25 18:06:29','2016-05-25 18:06:29'),
	(61,46.12,0,73.00,65.99,65.00,3,'2016-05-25 18:06:29','2016-05-25 18:06:29'),
	(62,41.57,0,85.13,47.00,91.76,5,'2016-05-25 18:06:29','2016-05-25 18:06:29'),
	(63,36.75,0,80.10,19.73,18.30,3,'2016-05-25 18:06:29','2016-05-25 18:06:29'),
	(64,19.93,1,10.12,15.33,31.64,1,'2016-05-25 18:06:29','2016-05-25 18:06:29'),
	(65,69.62,0,29.18,90.14,79.47,10,'2016-05-25 18:06:29','2016-05-25 18:06:29'),
	(66,28.03,1,52.37,12.00,15.58,8,'2016-05-25 18:06:29','2016-05-25 18:06:29'),
	(67,40.19,0,82.00,89.89,74.09,6,'2016-05-25 18:06:29','2016-05-25 18:06:29'),
	(68,77.00,0,19.27,92.04,92.38,2,'2016-05-25 18:06:29','2016-05-25 18:06:29'),
	(69,87.50,0,91.76,91.00,90.69,10,'2016-05-25 18:06:29','2016-05-25 18:06:29'),
	(70,79.00,1,86.37,17.56,36.77,10,'2016-05-25 18:06:29','2016-05-25 18:06:29'),
	(71,98.00,1,78.98,96.35,52.65,3,'2016-05-25 18:06:29','2016-05-25 18:06:29'),
	(72,58.52,0,74.07,12.56,96.72,7,'2016-05-25 18:06:29','2016-05-25 18:06:29'),
	(73,16.92,0,90.30,89.74,97.86,5,'2016-05-25 18:06:29','2016-05-25 18:06:29'),
	(74,11.75,1,92.91,63.48,62.31,9,'2016-05-25 18:06:29','2016-05-25 18:06:29'),
	(75,99.00,1,41.00,60.80,30.99,1,'2016-05-25 18:06:29','2016-05-25 18:06:29'),
	(76,70.12,0,39.30,25.00,73.36,5,'2016-05-25 18:06:29','2016-05-25 18:06:29'),
	(77,65.50,0,51.81,75.37,74.21,7,'2016-05-25 18:06:29','2016-05-25 18:06:29'),
	(78,27.16,1,21.58,86.64,62.40,8,'2016-05-25 18:06:29','2016-05-25 18:06:29'),
	(79,91.38,0,18.19,25.25,11.24,7,'2016-05-25 18:06:29','2016-05-25 18:06:29'),
	(80,75.00,0,45.57,30.50,36.08,7,'2016-05-25 18:06:29','2016-05-25 18:06:29'),
	(81,19.50,0,57.81,40.88,41.52,7,'2016-05-25 18:06:29','2016-05-25 18:06:29'),
	(82,40.58,0,65.35,54.39,96.17,10,'2016-05-25 18:06:29','2016-05-25 18:06:29'),
	(83,25.92,0,66.27,25.01,68.36,1,'2016-05-25 18:06:29','2016-05-25 18:06:29'),
	(84,26.58,1,66.81,18.38,70.65,10,'2016-05-25 18:06:29','2016-05-25 18:06:29'),
	(85,73.66,0,87.27,10.00,34.38,7,'2016-05-25 18:06:29','2016-05-25 18:06:29'),
	(86,93.68,0,65.41,11.89,31.01,8,'2016-05-25 18:06:29','2016-05-25 18:06:29'),
	(87,86.28,1,56.45,44.81,14.07,4,'2016-05-25 18:06:29','2016-05-25 18:06:29'),
	(88,66.66,1,66.90,18.72,91.05,1,'2016-05-25 18:06:29','2016-05-25 18:06:29'),
	(89,46.00,1,16.91,24.16,21.07,10,'2016-05-25 18:06:29','2016-05-25 18:06:29'),
	(90,68.83,0,13.70,95.20,28.75,10,'2016-05-25 18:06:29','2016-05-25 18:06:29'),
	(91,42.95,0,87.28,43.75,20.96,4,'2016-05-25 18:06:29','2016-05-25 18:06:29'),
	(92,78.12,1,78.24,19.00,20.66,9,'2016-05-25 18:06:29','2016-05-25 18:06:29'),
	(93,39.14,0,95.03,56.80,39.50,10,'2016-05-25 18:06:29','2016-05-25 18:06:29'),
	(94,49.28,0,55.67,52.30,73.93,6,'2016-05-25 18:06:29','2016-05-25 18:06:29'),
	(95,50.25,1,35.67,95.90,35.44,9,'2016-05-25 18:06:29','2016-05-25 18:06:29'),
	(96,54.67,0,51.27,43.00,74.03,5,'2016-05-25 18:06:29','2016-05-25 18:06:29'),
	(97,30.01,0,36.55,73.93,68.41,7,'2016-05-25 18:06:29','2016-05-25 18:06:29'),
	(98,17.20,1,59.67,11.15,46.43,3,'2016-05-25 18:06:29','2016-05-25 18:06:29'),
	(99,33.30,0,10.30,84.30,15.20,7,'2016-05-25 18:06:29','2016-05-25 18:06:29'),
	(100,29.56,0,42.21,59.98,44.70,8,'2016-05-25 18:06:29','2016-05-25 18:06:29'),
	(101,74.82,1,32.78,59.90,79.43,NULL,'2016-05-25 18:16:00','2016-05-25 18:16:00'),
	(102,99.53,1,74.10,62.05,92.24,NULL,'2016-05-25 18:16:00','2016-05-25 18:16:00'),
	(103,41.22,0,37.24,17.37,13.24,NULL,'2016-05-25 18:16:00','2016-05-25 18:16:00'),
	(104,87.05,1,80.96,80.69,82.87,NULL,'2016-05-25 18:16:00','2016-05-25 18:16:00'),
	(105,47.93,0,87.62,42.12,23.45,NULL,'2016-05-25 18:16:00','2016-05-25 18:16:00'),
	(106,18.17,1,54.50,48.44,54.96,NULL,'2016-05-25 18:16:00','2016-05-25 18:16:00'),
	(107,90.88,1,64.03,41.01,44.02,NULL,'2016-05-25 18:16:00','2016-05-25 18:16:00'),
	(108,32.52,1,77.75,28.65,48.00,NULL,'2016-05-25 18:16:00','2016-05-25 18:16:00'),
	(109,80.20,1,11.11,34.78,87.14,NULL,'2016-05-25 18:16:00','2016-05-25 18:16:00'),
	(110,52.61,0,79.70,77.38,84.41,NULL,'2016-05-25 18:16:00','2016-05-25 18:16:00'),
	(111,39.06,0,14.67,52.00,15.60,NULL,'2016-05-25 18:16:00','2016-05-25 18:16:00'),
	(112,48.30,0,71.97,94.27,97.51,NULL,'2016-05-25 18:16:00','2016-05-25 18:16:00'),
	(113,29.21,0,11.44,24.12,92.38,NULL,'2016-05-25 18:16:00','2016-05-25 18:16:00'),
	(114,32.80,0,44.11,21.00,29.00,NULL,'2016-05-25 18:16:00','2016-05-25 18:16:00'),
	(115,72.30,0,37.41,38.00,57.43,NULL,'2016-05-25 18:16:00','2016-05-25 18:16:00'),
	(116,56.40,0,68.70,11.16,60.14,NULL,'2016-05-25 18:16:00','2016-05-25 18:16:00'),
	(117,16.92,1,28.15,57.13,63.59,NULL,'2016-05-25 18:16:00','2016-05-25 18:16:00'),
	(118,34.69,1,34.39,42.09,39.00,NULL,'2016-05-25 18:16:00','2016-05-25 18:16:00'),
	(119,31.20,0,42.16,43.08,91.24,NULL,'2016-05-25 18:16:00','2016-05-25 18:16:00'),
	(120,11.32,0,44.30,82.92,10.53,NULL,'2016-05-25 18:16:00','2016-05-25 18:16:00'),
	(121,18.59,0,70.85,33.04,54.30,NULL,'2016-05-25 18:16:00','2016-05-25 18:16:00'),
	(122,94.24,1,79.89,89.65,74.76,NULL,'2016-05-25 18:16:00','2016-05-25 18:16:00'),
	(123,99.06,1,23.17,37.85,93.67,NULL,'2016-05-25 18:16:00','2016-05-25 18:16:00'),
	(124,28.94,0,24.51,37.39,41.40,NULL,'2016-05-25 18:16:00','2016-05-25 18:16:00'),
	(125,35.25,0,20.87,37.87,22.24,NULL,'2016-05-25 18:16:00','2016-05-25 18:16:00'),
	(126,33.29,0,76.22,61.96,90.70,NULL,'2016-05-25 18:16:00','2016-05-25 18:16:00'),
	(127,54.10,1,61.80,44.00,38.79,NULL,'2016-05-25 18:16:00','2016-05-25 18:16:00'),
	(128,64.51,0,38.47,16.39,34.88,NULL,'2016-05-25 18:16:00','2016-05-25 18:16:00'),
	(129,12.05,1,67.28,70.46,47.84,NULL,'2016-05-25 18:16:00','2016-05-25 18:16:00'),
	(130,14.62,0,29.36,74.21,21.30,NULL,'2016-05-25 18:16:00','2016-05-25 18:16:00'),
	(131,84.21,0,39.87,40.00,39.00,NULL,'2016-05-25 18:16:00','2016-05-25 18:16:00'),
	(132,80.59,1,85.69,45.60,77.00,NULL,'2016-05-25 18:16:00','2016-05-25 18:16:00'),
	(133,73.00,0,73.00,60.89,30.42,NULL,'2016-05-25 18:16:00','2016-05-25 18:16:00'),
	(134,95.86,1,86.42,74.51,30.81,NULL,'2016-05-25 18:16:00','2016-05-25 18:16:00'),
	(135,92.20,0,36.03,86.97,34.59,NULL,'2016-05-25 18:16:00','2016-05-25 18:16:00'),
	(136,70.90,1,54.51,70.82,48.26,NULL,'2016-05-25 18:16:00','2016-05-25 18:16:00'),
	(137,97.47,1,66.52,27.14,60.01,NULL,'2016-05-25 18:16:00','2016-05-25 18:16:00'),
	(138,22.12,1,70.07,56.79,57.88,NULL,'2016-05-25 18:16:00','2016-05-25 18:16:00'),
	(139,65.56,1,12.80,83.04,26.88,NULL,'2016-05-25 18:16:00','2016-05-25 18:16:00'),
	(140,57.43,0,23.21,25.00,46.95,NULL,'2016-05-25 18:16:00','2016-05-25 18:16:00'),
	(141,77.21,0,26.07,18.41,55.00,NULL,'2016-05-25 18:16:00','2016-05-25 18:16:00'),
	(142,87.30,0,67.00,77.60,29.64,NULL,'2016-05-25 18:16:00','2016-05-25 18:16:00'),
	(143,76.31,0,98.14,26.30,94.91,NULL,'2016-05-25 18:16:00','2016-05-25 18:16:00'),
	(144,70.13,0,28.29,49.93,75.31,NULL,'2016-05-25 18:16:00','2016-05-25 18:16:00'),
	(145,29.67,0,42.76,88.00,31.48,NULL,'2016-05-25 18:16:00','2016-05-25 18:16:00'),
	(146,23.00,0,72.35,66.86,94.39,NULL,'2016-05-25 18:16:00','2016-05-25 18:16:00'),
	(147,97.01,1,31.83,93.10,73.84,NULL,'2016-05-25 18:16:00','2016-05-25 18:16:00'),
	(148,48.16,0,94.73,53.34,83.32,NULL,'2016-05-25 18:16:00','2016-05-25 18:16:00'),
	(149,49.43,1,48.17,61.05,50.18,NULL,'2016-05-25 18:16:00','2016-05-25 18:16:00'),
	(150,24.58,1,28.20,80.04,71.58,NULL,'2016-05-25 18:16:00','2016-05-25 18:16:00'),
	(151,70.77,1,38.38,74.21,45.66,NULL,'2016-05-25 18:16:00','2016-05-25 18:16:00'),
	(152,46.00,1,56.26,81.55,48.32,NULL,'2016-05-25 18:16:00','2016-05-25 18:16:00'),
	(153,50.88,1,88.42,63.63,88.53,NULL,'2016-05-25 18:16:00','2016-05-25 18:16:00'),
	(154,30.58,1,44.00,37.00,63.44,NULL,'2016-05-25 18:16:00','2016-05-25 18:16:00'),
	(155,53.61,0,32.10,60.31,99.25,NULL,'2016-05-25 18:16:00','2016-05-25 18:16:00'),
	(156,56.05,0,66.75,94.50,82.70,NULL,'2016-05-25 18:16:00','2016-05-25 18:16:00'),
	(157,82.60,0,24.00,91.77,24.21,NULL,'2016-05-25 18:16:00','2016-05-25 18:16:00'),
	(158,32.00,1,86.03,65.93,25.40,NULL,'2016-05-25 18:16:00','2016-05-25 18:16:00'),
	(159,32.13,1,81.80,53.40,15.00,NULL,'2016-05-25 18:16:00','2016-05-25 18:16:00'),
	(160,23.87,0,21.46,21.10,53.41,NULL,'2016-05-25 18:16:00','2016-05-25 18:16:00'),
	(161,82.00,1,42.95,78.20,29.40,NULL,'2016-05-25 18:16:00','2016-05-25 18:16:00'),
	(162,11.29,1,14.12,58.17,97.78,NULL,'2016-05-25 18:16:00','2016-05-25 18:16:00'),
	(163,80.91,1,76.25,89.83,25.88,NULL,'2016-05-25 18:16:00','2016-05-25 18:16:00'),
	(164,97.96,0,19.00,64.63,74.85,NULL,'2016-05-25 18:16:00','2016-05-25 18:16:00'),
	(165,64.98,1,72.21,59.61,94.65,NULL,'2016-05-25 18:16:00','2016-05-25 18:16:00'),
	(166,94.05,0,52.42,52.00,92.90,NULL,'2016-05-25 18:16:00','2016-05-25 18:16:00'),
	(167,52.59,1,45.42,95.04,26.60,NULL,'2016-05-25 18:16:00','2016-05-25 18:16:00'),
	(168,44.22,0,91.77,77.66,37.63,NULL,'2016-05-25 18:16:00','2016-05-25 18:16:00'),
	(169,67.59,0,15.11,51.74,61.42,NULL,'2016-05-25 18:16:00','2016-05-25 18:16:00'),
	(170,55.25,1,83.82,55.47,14.27,NULL,'2016-05-25 18:16:00','2016-05-25 18:16:00'),
	(171,79.20,1,94.80,95.14,33.32,NULL,'2016-05-25 18:16:00','2016-05-25 18:16:00'),
	(172,47.01,0,61.50,90.18,26.68,NULL,'2016-05-25 18:16:00','2016-05-25 18:16:00'),
	(173,51.29,1,40.20,21.92,99.54,NULL,'2016-05-25 18:16:00','2016-05-25 18:16:00'),
	(174,13.47,0,28.70,24.00,83.00,NULL,'2016-05-25 18:16:00','2016-05-25 18:16:00'),
	(175,93.20,0,15.67,41.68,91.51,NULL,'2016-05-25 18:16:00','2016-05-25 18:16:00'),
	(176,72.61,1,14.54,41.60,83.48,NULL,'2016-05-25 18:16:00','2016-05-25 18:16:00'),
	(177,34.20,0,74.76,34.92,78.00,NULL,'2016-05-25 18:16:00','2016-05-25 18:16:00'),
	(178,57.00,1,15.56,33.50,94.40,NULL,'2016-05-25 18:16:00','2016-05-25 18:16:00'),
	(179,57.00,1,61.95,31.34,10.06,NULL,'2016-05-25 18:16:00','2016-05-25 18:16:00'),
	(180,86.90,0,93.24,28.40,58.70,NULL,'2016-05-25 18:16:00','2016-05-25 18:16:00'),
	(181,32.10,1,68.74,98.54,34.04,NULL,'2016-05-25 18:16:00','2016-05-25 18:16:00'),
	(182,15.66,0,96.02,37.30,25.11,NULL,'2016-05-25 18:16:00','2016-05-25 18:16:00'),
	(183,19.41,1,63.00,67.62,11.41,NULL,'2016-05-25 18:16:00','2016-05-25 18:16:00'),
	(184,90.24,1,41.15,23.10,31.48,NULL,'2016-05-25 18:16:00','2016-05-25 18:16:00'),
	(185,66.71,1,44.93,16.53,37.04,NULL,'2016-05-25 18:16:00','2016-05-25 18:16:00'),
	(186,72.91,0,13.30,60.50,83.63,NULL,'2016-05-25 18:16:00','2016-05-25 18:16:00'),
	(187,43.04,1,96.87,65.24,73.95,NULL,'2016-05-25 18:16:00','2016-05-25 18:16:00'),
	(188,70.06,0,80.00,71.16,79.27,NULL,'2016-05-25 18:16:00','2016-05-25 18:16:00'),
	(189,70.02,0,43.00,85.24,87.60,NULL,'2016-05-25 18:16:00','2016-05-25 18:16:00'),
	(190,77.77,1,41.96,71.97,58.46,NULL,'2016-05-25 18:16:00','2016-05-25 18:16:00'),
	(191,74.00,1,69.77,98.99,41.99,NULL,'2016-05-25 18:16:00','2016-05-25 18:16:00'),
	(192,29.76,0,74.00,68.60,33.84,NULL,'2016-05-25 18:16:00','2016-05-25 18:16:00'),
	(193,17.20,0,25.61,35.80,86.64,NULL,'2016-05-25 18:16:00','2016-05-25 18:16:00'),
	(194,36.50,1,94.80,21.90,22.16,NULL,'2016-05-25 18:16:00','2016-05-25 18:16:00'),
	(195,73.40,1,93.83,70.17,29.20,NULL,'2016-05-25 18:16:00','2016-05-25 18:16:00'),
	(196,45.30,1,65.90,97.86,29.35,NULL,'2016-05-25 18:16:00','2016-05-25 18:16:00'),
	(197,21.44,0,65.13,22.50,17.80,NULL,'2016-05-25 18:16:00','2016-05-25 18:16:00'),
	(198,56.37,1,83.79,10.45,39.00,NULL,'2016-05-25 18:16:00','2016-05-25 18:16:00'),
	(199,80.32,1,36.17,27.70,97.10,NULL,'2016-05-25 18:16:00','2016-05-25 18:16:00'),
	(200,83.25,1,82.09,98.13,50.77,NULL,'2016-05-25 18:16:00','2016-05-25 18:16:00');

/*!40000 ALTER TABLE `orders` ENABLE KEYS */;
UNLOCK TABLES;


# Dump of table password_resets
# ------------------------------------------------------------

DROP TABLE IF EXISTS `password_resets`;

CREATE TABLE `password_resets` (
  `email` varchar(255) COLLATE utf8_unicode_ci NOT NULL,
  `token` varchar(255) COLLATE utf8_unicode_ci NOT NULL,
  `created_at` timestamp NOT NULL DEFAULT CURRENT_TIMESTAMP ON UPDATE CURRENT_TIMESTAMP,
  KEY `password_resets_email_index` (`email`),
  KEY `password_resets_token_index` (`token`)
) ENGINE=InnoDB DEFAULT CHARSET=utf8 COLLATE=utf8_unicode_ci;



# Dump of table users
# ------------------------------------------------------------

DROP TABLE IF EXISTS `users`;

CREATE TABLE `users` (
  `id` int(10) unsigned NOT NULL AUTO_INCREMENT,
  `name` varchar(255) COLLATE utf8_unicode_ci NOT NULL,
  `email` varchar(255) COLLATE utf8_unicode_ci NOT NULL,
  `password` varchar(255) COLLATE utf8_unicode_ci NOT NULL,
  `role` varchar(255) COLLATE utf8_unicode_ci NOT NULL,
  `remember_token` varchar(100) COLLATE utf8_unicode_ci DEFAULT NULL,
  `created_at` timestamp NULL DEFAULT NULL,
  `updated_at` timestamp NULL DEFAULT NULL,
  PRIMARY KEY (`id`),
  UNIQUE KEY `users_email_unique` (`email`)
) ENGINE=InnoDB DEFAULT CHARSET=utf8 COLLATE=utf8_unicode_ci;

LOCK TABLES `users` WRITE;
/*!40000 ALTER TABLE `users` DISABLE KEYS */;

INSERT INTO `users` (`id`, `name`, `email`, `password`, `role`, `remember_token`, `created_at`, `updated_at`)
VALUES
	(1,'Ola Bogan PhD','roselyn99@example.com','$2y$10$UlF5BnMcCqOJirYcDQOdguts42EVo9D7d.Y4Zdak1Wmi1cWdGCKT.','sint','BB3TorrBps','2016-05-25 17:22:27','2016-05-25 17:22:27'),
	(2,'Johnathon Kulas','ivy64@example.net','$2y$10$8rfUrhieNShci.RNipJYI.lYUq0zuXZCl9D/GlMKhxneQ9Qky2GOa','quaerat','C7szDTfKvr','2016-05-25 17:22:27','2016-05-25 17:22:27'),
	(3,'Rozella Paucek','mcdermott.justice@example.com','$2y$10$lxwKRHBL8uqSbXF6Ov0h0.WnCdlop0PRf8tAuaEzV5cjgz3nj.b6K','sed','In7hDV4ddo','2016-05-25 17:22:27','2016-05-25 17:22:27'),
	(4,'Yolanda Orn','wkoepp@example.net','$2y$10$7ZDrhAjylxv9HpvBOdgqBuyxIiZr0YEwf1E56FJ30wupiV/a93KTS','quod','i2lTXtVWMx','2016-05-25 17:22:27','2016-05-25 17:22:27'),
	(5,'Dorcas Lubowitz DDS','bernard.ritchie@example.com','$2y$10$oOQBXRwgrlXGo4U4B0nlhOh6NUyWiLeFmInltw9JhpNL53c0RxjrK','quia','T91HYK0x5L','2016-05-25 17:22:27','2016-05-25 17:22:27'),
	(6,'Hellen Wintheiser Sr.','chanel.ebert@example.org','$2y$10$Ii4/4czOwECo01bwuL9HjuzKFwjuFzTIhdszXRYGZrUeSGqar3b3O','sint','ETWeQJPRKU','2016-05-25 17:24:51','2016-05-25 17:24:51'),
	(7,'Newell Johns IV','tianna.stehr@example.org','$2y$10$UG58d3HWa79nWBm2XAYUYO9Np5yYOPG0MFf.QHnMKqscF9YkewTvK','architecto','hxVvWZMOUW','2016-05-25 17:24:51','2016-05-25 17:24:51'),
	(8,'Jayme Lindgren','thudson@example.net','$2y$10$GQiWvIfcrbJxnqqKoMcTkOoo.b/4J6RXYpKIZhMTeIZlysITmVsSe','sed','G10uy67XrX','2016-05-25 17:24:51','2016-05-25 17:24:51'),
	(9,'Laverna Kerluke','dblick@example.org','$2y$10$X.BRjuH5hFNS5zMr973XO.O6oerNBMNoXU5MMtJDxTjwHAAMO4ZYy','fuga','a3LfAOpvt7','2016-05-25 17:24:51','2016-05-25 17:24:51'),
	(10,'Emanuel Jakubowski','tania.eichmann@example.net','$2y$10$ac8kuRo6.sOH1IlPmT02lOe8Yf/sNu7z76C6nyIcNRi2UsTnDOGfe','ipsum','WrkNrJawby','2016-05-25 17:24:51','2016-05-25 17:24:51'),
	(11,'Francisco Turcotte','bruen.thalia@example.com','$2y$10$sS/9tUjxNqDW5pg1PTtoW.aZ7rvD1mbuYeV9fsPQY2TrCMGxNH1D2','sint','ZC2YRYIsMg','2016-05-25 17:24:51','2016-05-25 17:24:51'),
	(12,'German Kulas V','khayes@example.com','$2y$10$WIDcLpQ5RCiXO1x99qqqhu6kwHW8zDGdpGzq17PcQ.HivFLY01HGq','fugiat','DVdP3ouvQ1','2016-05-25 17:24:51','2016-05-25 17:24:51'),
	(13,'Brionna Schroeder','tiana.wiza@example.com','$2y$10$Y2U2Q8BNzNp99hAW9bpFs.ma5y.JhNSmdI5l6nvmo.HUF7Humct9i','optio','STiqkkqhLf','2016-05-25 17:24:51','2016-05-25 17:24:51'),
	(14,'Brannon Jenkins','adriana78@example.com','$2y$10$nZaDliSXnLHJMkA22rk8bemxFMbCu4jgtPFYich7NPyUBhSG2Qe8u','accusantium','OFUbA6SL2k','2016-05-25 17:24:51','2016-05-25 17:24:51'),
	(15,'Brett Flatley','monahan.ricardo@example.net','$2y$10$ji8RJxm2vWL0skNDQ2yUMOISx1A5QP2Mit/lIvc3WvaTr6ZyhJhi2','odio','l4ipIarqkG','2016-05-25 17:24:51','2016-05-25 17:24:51'),
	(16,'Prof. Isabell Collins Jr.','dan54@example.org','$2y$10$sAL2UsYyE.hP8fYyg.AAT.VGCiTpg2eu4.Qtse0rsMAGN7lqly.7i','quis','xFvWS0EX0K','2016-05-25 17:24:51','2016-05-25 17:24:51'),
	(17,'Donnie Olson','bruen.scotty@example.net','$2y$10$0cyiUNv66BFkgVuvgdTA/ua8L7p.5K9DF9bVUU8I9jPA6cwldSqAi','est','VEyelEIZo0','2016-05-25 17:24:51','2016-05-25 17:24:51'),
	(18,'Dr. Aric Murazik','martine.pfannerstill@example.org','$2y$10$feMBF.Eu.6nzlAZTVRKY5uxzcaiq9ylv4DIOUmpmNuMFTyxEX2xXa','illo','nBTNoVZj7Y','2016-05-25 17:24:51','2016-05-25 17:24:51'),
	(19,'Mr. Sammy Tromp II','pasquale.konopelski@example.net','$2y$10$guBeTsbOPAtlfjLbrWQ2iuc0IqxfhYnuWYQsBxidPAkrOuz5x1xoC','deserunt','nWk7d0d1HS','2016-05-25 17:24:51','2016-05-25 17:24:51'),
	(20,'Miss Pasquale Corwin','adam98@example.com','$2y$10$qyDewJfoP3zNMterFYhWa.WoTyVD9tMBkPr6p4pJkTqO.nuCywffW','delectus','HkJSFP16wa','2016-05-25 17:24:51','2016-05-25 17:24:51'),
	(21,'Haylee Watsica','bgaylord@example.org','$2y$10$lyFVJHzSH7pMnX0OytzIpuglhiZJjoANpQsyvFYU0MySFn5/b3DOu','repudiandae','C8L5UalJJL','2016-05-25 17:24:51','2016-05-25 17:24:51'),
	(22,'Wilfredo Waelchi PhD','windler.frankie@example.com','$2y$10$PJz8D0qqGjwqSyZXgCOWdO2JAXVHqn1F3MlE1xLlVxY3VjkcOetKm','eligendi','8hlFtKI7x8','2016-05-25 17:24:51','2016-05-25 17:24:51'),
	(23,'Theo Rath','germaine03@example.org','$2y$10$wJcYim6Y57aZspGc1B4EpuwK5r3ww1LHds6fJeesFEN5CHPicXMY2','adipisci','zzOrsf71Ii','2016-05-25 17:24:51','2016-05-25 17:24:51'),
	(24,'Miss Rosemarie Gaylord Sr.','boyle.myrtice@example.net','$2y$10$hFXGzAmigpgUgRUqiwWRW.4o2HdNLUAlVT1OArmc7Q320uy3cajBq','aut','0KgFoeA8mP','2016-05-25 17:24:51','2016-05-25 17:24:51'),
	(25,'Daniella Harber II','ines38@example.net','$2y$10$LQ8XCdQcW.z9AMWD.PxzY.PBMl8Kx4V.Vq0JA1eppDSPLbtWj5ME6','voluptas','YL5wU9FAtT','2016-05-25 17:24:51','2016-05-25 17:24:51'),
	(26,'Josh Ruecker','madie04@example.com','$2y$10$/5ZDE1KT4gRzFF3wgWNNneLHcpm/tkLk6mq5Z9xQCHxvjcCPPfXtq','nihil','oyMoR5xmu6','2016-05-25 17:24:51','2016-05-25 17:24:51'),
	(27,'Horacio Grimes','esteban.boyle@example.net','$2y$10$EGNPi66bd485mQQ7Qx1eyOF3SdDyrO7hDpiVBu2THRuw7Ym13wXcK','iusto','rr8OfIiJjV','2016-05-25 17:24:51','2016-05-25 17:24:51'),
	(28,'Dr. Manley Hansen','clotilde09@example.net','$2y$10$38YZjG8NTEH4UMJmb08m5OcY5PgR2SRKFyPsByT2FWsh3v6y4xEOG','nihil','zXlIiOdfoW','2016-05-25 17:24:51','2016-05-25 17:24:51'),
	(29,'Mrs. Jacinthe Kulas Sr.','gklein@example.org','$2y$10$eCINmYOznOapX8ExiKIOKucWgPtr1wxHReRwpCsdXp7Fpf3wF5.ze','voluptas','QXtDwdLrBC','2016-05-25 17:24:51','2016-05-25 17:24:51'),
	(30,'Dr. Susanna Cartwright','lily.murazik@example.org','$2y$10$elDOptpZtdQ8K9SBk1w3GeAr.nj2lpMcx2F8yGkyAygbKc4ex8nBW','laborum','Vm7cXHjcdE','2016-05-25 17:24:51','2016-05-25 17:24:51'),
	(31,'Mrs. Elenor Stark','hoppe.reggie@example.com','$2y$10$CWzAFLRcesX4qB5UFqOUf.Xmra1h8GbC8MO/WYmOPLw5Z3Rq5rbji','aspernatur','tmF8Ja7qj2','2016-05-25 17:24:51','2016-05-25 17:24:51'),
	(32,'Ayden Leannon','kturcotte@example.net','$2y$10$zMTs6btB2alWr/FDvyHfZ.fTZCwkON1RSYGx884H1hWwZWywYIOxe','et','7GNiuz8h0V','2016-05-25 17:24:51','2016-05-25 17:24:51'),
	(33,'Ardella Trantow','naomi86@example.org','$2y$10$OxoIN3sPBM0geG33fhAB2OPGaKXLie6WkTx2RThZ59HK94LYZ1lHe','quis','8lA9BBnC5k','2016-05-25 17:24:51','2016-05-25 17:24:51'),
	(34,'Tressa Kub','emerson55@example.net','$2y$10$gs.uLFXBYDqZKgQubDnYDuONCCrXWnUaF2vkojYbi0Z9wShogaGji','sapiente','3iSFGsiIR7','2016-05-25 17:24:51','2016-05-25 17:24:51'),
	(35,'Mr. Gabriel Swift MD','schiller.eula@example.com','$2y$10$rEnyFIXZnTo2W2Cyih6bWO9bR1BPb8cG6UqRJQVDIe6UEg.jNPUpm','optio','WAZPsDQEdO','2016-05-25 17:24:51','2016-05-25 17:24:51'),
	(36,'Abner Ratke','yzemlak@example.org','$2y$10$etEZ98SZP2hLFGsYIgq2b.eAncgUoeLhEEDn5Jx1xveCxCpgrApme','sint','UNQup0WC1X','2016-05-25 17:24:51','2016-05-25 17:24:51'),
	(37,'Dr. Alexys Gleichner IV','obeier@example.com','$2y$10$lRYh.iJXyt6DA.hkzKArXuRE/QqgF5.eOl79Ic/7.2lHgEwWMkTYW','et','8XgMFP0ysT','2016-05-25 17:24:51','2016-05-25 17:24:51'),
	(38,'Mariano Wisoky','nlemke@example.org','$2y$10$tqtfY/n1Uj2rJIJTQLoM6OQFpF4Rw3Nh.eNDs8VYOWOPro5jngwk6','aspernatur','z6ex4KSTtE','2016-05-25 17:24:51','2016-05-25 17:24:51'),
	(39,'Valentin Bechtelar','felton99@example.org','$2y$10$eU3gJDGua2crZexZTJ2ZaOa.q2iOhXGpxJ23FR5RVN2gb.7QbNBmq','dolores','OxXaBlHTKW','2016-05-25 17:24:51','2016-05-25 17:24:51'),
	(40,'Mrs. Birdie Greenholt','velda.kunze@example.com','$2y$10$KLDZ726b.SQUXU.yjKQxEec3PJ.Wm2XDXh1dlYq5Le68LKFDwueWW','quidem','q5BuurVmMT','2016-05-25 17:24:51','2016-05-25 17:24:51'),
	(41,'Cameron Rempel','dedric.heller@example.org','$2y$10$m/fANQWUpLco.h5DvA/ES.Bsgavo8l6AZOax.YKZ38is1jc41D1v6','consequatur','qM3Tb3HTp8','2016-05-25 17:24:51','2016-05-25 17:24:51'),
	(42,'Israel Ryan','swaniawski.bernhard@example.net','$2y$10$Ewm2B3ZUdLrO/SmD5B3whemeVwBPeVCCz8XjUIr4GQ7OdEOfyeIuu','possimus','mMF6YvgmsM','2016-05-25 17:24:51','2016-05-25 17:24:51'),
	(43,'Adriana Ondricka','morgan89@example.com','$2y$10$rmmBPZYoOGsl9WXECkFipudye7mDaxScPUwQgLwVsBZ2iHh80/YeW','sed','Pv9v6VatS9','2016-05-25 17:24:51','2016-05-25 17:24:51'),
	(44,'Dr. Lucienne Mueller','keyon.lebsack@example.com','$2y$10$8FNoRTRCCyyETEStsxbgNe7wiTPbgpRjzEpr6LEkJPtbzhUC9Pv6i','est','Lqw1P7xgST','2016-05-25 17:24:51','2016-05-25 17:24:51'),
	(45,'Ines Ward V','kadin.schaden@example.com','$2y$10$b/Uv2UmMVW97/74HliC9GOl6nAErGzyyDEpIiiMtTcu43jkS3LsM.','dolore','tZi17ITbtI','2016-05-25 17:24:51','2016-05-25 17:24:51'),
	(46,'Pasquale Bergnaum Jr.','rex.feeney@example.net','$2y$10$Wm9VXYL3A3h6AQ8OldtvQu8GEgtKOMJGPxyMtgA9FOYLqjfFuQ4Vu','ut','iKzKdbpt12','2016-05-25 17:24:51','2016-05-25 17:24:51'),
	(47,'Liliana Jast Jr.','iskiles@example.org','$2y$10$DFjH9/gSp2JTWlIw9JmpgeMUZ2wuCTE4VOFvivSdLF.vMCwrFJBKu','eos','rPtKK9xKHQ','2016-05-25 17:24:51','2016-05-25 17:24:51'),
	(48,'Carolyn Reichel IV','rwisoky@example.com','$2y$10$9BRSJCq0r1CYNMKL0RuLq.esmign3g45eFSKqFKNFFgxaahyYqmgi','minima','XBrXPMwbQK','2016-05-25 17:24:51','2016-05-25 17:24:51'),
	(49,'Carole McLaughlin','bkunde@example.com','$2y$10$ypZOElnDSGvYVuESB/9UwOLHFsIxYjfe1JFZ5TygFbPyZ0E3wN3n.','qui','x3rdxvGzH8','2016-05-25 17:24:51','2016-05-25 17:24:51'),
	(50,'Prof. Ahmed Franecki','sandy23@example.net','$2y$10$mtppZRoWxlFwovCLIJzRrOFu1x815OkdxY93XjoZgbvDK7TtT4VX2','et','0O8w6vSBe3','2016-05-25 17:24:51','2016-05-25 17:24:51'),
	(51,'Mrs. Linnea Ferry','armand74@example.org','$2y$10$UqtU7Q6DTr2ob7xj4qzbdephsp2UNnfMAMsdWcV.FCjwr9Qh/W9g2','sunt','FCGSjymzdY','2016-05-25 17:24:51','2016-05-25 17:24:51'),
	(52,'Miss Cortney Gleichner Sr.','shany53@example.com','$2y$10$EtclOPIIzaqpd1rzhMecHuIaeWOHUvjQJQzH3nuoZKzXo/yXdbLBu','commodi','5O5aQqaiID','2016-05-25 17:24:51','2016-05-25 17:24:51'),
	(53,'Guy Hamill','ritchie.dasia@example.com','$2y$10$mb0wtdnpsXjmS6dWAUIkWeW7.AgFS1OSyLOngR/o1Mj9nkUz.xIby','error','DeBaKHEiF8','2016-05-25 17:24:51','2016-05-25 17:24:51'),
	(54,'Maximus Buckridge','zondricka@example.com','$2y$10$aB1D3IsM6MWdHJugBmacde/mfMRULMTOIM1XUgBDJjFu5PZ28VgUO','dolorem','alrP393fHe','2016-05-25 17:24:51','2016-05-25 17:24:51'),
	(55,'Camila Greenholt','horn@example.com','$2y$10$OlPISWD2K1JEHKAHf3w.f.6mgOjy5WoTNICd1pUFNxx1uGp2uq8E6','deserunt','wWC8pjTK5g','2016-05-25 17:24:51','2016-05-25 17:24:51'),
	(56,'Tyra Balistreri I','altenwerth.sophia@example.net','$2y$10$h8PlNL6n2uKIkgrMwaELju43pF2AiL8nmRnmVDNbOJRcBbrtZ6lW6','nostrum','xIuXQDxR9s','2016-05-25 17:24:51','2016-05-25 17:24:51'),
	(57,'Cassie Moen','maurice63@example.com','$2y$10$74ZbenfrfYLqGIbAP0amV.CLsthVvqWbOh4iVsYNK.PAV.uONomWO','eum','yqRIjycxuo','2016-05-25 17:24:51','2016-05-25 17:24:51'),
	(58,'Tyrel Harber IV','pmann@example.org','$2y$10$TIRbkNd2FBCGgqu5BQGkaeJyqaLqw/2jRXmVaFjeBO0l2xeb5D/4m','rerum','MNjl84IPVj','2016-05-25 17:24:51','2016-05-25 17:24:51'),
	(59,'Gunnar Marks','tristian25@example.org','$2y$10$0jM4t7cz/LpN1yb/piusTOMWnZpkNkSIaj73NV.vDD//G1ZrgwMUy','omnis','eCohLW1nlo','2016-05-25 17:24:51','2016-05-25 17:24:51'),
	(60,'Dr. Henriette Jenkins III','leland23@example.org','$2y$10$EVvsz/9lTckVLmmTGMPL4OE6ouuDixH2VBR/CXeC8IjtomPi/s9Ve','quam','LqJIxHx6Gj','2016-05-25 17:24:51','2016-05-25 17:24:51'),
	(61,'Reyna Kozey V','gsimonis@example.com','$2y$10$My//qBVJHTc4hhXwj59LVeVCCxgqNa1F/RU2VK0isM5fFaoqpIQvS','vero','BuXPxziRKT','2016-05-25 17:24:51','2016-05-25 17:24:51'),
	(62,'Shawna Kirlin','farrell.kaylee@example.net','$2y$10$FnDVPg30AVQLpG.Vt5aeq.WrnhxdC8DUk3PtLgpKeWVkZ88UkKLMu','a','fy6CsE4A8i','2016-05-25 17:24:51','2016-05-25 17:24:51'),
	(63,'Rozella Watsica DVM','kyler.kling@example.net','$2y$10$DbqsNf58776Bw52PHRDSY.Y.5/7RgdRAUM0HYa6IijfEWcCodN286','impedit','HfP8DfrKnw','2016-05-25 17:24:51','2016-05-25 17:24:51'),
	(64,'Chanel Ortiz','ana.koss@example.org','$2y$10$t1dGuCHysk4vFcZJtkLxN.N1qhXEUB/8Qgw70.qVcC8pC4oJLZwiW','quas','GDaZuXpDd8','2016-05-25 17:24:51','2016-05-25 17:24:51'),
	(65,'Ms. Gabriella Cole PhD','vandervort.dorris@example.com','$2y$10$u0n3/tRXG6p9EPDGiE.1X.THF4/5crtSnBCra4a/kIvkNHcUbT122','nobis','HnNb7rILrC','2016-05-25 17:24:51','2016-05-25 17:24:51'),
	(66,'Geovany Prohaska','augustus.abbott@example.com','$2y$10$lhlDLoF4B/y21Xo5Vq/ygOps56UTctv4Iu39i1uwSeMXOt6sNzfm.','debitis','6NhMn2cmci','2016-05-25 17:24:51','2016-05-25 17:24:51'),
	(67,'Dr. Gilbert Quitzon','hillard52@example.net','$2y$10$x3.MXdO.prSsbhH..i9BwuLYti/epnPSHM9dwD06W7WLPExIGsvgi','eos','Ml4S9AhUUy','2016-05-25 17:24:51','2016-05-25 17:24:51'),
	(68,'Camryn Dibbert MD','letitia.wiegand@example.org','$2y$10$RvmFzkZcvamGdEOgjH8zxunj28lclMMafzEtyxOWve3PrjzXmsKU6','possimus','V3YwEl1Y5q','2016-05-25 17:24:51','2016-05-25 17:24:51'),
	(69,'Rosanna Runte','isabell11@example.net','$2y$10$cm0ybRJ.Mwu/KMuQ0aQ2C.QrjwXQCniXrlE5vBoG1mkfO4InqVwC6','aperiam','WM4gvXW6BC','2016-05-25 17:24:51','2016-05-25 17:24:51'),
	(70,'Stanley Green V','darryl31@example.org','$2y$10$MjKhDYW2ds1oo0MWBkgQz.mIDzDIk7X7FJcNAIKWU6.HXtebDgXZO','quaerat','qr86YyJzAB','2016-05-25 17:24:51','2016-05-25 17:24:51'),
	(71,'Dr. Herbert Feest Jr.','kohler.emmet@example.net','$2y$10$leh2CilZRxfm1E8Y14cd.uMXzP9Iy17vZXxTaXauvyejBbuAPwI4S','aut','pnLwNMDRTO','2016-05-25 17:24:51','2016-05-25 17:24:51'),
	(72,'Kory Lakin MD','dominique78@example.org','$2y$10$mlYp2i7K4uWdC8ZMBtpkH.eOk8UwIHxhETEHRzKrD0pqAxBcIMbse','explicabo','lILgZyrsrL','2016-05-25 17:24:51','2016-05-25 17:24:51'),
	(73,'Enoch Romaguera','diego.ruecker@example.org','$2y$10$H2rMHDC0PFqLVqQDVXWZ/O9.4uyaOq5HHHjLdhJcKeQSE9ptU6CNi','laboriosam','tzGu4FBtek','2016-05-25 17:24:51','2016-05-25 17:24:51'),
	(74,'Talon Kessler IV','pfannerstill.alan@example.net','$2y$10$EZHVUd0GmV7RytxDpNlduurWtiFrAyYrb/K2BOcw4Z2DvqY38B5Fu','aut','aVJTxeRCbS','2016-05-25 17:24:51','2016-05-25 17:24:51'),
	(75,'Alyce Feest','upton.cynthia@example.org','$2y$10$Bwz1F06tiXlCIkn97OejXeVxULZsxC0cQ9FUsZLWqgciz5DnlNkn.','occaecati','n5WoxZy43Y','2016-05-25 17:24:51','2016-05-25 17:24:51'),
	(76,'Brent Huels','ward.kohler@example.net','$2y$10$4IFKV8NQdtHDwI8hFcVZFeStct3W3VsS11zSylJOafaqeQP4C4DGO','sit','Hm6fMxuB4w','2016-05-25 17:24:51','2016-05-25 17:24:51'),
	(77,'Dr. Leonel Toy III','jairo38@example.net','$2y$10$rk8d8K1JRSLR5/9i58y80O7qbBAJ2JCbSkXn7mT3liUrGp4Ig39.S','sunt','uMFhaI50Uy','2016-05-25 17:24:51','2016-05-25 17:24:51'),
	(78,'Celia Doyle','enitzsche@example.net','$2y$10$nCWfPY9ylC6BixstpCp.2ObQt0oFSOZdCuYLuyD6oG674VItU/sPW','explicabo','iMJgZNMmzL','2016-05-25 17:24:51','2016-05-25 17:24:51'),
	(79,'Mr. Nicolas Hudson MD','johnathan.leuschke@example.net','$2y$10$dNjQJGhSl1jhDZKVt1NSt.Y8I8.Prf1X356wLpL.tstqvuEQtzwd.','voluptas','f6LYPGGafH','2016-05-25 17:24:51','2016-05-25 17:24:51'),
	(80,'Dr. Jailyn Watsica','douglas.jessyca@example.net','$2y$10$Mn41iLXLWngz9pO/rzMFmujwYrfXy6OmOnWV6CFu.qmS/mIstRbly','voluptas','NQ1Z1y6vaP','2016-05-25 17:24:51','2016-05-25 17:24:51'),
	(81,'Kaden Kuhlman PhD','hdaniel@example.net','$2y$10$oBqxJkbhwj4zBbsDvXxHL.GuswKFPFPnA1AKl4koY5v6D4oPbk0O2','fugit','pt8ydcNeqf','2016-05-25 17:24:51','2016-05-25 17:24:51'),
	(82,'Gillian Bartell I','mabelle.medhurst@example.net','$2y$10$mXCOKprFsGnuK6lEqiRBhezarYHc05cMZo9XoUCTTQ.Re.Cw3rkxy','fugit','2XLdIbNL6e','2016-05-25 17:24:51','2016-05-25 17:24:51'),
	(83,'Godfrey Treutel','robert83@example.net','$2y$10$9UqyOgDebReIh4Bw3wpNI.NOy61dhV0c.mOkj7/1mR5u4UZPb1NDG','iure','76v2o1YjhR','2016-05-25 17:24:51','2016-05-25 17:24:51'),
	(84,'Dr. Tanner Cartwright','rachelle.block@example.com','$2y$10$fApvp7vk0zNPJTI6.t82mux/y7lnzg2kxGT.Jw6YdVOF2WNC9x5K.','repellat','I4il2gDqqa','2016-05-25 17:24:51','2016-05-25 17:24:51'),
	(85,'Everett Zulauf','nienow.candice@example.net','$2y$10$WinkIm315.ck04LObzwjIuimvW.NnsyslPUP8XR..J/.EbYKragw6','dolores','ewLbRi6uFE','2016-05-25 17:24:51','2016-05-25 17:24:51'),
	(86,'Arielle Leannon','berry14@example.org','$2y$10$oOoJo/BewqT0LhHowpsFNejPK98.2OlEauGi9UNS1.UUxeRMzoVLq','quasi','WgjTqmwHaz','2016-05-25 17:24:51','2016-05-25 17:24:51'),
	(87,'Prof. Bernardo Rowe','gerson25@example.net','$2y$10$XlPS8QxsAYjkGQ/FZRmZOumLF.9tLcVUu/Uby.ILqM32zLDwtE3h.','eos','PqpE3y8jYi','2016-05-25 17:24:51','2016-05-25 17:24:51'),
	(88,'Zita Walter','zrice@example.org','$2y$10$1WlPfZyWR5eeLxk9SG3iYOAyIaoo74OVju9VWDZGfyhqhWAg70QQi','libero','8zgvGcCZT7','2016-05-25 17:24:51','2016-05-25 17:24:51'),
	(89,'Janiya Wiegand','vmedhurst@example.com','$2y$10$hDlN6YvWpFww4Vjf70kxB.3CzHsltOHxRkGjP4VQsP7HMBCFlzlAu','magni','aDnLgiyMl6','2016-05-25 17:24:51','2016-05-25 17:24:51'),
	(90,'Harmony Schmidt','pkertzmann@example.com','$2y$10$RCAYqLwqDanoUR/wxrdqw.LW.BnpHod9IL0/4fcFdh46lmWQhqIDW','omnis','GE7bKwp9tb','2016-05-25 17:24:51','2016-05-25 17:24:51'),
	(91,'Mr. Mackenzie Herzog IV','fharber@example.com','$2y$10$7kgA5oRAmaQO0Bf2rr5pPeaVGjYB2u1u924LRwEzIuRtWdkhAQKpW','excepturi','v0kcwZXKmq','2016-05-25 17:24:51','2016-05-25 17:24:51'),
	(92,'Krista Kemmer','zack.crona@example.net','$2y$10$OaGmL6ghKu.6aLB/y8Kpq.LHmgNAE8fRZepQUyAzLb4vOTDPnznj.','tempore','u3jw6aeM5r','2016-05-25 17:24:51','2016-05-25 17:24:51'),
	(93,'Mr. Miguel Parker','sheila.goyette@example.net','$2y$10$agJusYlEPqRqwtJ3sgJ8u.Pvw8Jj0MEQ23WZjOAkYy1nZcAJZF4cK','eius','uiUBmY6kYa','2016-05-25 17:24:51','2016-05-25 17:24:51'),
	(94,'Martine Schinner','kurt94@example.org','$2y$10$J6SRF2XywSLTkoDPITwJbuAjiC7INTRsddTC/jrL6H3JQnLaIWcRi','harum','hGefJ7h7oC','2016-05-25 17:24:51','2016-05-25 17:24:51'),
	(95,'Shayne Lehner','marcus45@example.com','$2y$10$phU.gwvdLyxAg7FywA3jeO9AduLP7ahvcEVeTY/Ch6dqPMTNqC0.C','recusandae','v6AVvQPXxK','2016-05-25 17:24:51','2016-05-25 17:24:51'),
	(96,'Magdalen Kilback Jr.','clark36@example.net','$2y$10$ZN/QsKOXysyVFJQLeCMhN.ON5Ens5zWqpC3Pt24hevdCv9JmAoEA2','quod','EGnwjmt30j','2016-05-25 17:24:51','2016-05-25 17:24:51'),
	(97,'Prof. Edgardo Spinka DVM','koss.magnolia@example.net','$2y$10$jLEtHsm1.epvVE4AWlre9.zWfDRp9eB0oDZ2ukN8mrBp3MUIXfEHy','nobis','nNF6EisC8J','2016-05-25 17:24:51','2016-05-25 17:24:51'),
	(98,'Dr. Lucie Adams','kaya57@example.org','$2y$10$Hys/C40O0ibuAWOJL3snBOxMPW1svbxda3ULrxHaKhP0thK4HZQ6W','libero','vpMD4ENv1X','2016-05-25 17:24:51','2016-05-25 17:24:51'),
	(99,'Dr. Rafael Klocko','uwilliamson@example.net','$2y$10$JnGEkv55.Zhe1N3LbVowJuyDlERDJ7dKuIF98BjiIKrSoCLi8TbDC','nisi','SKG2bA9X5B','2016-05-25 17:24:51','2016-05-25 17:24:51'),
	(100,'Dr. Ariane Borer','eduardo.crist@example.org','$2y$10$pvMoQaBkkMz2tvGiphyBhO47oeZ0tx4TXrQrPWhz/Wc8NVAKOnnV2','odit','qjA1uJbWVJ','2016-05-25 17:24:51','2016-05-25 17:24:51'),
	(101,'Haylee Boehm','marvin.danielle@example.org','$2y$10$fR2p8Ohg1HyaeIY0IhCtjeXhVbcMEIfQkrWUyjnQm9jfGXqRUVnPO','est','YnXWq1ZgVT','2016-05-25 17:24:51','2016-05-25 17:24:51'),
	(102,'Luigi Dickinson Jr.','sheldon00@example.net','$2y$10$Ug9jBvmKYpbIeL2Cmn5MHeuJYHpSHEEbHjp/08kph9Yj3VHjGCe5u','sunt','jqAdkPWFlW','2016-05-25 17:24:51','2016-05-25 17:24:51'),
	(103,'Amelia Trantow','lind.glenna@example.org','$2y$10$/ybGZFyA6Bh1wFyroRHMhe1FImqGsxERn2Y4CWZZUO3iw37FJ.lTS','non','m1G72oMlDf','2016-05-25 17:24:51','2016-05-25 17:24:51'),
	(104,'Electa Schiller','apurdy@example.com','$2y$10$CtPjz5JQbjOpE5AVtvdlku3jKg9w4LUiXgfC.Qh539rmi7H6p2M4q','in','YPOu4Tt5gA','2016-05-25 17:24:51','2016-05-25 17:24:51'),
	(105,'Prof. Herminio Sanford I','francesco.bruen@example.com','$2y$10$t16swLGNlSMSfaukKbDXvOrjszMepymWaIPjZpwpyA7Y7MhfhhNEa','consequatur','e89zaGnxie','2016-05-25 17:24:51','2016-05-25 17:24:51'),
	(106,'Meagan Kub','gerhold.lorenzo@example.com','$2y$10$lETpjMy/Hv8Z5/5MtLZanOt6dG7QoXfVGfgstYxDa/qlF3hT/r/wC','ea','M4nxIB9PLi','2016-05-25 17:25:22','2016-05-25 17:25:22'),
	(107,'Karlee Lehner','isidro.bahringer@example.com','$2y$10$acZYexI1OPJlMoOeOtbvw.a9AVKtvx7dGRO/AJ43seUCpRWi3rku2','tenetur','2VD4IT6f6A','2016-05-25 17:25:22','2016-05-25 17:25:22'),
	(108,'Cecelia Kemmer Jr.','karelle.kessler@example.com','$2y$10$ywk5HWQ/505IMtn06HnP8unjUrx3wTi.QpnyIcnbwOcCb6Szzh0Au','qui','fCuwxi2HjS','2016-05-25 17:25:22','2016-05-25 17:25:22'),
	(109,'Jeanie Franecki','gbechtelar@example.org','$2y$10$kWoGTqB9TkuYhmrYtoSFD.tV..r/okAyPMK0kIiUkxTiEwOropDM6','fugit','7eZyjGBPKC','2016-05-25 17:25:22','2016-05-25 17:25:22'),
	(110,'Miss Vernie Dickens','pwisozk@example.com','$2y$10$Gbl.SyhlTDDSJg18FL1M0OJ5.rReLieNCxNMEDZ0kgNuQLP9U6WWq','iusto','9EfUlVvFLg','2016-05-25 17:25:22','2016-05-25 17:25:22'),
	(111,'Jordy Carter','cummings.myra@example.net','$2y$10$npYQ8JvgtPFreFojEwlddu4/dM9iCWA.w4kQCZTAwEXCu5acy8puS','nobis','SVZstc35jz','2016-05-25 17:25:22','2016-05-25 17:25:22'),
	(112,'Liza Huels','caitlyn.howell@example.org','$2y$10$WogVFAabyftIlp0FDKIB4u.xJ4XtcHL28IEg5Cj.Qnfpo9YFhZt92','dolorum','dlqe0gegZ3','2016-05-25 17:25:22','2016-05-25 17:25:22'),
	(113,'Dr. Sigmund Walter','donnelly.kaycee@example.net','$2y$10$gkZBPTIDBTUyzci9ND6jJ.6E5TT48XNwhC553dzPggvhkGNKEwLwy','placeat','wI9vDRl72i','2016-05-25 17:25:22','2016-05-25 17:25:22'),
	(114,'Destini Cartwright','jade10@example.net','$2y$10$HCxxM9vHfzrUYFdPn0C1tureyzIyMC8WfGsen2uiitaPLm8D.14vm','tempora','ucuzHNsjG1','2016-05-25 17:25:22','2016-05-25 17:25:22'),
	(115,'Dr. Marty Stehr','larue02@example.org','$2y$10$FOlIfvD8MI7rOPVwpv6k4uqnXN5bXwyY0zLkQ9Iy8MoeSwDYWOEJa','et','4a80FUEfuE','2016-05-25 17:25:22','2016-05-25 17:25:22'),
	(116,'Anne Nicolas','hayes.maymie@example.org','$2y$10$8Wi0oDLjjUP7YUjiN7F7XuR3vovboo4m9twt8KHxxHtYNnqc5EnDe','soluta','Tkd88hxZel','2016-05-25 17:25:22','2016-05-25 17:25:22'),
	(117,'Prof. Halle Crona I','hlockman@example.net','$2y$10$xQI3xVOmcVImDmi2lEatl.ygHYBuUrewDe6S3mT6Pt9FC9T7cIvQC','ut','MV0L8ARNel','2016-05-25 17:25:22','2016-05-25 17:25:22'),
	(118,'Jimmie Medhurst','dorothy20@example.com','$2y$10$LqIWbCS/7DiDcvLm64Kh0u.77cbWjwgMR8Dhr8fDlQTM6.cyBj2Rm','voluptas','rRGCtkPjDS','2016-05-25 17:25:22','2016-05-25 17:25:22'),
	(119,'Gonzalo Bradtke','janelle37@example.com','$2y$10$uAD3WbQiuhXlJ9.lq0eaEO7uJHy5hPIRgudMSdoh1AijLd33N6fa.','quos','JAIxQSBvVE','2016-05-25 17:25:22','2016-05-25 17:25:22'),
	(120,'Jasen Gottlieb','qgreen@example.net','$2y$10$eYaBoBhnNGZs2BpbwAzLrOCICw4acCgFCaAJWyQGO2ItdEjO45SWG','molestias','DzdQc1d1Vy','2016-05-25 17:25:22','2016-05-25 17:25:22'),
	(121,'Ariel Stiedemann','kuhic.isobel@example.org','$2y$10$ybJOGGDdLnH/NR7VAYaUsOyNyazsCN.mTFl0.pGP9fpWkA0Y8aESK','non','tLvLtKM3Cd','2016-05-25 17:25:22','2016-05-25 17:25:22'),
	(122,'Enola Ferry','johns.anais@example.com','$2y$10$u.SuIE2j9.QW2Ec3TC.QqOYss7HnuSGwKo3b5jndvwiQGy2FGBO8K','minima','erL0LWCXQ1','2016-05-25 17:25:22','2016-05-25 17:25:22'),
	(123,'Ransom Boyle','fchamplin@example.org','$2y$10$piX/pJn.HqAtEtTH4BTjQOW3/IdmrhbGQAycOMzJ7g4exnjBQeoba','amet','hylEZ4JEe8','2016-05-25 17:25:22','2016-05-25 17:25:22'),
	(124,'Melany Parisian','qdeckow@example.com','$2y$10$/5aWvGFzb596x6usj1MHbevtxfzZXKhPqZ.0uyBGlrU2N5meSiB9.','adipisci','kGnwTh6gX7','2016-05-25 17:25:22','2016-05-25 17:25:22'),
	(125,'Camille Balistreri II','jason.waelchi@example.net','$2y$10$AUn05NuipgQztMtOp7wAVuQ9F6J0cDxmL3unrvOKaakiyfdrUYuxC','consequatur','PiYm9OKhWj','2016-05-25 17:25:22','2016-05-25 17:25:22'),
	(126,'Adolphus Rutherford','rhuels@example.com','$2y$10$oaTgGRGpU2zirsrz29jJ9O9IU9f2BhzkZBIxtc5zfItx2kGsK8EAC','molestiae','2mSAvhVQft','2016-05-25 17:25:22','2016-05-25 17:25:22'),
	(127,'Layla Kiehn','clement30@example.com','$2y$10$8Lmu8WV8gyzRCY7e1dontefXcT7StdhGVmUVwPDziJ4u2vSRvFNJ2','culpa','Wbuid3nPTF','2016-05-25 17:25:22','2016-05-25 17:25:22'),
	(128,'Ms. Vincenza Ernser','fklein@example.com','$2y$10$wLNlKSgN.VewcuAyIdtY6.xeE8HqKC9VlmFdWPBWoh2ioZW3TbYEa','voluptas','WyHom6tCbb','2016-05-25 17:25:22','2016-05-25 17:25:22'),
	(129,'Nigel Lehner','hilma.lynch@example.org','$2y$10$yps0Js18L8URxVGvuCg2G.h1GTsRHucXzqt6qM4k.8m395IapZDEW','doloremque','JwoIAgJx5K','2016-05-25 17:25:22','2016-05-25 17:25:22'),
	(130,'Marietta Moen','dkerluke@example.net','$2y$10$bWW042CKt.5Uk3SuPO7cJOjUC8fnoLOeavEUx1XdI.xE9OfLUQI92','et','aDHb5GqrsS','2016-05-25 17:25:22','2016-05-25 17:25:22'),
	(131,'Anastacio Morar','mccullough.kyle@example.net','$2y$10$vyOewokeH549jC87nE4c9u0tju3iPJ7j8Po0O7cj8tYxj2Psp/jZq','iste','LBtuYZUosi','2016-05-25 17:25:22','2016-05-25 17:25:22'),
	(132,'Solon Tromp','janick.okuneva@example.net','$2y$10$gsOKYCXnskFEDoEjtU4t5u6CSKQL3wXxwGPGyMFOASPy1kqE9GnVq','aut','9kv3UIjih2','2016-05-25 17:25:22','2016-05-25 17:25:22'),
	(133,'Milton Bruen PhD','oarmstrong@example.com','$2y$10$Dqgj2El/vaXR2UIC/nHUO.gCkXDHXyHeFOZtyxfVU0G61bKYNpvf2','quia','gwFRIb0YLu','2016-05-25 17:25:22','2016-05-25 17:25:22'),
	(134,'Osborne Schumm','xnader@example.org','$2y$10$fQe6Uvb6jkctOSXbZUkqF.aehfOw2l1VgW6GkCQZmhdqTYyL/79.a','quis','sa8z4V0Nh4','2016-05-25 17:25:22','2016-05-25 17:25:22'),
	(135,'Ms. Mallie Wisoky III','ilebsack@example.com','$2y$10$dOcH/pqgA0mWe9hKcpgmf.bvsPoLd5ZcunSBJc.9QP1oJkHq3R40u','perspiciatis','zUc527qTsk','2016-05-25 17:25:22','2016-05-25 17:25:22'),
	(136,'Kaylin Kihn','brisa55@example.org','$2y$10$7pCzQme.DJUwVEOeYwQOG.tgnp1RXuWZXD8wiC.xoQ9qhfln0yyOa','suscipit','bnROfB6jxh','2016-05-25 17:25:22','2016-05-25 17:25:22'),
	(137,'Eugenia Heidenreich','hiram82@example.net','$2y$10$JV24RWhCxwHjGkBvdhaBw.o3osXJ2tiJE89quenybYk8a.4ZF2Dtq','distinctio','jACqBuFGIt','2016-05-25 17:25:22','2016-05-25 17:25:22'),
	(138,'Freddy Boyle','vkoss@example.com','$2y$10$FGSm.sU2UaGItZ8CD2OwLe1zVgWNiGgi5X5o5PKf/KtJiI11Sh3/e','quia','Mj7SPEtogN','2016-05-25 17:25:22','2016-05-25 17:25:22'),
	(139,'Loyal Dare Jr.','pbergstrom@example.org','$2y$10$JKEvEXOHqoABalMS9dcSg.s4zAsBvGjnjur1lhMngxDObLVTQFnOK','quod','eOaTkeCWIi','2016-05-25 17:25:22','2016-05-25 17:25:22'),
	(140,'Prof. Grayson Kohler','erdman.jackie@example.net','$2y$10$Ap7zJ5e75Ah4qvxp.yezFOjjAaJxezhXvac7k45rJOjLpug2p.d7u','est','YH6cGeoXm0','2016-05-25 17:25:22','2016-05-25 17:25:22'),
	(141,'Josue Deckow DDS','maeve.heller@example.net','$2y$10$qN.o6mZKhzLENrIIfwoV/uG0MVw47E8eTtO6U.7eO7jEe8c5Ra.Da','aut','gPNg3aMlI7','2016-05-25 17:25:22','2016-05-25 17:25:22'),
	(142,'Reginald Ryan PhD','johnpaul.boyer@example.net','$2y$10$RvrxJH2cMYCcWTlo3TzVOOdevAh0g1G76hlbe7ikEC9.kEg/iLVN6','quas','UOjIWmHnSA','2016-05-25 17:25:22','2016-05-25 17:25:22'),
	(143,'Prof. Carlie Corwin','ybode@example.com','$2y$10$un7A3vTOHymJklAQ47.K/eJoD97jjnjStP2zUYCvNI40vBCYq/kTW','consequuntur','s8NIQo2jG9','2016-05-25 17:25:22','2016-05-25 17:25:22'),
	(144,'Natalia Becker','zhansen@example.org','$2y$10$pMiX5OW.DXZPgTxyjz06l.mplullFB47JWs8Ox6JnQ6TdYHFkP4be','impedit','uvBlKmCrla','2016-05-25 17:25:22','2016-05-25 17:25:22'),
	(145,'Prof. Herbert McGlynn','rfadel@example.net','$2y$10$TY2VYRa4J.4gzyQF1K8fDOs5Q3offWGS67dLUryuc3W21LN4oXoYu','ipsam','0gax9DcUBf','2016-05-25 17:25:22','2016-05-25 17:25:22'),
	(146,'Brady Kihn','kerluke.melody@example.net','$2y$10$pn14RhwQ1jK5CsCWrT9gjOFm8UPyA80/4LpqPJLErbrxj9iZWcsAy','suscipit','T1qYIgqHzz','2016-05-25 17:25:22','2016-05-25 17:25:22'),
	(147,'Elyse Dietrich','alvina.walker@example.org','$2y$10$0T4OrEXaKhAmTt1vo3yhJeg8rJjUpfjNlLysycxfcEv8I7LW1Al5i','fuga','y7kfdXBNoN','2016-05-25 17:25:22','2016-05-25 17:25:22'),
	(148,'Kyle Schneider','brandt52@example.com','$2y$10$.7GzzgK8mXPoaneW5fT3r.CaKNeBSZ7W/IBkxxOiUP96OD8OwIRrG','libero','wzCUeVtkzf','2016-05-25 17:25:22','2016-05-25 17:25:22'),
	(149,'Tyra Lehner DDS','hauck.laney@example.org','$2y$10$vcmpmIl.eone3AqrXDVwb.hP5KiLGF9dVFNwFnMXRmV9rjnocDYju','non','HfhmGzGtpi','2016-05-25 17:25:22','2016-05-25 17:25:22'),
	(150,'Kaya Mosciski','heber52@example.net','$2y$10$z6fT4VRAXN0hDO15WLJDH.1XHJ34W2BjYt.Q986yiJ.6rWSGAeDry','enim','rOyRp3V494','2016-05-25 17:25:22','2016-05-25 17:25:22'),
	(151,'Lilly Gibson DVM','ohara.margarita@example.net','$2y$10$.mGadYKUpmxtRz/1nIC//.OIUZadAa/RyPzgRUMf9ddszMvqa7Q.W','qui','JgApgh5r9w','2016-05-25 17:25:22','2016-05-25 17:25:22'),
	(152,'Miss Kaycee Wisozk','pfannerstill.miles@example.com','$2y$10$Zq.RGFuC1JTJOcIuDSbWyeLQ1i6FJJAcP9D0a8GtV3t9/CDeKraa6','nisi','6E4Zrv0Giw','2016-05-25 17:25:22','2016-05-25 17:25:22'),
	(153,'Cullen Bergstrom','qschultz@example.net','$2y$10$n9keRqlDIpIyoIerlKCoqOysHc7o298ItcWnHMX7V4LEPl87YPqj2','qui','kSKMjz6Zmx','2016-05-25 17:25:22','2016-05-25 17:25:22'),
	(154,'Nathen Schuster DDS','jacquelyn59@example.org','$2y$10$JVmPRS8.J3Weslbr.XlQmOD2XNMC94Cjka/wniwFgkbnnefVFyWbK','modi','ADwzzKkts8','2016-05-25 17:25:22','2016-05-25 17:25:22'),
	(155,'Federico Skiles','fadel.raul@example.org','$2y$10$0Y/cUNm.jQX9LB2E83ZCKeDlVgoar0AIgboUK30guOqzOmMzk9Eki','facilis','K4JNDUuO08','2016-05-25 17:25:22','2016-05-25 17:25:22'),
	(156,'Savannah Schamberger','jena94@example.org','$2y$10$RLPd8thBHhHs1Ied4uYCa.1gu6ykc0Ui4XaMR/A0R5FDDpbUJwAyW','ullam','ivRZyxe7Be','2016-05-25 17:25:22','2016-05-25 17:25:22'),
	(157,'Mittie Pouros','laverne04@example.com','$2y$10$zPfO8jjqtLnPYOmpC5/Yruo2wnTL/bRE02oTCCbgjLpFAZlGSW5KC','distinctio','r6zFsp0jc6','2016-05-25 17:25:22','2016-05-25 17:25:22'),
	(158,'Zachariah Bradtke MD','theron.walsh@example.com','$2y$10$IYv.QhBzGtBQ8bLLrdOCoOiE54tK4QCItX86fLYrzDiY1SqeGFI/u','porro','UjtBOLeFzj','2016-05-25 17:25:22','2016-05-25 17:25:22'),
	(159,'Miss Callie Bednar DVM','kbernhard@example.net','$2y$10$yP0dnqRxSrdApuJApst4OeGWJnPhFqTIWLDQhsY5/GZtPhwZ4UB26','eveniet','r53wDcaZJB','2016-05-25 17:25:22','2016-05-25 17:25:22'),
	(160,'Akeem Pfannerstill','rhilll@example.com','$2y$10$uRxO4.qF3Jp8Xiwd1/tYKeY0FG/3OHq8k8rA6NfYgJhyYh7Z0w6Gq','explicabo','TsCSi692Wo','2016-05-25 17:25:22','2016-05-25 17:25:22'),
	(161,'Dr. Deanna Cartwright','carlee.purdy@example.org','$2y$10$gv.FL3Y6T1LnDElt1hVkqOX51aDNxYF1.XtPE/D8OApD8w1H3Cste','cumque','aI2VIsQIE4','2016-05-25 17:25:22','2016-05-25 17:25:22'),
	(162,'Madie Howell','josefa31@example.org','$2y$10$rqNfUfQUGF.sWH2bl2v9IOKFPZha2HZXs0IZsCF7l0r.Ie3nnIh3i','ut','KTFbYb5ZTp','2016-05-25 17:25:22','2016-05-25 17:25:22'),
	(163,'Kennedi Daniel','jacinthe76@example.com','$2y$10$qfjpniYyPMZ5bn0jCwSh.OXWcDh9gN.4caOAmeS59c74f3nhq3McS','quo','4cm2gcbX9f','2016-05-25 17:25:22','2016-05-25 17:25:22'),
	(164,'Ethyl Christiansen V','jacobs.judd@example.org','$2y$10$.pgMw8ZB7tWqttvDs3CDCOCdmw173Du4ICeDkzMf8obzigJBs/riu','porro','9I44AHp7NK','2016-05-25 17:25:22','2016-05-25 17:25:22'),
	(165,'Prof. Delmer Windler Sr.','ilene00@example.org','$2y$10$37CJ8QDTOLlnU5h6Z93PB.WI2sfG9.67Vox80rPNdod8c402DkVO2','amet','K0jDKVfxlU','2016-05-25 17:25:22','2016-05-25 17:25:22'),
	(166,'Major Abernathy','ischulist@example.net','$2y$10$mReIDRNDNzPxy4xsfcAJIevQ.0r90H58QLJx0dtCCR8V4iEZHDAoK','eveniet','wKldLa6cUH','2016-05-25 17:25:22','2016-05-25 17:25:22'),
	(167,'Soledad Lemke III','ruby51@example.org','$2y$10$IdbhKORO3PB6mbierj80COXHppVmeu3DX.p1CjztX6qKQzr4S/cmi','nemo','P4hSspenQH','2016-05-25 17:25:22','2016-05-25 17:25:22'),
	(168,'Thea Kertzmann V','elias95@example.org','$2y$10$FtCgH9tcbM0iLSzui8fTqO3WQPo/raOApezLNSY9.b3pRd0/LiTWa','repellat','tPXGZzxi4K','2016-05-25 17:25:22','2016-05-25 17:25:22'),
	(169,'Marisol Hackett','vicky66@example.com','$2y$10$Anz0ebiNF2uxFjomt0RxYedHkj8T8eXiFPV.ZcstQdsp9MKRPKFAi','aut','l12oQA6AqS','2016-05-25 17:25:22','2016-05-25 17:25:22'),
	(170,'Juliana Bins','bruen.thelma@example.org','$2y$10$C1pk5hvX6NnvTXvl.x8zquzXHTcFbq3JzOn4LQc9W8m7WkMFhENve','explicabo','4G0bbbvZyM','2016-05-25 17:25:22','2016-05-25 17:25:22'),
	(171,'Nannie Ernser','aparisian@example.net','$2y$10$QXUpZAFLtyJQoIJch5bQj.5rr5Yw0dJT2Ol5hwetPBFnllJCSnxny','eos','pxwfb4ZIiE','2016-05-25 17:25:22','2016-05-25 17:25:22'),
	(172,'Don Fahey','johanna.connelly@example.com','$2y$10$xqiuDoVAQC6mXXJ6RhPfueApALVd7DaQANEpNwRKFqKKAviu1JWeW','blanditiis','TyWbEhhEnI','2016-05-25 17:25:22','2016-05-25 17:25:22'),
	(173,'Doug Jacobson','ekuhlman@example.com','$2y$10$HqmmM4JLi2OJbVjzG.yOcOL/t3KKCbvGYmmeEip.MspoTJ8FomMke','rerum','OlVNbBr0iT','2016-05-25 17:25:22','2016-05-25 17:25:22'),
	(174,'Rosa Koelpin','jrolfson@example.org','$2y$10$.fvZdFGsL60b.NS7OukeGOAao5D4BiB9JmCE5nLog6nvU7ItdtA3C','tempore','fU9haQgcar','2016-05-25 17:25:22','2016-05-25 17:25:22'),
	(175,'Sandrine Russel','nyah.price@example.com','$2y$10$zyO5YtQZpB.ado8/5yRp8.JEI920e4mg6WM4MxekAj269Z1wPByla','est','wFIaYHKiXL','2016-05-25 17:25:22','2016-05-25 17:25:22'),
	(176,'Dr. Isaiah Labadie','rogers.kautzer@example.net','$2y$10$5FGc7apm.XkQxzwt8qRnBu3B1mpdwLL84EelR.4KyFXU6JvC0m2Ea','magnam','JJQR4Sey6W','2016-05-25 17:25:22','2016-05-25 17:25:22'),
	(177,'Tyson Zemlak','garth.west@example.com','$2y$10$ms/LOZm9fbWPChkaSqxQ7uS4jPjXm4t1fn1MbH/pXah54WN/NGiF2','iure','Kt6uTMASOZ','2016-05-25 17:25:22','2016-05-25 17:25:22'),
	(178,'Issac Mann','phickle@example.com','$2y$10$YrcuwaHFFppBGH.9MY/4guVqOXd/xHM9MPP0IHKRCqer0JuKuliZa','eos','Tz3nTIsstK','2016-05-25 17:25:22','2016-05-25 17:25:22'),
	(179,'Jaycee Williamson','rschoen@example.net','$2y$10$MUnjoB3bvFQGqbXymOdEguHBvKL2DSG0OV7glg7r16BtQpOFQvCzK','ut','VzlKQnwRqj','2016-05-25 17:25:22','2016-05-25 17:25:22'),
	(180,'Chadd Morissette','graham.mervin@example.com','$2y$10$anr2kh5fAHHhuo7hyn51xe9bs4DNyEo6U73ZUwRJ4.gTQbdrZYM5.','sint','clvt2kk1hh','2016-05-25 17:25:22','2016-05-25 17:25:22'),
	(181,'Mrs. Vivienne Powlowski','bernhard34@example.org','$2y$10$KOxD/4rVOLSZ0eu1NQj0ueTEnQ9Jzss8gu7QDgZH2anPWNu52G.fq','voluptatem','rtHwu0eyuz','2016-05-25 17:25:22','2016-05-25 17:25:22'),
	(182,'Joana Stark','mcglynn.abner@example.org','$2y$10$pIW.i0YVcyk9fI2oskm0.eQwyc5LV.lEm6X/0vrpXJrkkCdXtcpXy','iure','BZoW07DCZW','2016-05-25 17:25:22','2016-05-25 17:25:22'),
	(183,'Mr. Destin Eichmann V','windler.derek@example.com','$2y$10$TylsbfeP.FxbJiqI.vu/..mW9DLQDMipSD.WFnOLRIzrpluszlXzS','et','jLvZ7IRDRe','2016-05-25 17:25:22','2016-05-25 17:25:22'),
	(184,'Astrid Fay III','angelita17@example.org','$2y$10$IaI1iNcTYa8McO0UjxCoQegLUE9lBE6xU/ECwB9XE0AO1IuYIPhIi','nulla','0kLigDI1Ap','2016-05-25 17:25:22','2016-05-25 17:25:22'),
	(185,'Mrs. Nicolette Herzog IV','jordy.luettgen@example.org','$2y$10$.Tmz1YgBkz1MvLonofqzm.P8kgdlOpxY7lNgPusc5RTBkHXW0z6Q6','ratione','oXiIy4LeIf','2016-05-25 17:25:22','2016-05-25 17:25:22'),
	(186,'Sedrick Greenholt','treutel.bette@example.com','$2y$10$nNVW5J9qL1E4FXxoBB.HreTt9iNS2pIfo3orXvHZ.pZwrJgfCH9ea','vel','AKuLLAqq7k','2016-05-25 17:25:22','2016-05-25 17:25:22'),
	(187,'Rasheed Donnelly','stiedemann.twila@example.net','$2y$10$i/6gkOMSFuBdIj233LUk3.75u1QXalUG.wSqojw8OZyv5W2/9Pq.W','quia','ptmVHKoln3','2016-05-25 17:25:22','2016-05-25 17:25:22'),
	(188,'Sterling Feil','mmertz@example.com','$2y$10$lJW.79Y709jheSFhI038xOFIcLpZlPE5CgbY/fJqr/ZT7ShzTyuZy','atque','ZGSXFEKSk3','2016-05-25 17:25:22','2016-05-25 17:25:22'),
	(189,'Bo Koss DDS','judy82@example.org','$2y$10$N2aBAjK/0uLC3PUg3BSPtutAh4NsCAQe3Etxdu7gtb/sc45j/C/eS','ipsum','4KCTeGmB6Z','2016-05-25 17:25:22','2016-05-25 17:25:22'),
	(190,'Prof. Elisabeth Hegmann','mustafa96@example.net','$2y$10$ADeiJPhHT0nDSzSUUB/OZ.683VysWVraX5d3iBBVCjUQRzV2TALbG','harum','yE4E4FQTt4','2016-05-25 17:25:22','2016-05-25 17:25:22'),
	(191,'Mr. Bryon Prosacco','dsenger@example.org','$2y$10$glVtR6hUQeEH3nxGblsT5.iwvWJSavF2HGmMAcX72g0f1NMpBKZ3q','id','QjeVtPpLqn','2016-05-25 17:25:22','2016-05-25 17:25:22'),
	(192,'Madison Walker','dejon.prosacco@example.org','$2y$10$wYVCPbDIYaTdQ6SDsH2IOuGCwKm4/9m8sOHerJcKuqVvbyRsXt1NO','ducimus','H33cmk04xr','2016-05-25 17:25:22','2016-05-25 17:25:22'),
	(193,'Theresa Satterfield','uthiel@example.com','$2y$10$/LsIceAU65EJV97EMl6pcONfrAIMIdZi9faF.FK8gDwsYYG7AhhKe','omnis','KBhWvmxCRN','2016-05-25 17:25:22','2016-05-25 17:25:22'),
	(194,'Shaina Jast Jr.','rowland06@example.net','$2y$10$yKg/vsxFDb0eeBuUwncwpOCrGe3dq.6G1mJyi7CV/EfXl28EBN2S2','debitis','cIVBkXprxr','2016-05-25 17:25:22','2016-05-25 17:25:22'),
	(195,'Rae Auer','raymundo24@example.org','$2y$10$y8bFSPNktX54t0WIJO9Xd.wQHSB5wnJff4snGJ1u6Vo44wkhuI58m','necessitatibus','x5dKUtJkyO','2016-05-25 17:25:22','2016-05-25 17:25:22'),
	(196,'Vincenzo Lowe IV','lang.ephraim@example.org','$2y$10$HRAl2u9yAjQRA/PElJIfluIp2NMQFd1gdyKL2/tODvDfuVMJ9U1lO','dolor','uSm9omcSe2','2016-05-25 17:25:22','2016-05-25 17:25:22'),
	(197,'Deonte Klein','guillermo.parisian@example.com','$2y$10$JLSEvwZMx3eM4Iw88wDgTu9ieXEyr99vNklwJ7qual5iiJRzxA0eO','officia','GLIAyP1HCx','2016-05-25 17:25:22','2016-05-25 17:25:22'),
	(198,'Milford Witting','nova.bernhard@example.com','$2y$10$tYMsamaVk36qHybnKFf77OMrOJDQxOPXiTH5PLlLNkYY4V12JXkjK','quia','ZtC3ekD2xq','2016-05-25 17:25:22','2016-05-25 17:25:22'),
	(199,'Rusty Bruen III','liliane.lemke@example.net','$2y$10$wwV8mZC9dKXnwlUQ15LOyefO9xM.QtsPirje1JhbxCVfRgDYatGBq','earum','k8fA9F84wd','2016-05-25 17:25:22','2016-05-25 17:25:22'),
	(200,'Bradford Bartoletti','rbalistreri@example.com','$2y$10$oofZdQSirn5.jWWmMKbtBOXeAMCf/5yDjVzj7QBCjOlmTy0uWE46i','deleniti','UuTUvx4n4M','2016-05-25 17:25:22','2016-05-25 17:25:22'),
	(201,'Jason Graham','wilfrid.rowe@example.net','$2y$10$9cnH0Ihn2JtbJ6bDBOWeku68IkDuMO1kf8YHmUCE4L5h1tQ4SUA7u','maiores','DjD34hVtHO','2016-05-25 17:25:22','2016-05-25 17:25:22'),
	(202,'Miss Maybelle Friesen DDS','emckenzie@example.net','$2y$10$bcCA98EEX1q/oXIeM.LK.eUjBPAeRpSlNTvdBUJM80jC.s3klwv8e','beatae','0cxtcY0K1k','2016-05-25 17:25:22','2016-05-25 17:25:22'),
	(203,'Addie Metz','robel.colleen@example.com','$2y$10$VHQnEXKp.HH/2RnIduIj/uEXUPK2D7Ok87j7UPpT9atfIWblCzuKW','voluptatem','1MhuM0CQAb','2016-05-25 17:25:22','2016-05-25 17:25:22'),
	(204,'Odessa Langworth I','aliza.lynch@example.com','$2y$10$Pz5JXoyCWg11vKAfywhqye29k06O6YTUOAmM5Tard3oB0X19jNiiW','delectus','Omj9BhFCRG','2016-05-25 17:25:22','2016-05-25 17:25:22'),
	(205,'Cesar Barton Sr.','sean71@example.com','$2y$10$4.rAq7FT9JAZ.KyEzQbMlO3ZCN4L9uvmCizNZyndVdwlmCYTAo9vS','fugit','mBQCn8zjMC','2016-05-25 17:25:22','2016-05-25 17:25:22'),
	(206,'Tanya Hansen','monahan.clemens@example.com','$2y$10$cgjwWkcYgWkMS.dPTOC5Cu9U89VsxfBr5BtvU/iU/8rWqdfJJnFVW','dicta','BsxldubNPQ','2016-05-25 17:25:59','2016-05-25 17:25:59'),
	(207,'Jacinthe McGlynn','melissa07@example.net','$2y$10$V.FhL1L4UIgkWWZPOyO9SuJdc2YqNnv/aIWSFFpNkFR4wnak5rOoq','asperiores','1Vr1SfUKS6','2016-05-25 17:25:59','2016-05-25 17:25:59'),
	(208,'Monique Lang','edmond76@example.net','$2y$10$8zwhIXbeTH4tBmTbP6Ni0.ab/F8Vn0D87AnEVqDcBNRYmlN576ZX.','et','5I98IFwF5Q','2016-05-25 17:25:59','2016-05-25 17:25:59'),
	(209,'Hadley Torphy','tpfannerstill@example.com','$2y$10$GxkfG05dVoc4iZ0Ln8MwsOJyd9v888shppqkIXZ3i0chwTAcmdkHy','rerum','GAQN1CUqzq','2016-05-25 17:25:59','2016-05-25 17:25:59'),
	(210,'Roman Kuhic','champlin.paris@example.com','$2y$10$bvFOONa7MQZ6tYktImR7QeHIv1ldRqJ14UWElYtefEAaDdk10mp1a','veritatis','hs3DPnxtE1','2016-05-25 17:25:59','2016-05-25 17:25:59'),
	(211,'Prof. Kenyatta Ferry','orau@example.com','$2y$10$77CcLsLgZKx7lzob9DtOWedGB4/kaJuW3eDzRIbvaRzF/qJHAZbmK','porro','YSLqiHYPsi','2016-05-25 17:25:59','2016-05-25 17:25:59'),
	(212,'Khalil Predovic','cleta.dubuque@example.net','$2y$10$YAlZquxlKX8RALaz6BhPIORqBjMOitT/Y/J/eBpErc8yDhK1r/QmO','ut','O3m5u3bSQY','2016-05-25 17:25:59','2016-05-25 17:25:59'),
	(213,'Carleton Kuhn','stephen08@example.org','$2y$10$3fQwSxqQEeJM3lb4sNJBYOneMeLfGrJ3toUc1fbLZYCfSDo7STa4K','commodi','kVNOCkn03n','2016-05-25 17:25:59','2016-05-25 17:25:59'),
	(214,'Kolby Gaylord','price.kolby@example.com','$2y$10$M1V4tOeMXXEEn4jiHnDMvewHeUxhcvlvv543aVNwO/KyuqVf1Cwfq','beatae','aqUpRyoqgZ','2016-05-25 17:25:59','2016-05-25 17:25:59'),
	(215,'Stephania Torphy','franecki.simone@example.net','$2y$10$GDEjdyQFhAycg.kiP21AeenA13rwA2xvrWyGVUL7cf6xvXIEsjhGG','dolorum','pOB3DTnVnP','2016-05-25 17:25:59','2016-05-25 17:25:59'),
	(216,'Gerardo Eichmann','freida.murazik@example.net','$2y$10$3BU/p7UhHo3Ttke4mK5XMu/maXgabtRf5QzeIlevKC1SZz5xtpq0.','quam','eJ9XorhOFe','2016-05-25 17:25:59','2016-05-25 17:25:59'),
	(217,'Mr. Timothy McLaughlin','gregoria.keeling@example.com','$2y$10$M7dvEFi66f5xm33we.whI.90DcoR2p9GEkcA11ggApSRB7hpGHKfq','eos','bvMPHsNUL8','2016-05-25 17:25:59','2016-05-25 17:25:59'),
	(218,'Harmony Lebsack V','viviane.keebler@example.com','$2y$10$nozHNl6I6yaEgI6EH.AkRO4ROcmIc1FM5GGn1dsvgx77IJMHGmg3C','pariatur','zqBcN1JLZL','2016-05-25 17:25:59','2016-05-25 17:25:59'),
	(219,'Dr. Celestino Gleason Sr.','denesik.dorothea@example.com','$2y$10$eHIVZdr89KHYk.11APqX9OTHJHnGscPQ/sFfaPa3zUP8mq4adQ8TK','voluptatibus','cURIuc7Shs','2016-05-25 17:25:59','2016-05-25 17:25:59'),
	(220,'Annie Huels','stark.alex@example.net','$2y$10$VHG.Iq92BFjOu6fT/dT2a.U1G/nQ4g9NX2dgYYQQ0vnHKMZFDTnXG','voluptate','Jw8zfpoNZr','2016-05-25 17:25:59','2016-05-25 17:25:59'),
	(221,'Theodore Lesch','uschroeder@example.net','$2y$10$fDYiKwKd.9o/MY6J69IIJuffLqO3xQFigtKQw7qsZpiFWdcSw1rgy','et','CSEFvmT7jy','2016-05-25 17:25:59','2016-05-25 17:25:59'),
	(222,'Berniece Fahey','esta.kuvalis@example.com','$2y$10$5ZWGxDiH4PHa6WcRk7qhmuR3Bk9fSD2cciLMStnziJsh3UgbBSAMy','illo','tWeBDkIFok','2016-05-25 17:25:59','2016-05-25 17:25:59'),
	(223,'Elise Metz','norberto.nader@example.net','$2y$10$.pnvYPnw3pJhuzgeIhKMb.I7HSRrW8snz1Cd5gKXBH6b5ZJBzpcDm','voluptatem','m8XwBpBFvu','2016-05-25 17:25:59','2016-05-25 17:25:59'),
	(224,'Miss Dawn Ziemann V','powlowski.deborah@example.com','$2y$10$bJgjkn2QxX/3dYGyB4PIZeOCfeqRPp4jCErwENcWGKXbNEkQASnWu','odio','uUaZ0r9u2I','2016-05-25 17:25:59','2016-05-25 17:25:59'),
	(225,'Madaline Ziemann','reyna.windler@example.org','$2y$10$0DPM3cHXvZDZTnykkxyJYOEZ7l80YI0Wkb5R41WJXPFoa17FUNSGq','ad','eDYzde294p','2016-05-25 17:25:59','2016-05-25 17:25:59'),
	(226,'Precious Breitenberg DVM','rosetta.bartoletti@example.com','$2y$10$z/f489Fz.xAJCrcS/aekwuETBBvBsVxouv2esnf6VWtlONROWj.62','eligendi','q8RsuyEQPm','2016-05-25 17:25:59','2016-05-25 17:25:59'),
	(227,'Lia Lang','romaine82@example.net','$2y$10$s4DHeR3ebPTPkNKTuoOYB.ZjicfR/TNvq5v45UVEeA1iJjXH1yCdC','veniam','xuB16cpBhB','2016-05-25 17:25:59','2016-05-25 17:25:59'),
	(228,'Prof. Rupert Bahringer PhD','loraine40@example.net','$2y$10$KsmapSIjyIqzxrf0NGsAJOzhRzuMzlrfpMBsU0w6dTd/N7lXUORke','totam','XxRpG5iS3W','2016-05-25 17:25:59','2016-05-25 17:25:59'),
	(229,'Mr. Tony Swaniawski','moen.buck@example.com','$2y$10$e2k6LVab.3V9Hi2NbTcjd.c9ViH/63a5TJEVhyBg6OWP5eacn08/6','quod','OnA5wY4lBM','2016-05-25 17:25:59','2016-05-25 17:25:59'),
	(230,'Miss Florine Harber III','terrill.goodwin@example.net','$2y$10$APinmlMc0dWWlYBH6KMPlOC/tf1JqFRToOm2XIxVN/.nGpa58Qyly','quo','gn4ze5LC0m','2016-05-25 17:25:59','2016-05-25 17:25:59'),
	(231,'Lera Gulgowski PhD','dock.spencer@example.org','$2y$10$6.un7E7nmFf7pBEomeSo5eu5IURxdC6oZl44ebYG6qRJG2O.5oGDe','velit','CMEy86Z7Z5','2016-05-25 17:25:59','2016-05-25 17:25:59'),
	(232,'Prof. Cameron Kuhlman PhD','alaina.okeefe@example.net','$2y$10$3w1JZMHv2JS2Jtff1A6y3OhYfTjSO85lvhT6MNpvUEAxNIHN6wg3u','autem','DQvEU6xiS9','2016-05-25 17:25:59','2016-05-25 17:25:59'),
	(233,'Jed Nienow','cicero.halvorson@example.com','$2y$10$q8Vh6Z9KY0U8TDVzH9/sT.1F4Vuoxj./J121L5Ar9Hvw/mZ8LoLtG','sed','CqXWJQmEb8','2016-05-25 17:25:59','2016-05-25 17:25:59'),
	(234,'Ms. Thelma O\'Connell I','ubaldo.bernhard@example.net','$2y$10$VLq.U2VD3QeYrI3L7iaVBeJnXk2xN7CG08MX6KSw5sFIQ5B9Y4XYW','consequatur','JE3ZvHc0Bt','2016-05-25 17:25:59','2016-05-25 17:25:59'),
	(235,'Rosalinda Schamberger','gquigley@example.com','$2y$10$gfeLzatIxDJk/Bqfy7BDMuoO6fFEdDvGZIUHPWVjPJWKP3u/qojoe','voluptates','VGIyzdeRAp','2016-05-25 17:25:59','2016-05-25 17:25:59'),
	(236,'Pablo Powlowski','britney93@example.org','$2y$10$B20XsSXMErPT59en1I1A1O1vxM/gnkJslDGLYHxLJu30VunevYaeq','quis','dxMJkm5NCd','2016-05-25 17:25:59','2016-05-25 17:25:59'),
	(237,'Gregorio Kulas','malinda.murazik@example.net','$2y$10$dMTbSIKFHPF1mYCP262zu.WpkvAVpKlE3.ENRDOWPlTmzn34JOYey','omnis','OCEntiarR1','2016-05-25 17:25:59','2016-05-25 17:25:59'),
	(238,'Prof. Myrtice Hand IV','gcronin@example.com','$2y$10$Gkz6gCtohJsF9kg6Z5JDz.RjblNcosJp6tmdJ8bL4Z8pm3v.8FZva','impedit','EAKgQTt0Og','2016-05-25 17:25:59','2016-05-25 17:25:59'),
	(239,'Zion Kessler','leopold59@example.org','$2y$10$dzIp0WZP.Bni5kL7lntTju9V/21l0UvrqOBbq6xy.6hpxnoD7KAGy','nesciunt','YtwXxdz5Ma','2016-05-25 17:25:59','2016-05-25 17:25:59'),
	(240,'Lisandro Wehner','rkoepp@example.com','$2y$10$/9GZhXAQRGYQH.1YlyIeXuJBJA1fanTi7GSPgEO/IdrtPFnr0ea6C','dolore','XCki6xwxP9','2016-05-25 17:25:59','2016-05-25 17:25:59'),
	(241,'Sammie Mayert','elissa.spencer@example.net','$2y$10$tub9XMSoE16D1IVnSZGOr.yNLX8KeaIG.kux8bdikF94FeH6Mqbuq','distinctio','wiMRfzsjSW','2016-05-25 17:25:59','2016-05-25 17:25:59'),
	(242,'Consuelo McCullough','bailee29@example.org','$2y$10$dubFzp2INafbMJhvv8e58e4gERoSgv/a.XKDLBqTPIJAd498WYcK2','nostrum','9s0MFU23vi','2016-05-25 17:25:59','2016-05-25 17:25:59'),
	(243,'Mrs. Anais Rowe','xjast@example.org','$2y$10$/4dvthT9bDaHpq5mUlhz/OxAq.mZWy0bxbF0tt2bO6TSLrSSc1DKu','qui','VqqKRuHe0j','2016-05-25 17:25:59','2016-05-25 17:25:59'),
	(244,'Mertie Hilpert','quentin00@example.com','$2y$10$/72aRWzak7PNtF5W9WzqaOp5GttB2b03H8mlOr6e5sO.AsF3j9Na6','aut','pwA1nBYtBy','2016-05-25 17:25:59','2016-05-25 17:25:59'),
	(245,'Kay Fritsch','janessa.bashirian@example.net','$2y$10$SmONVSojyBFk7FSrWfHbQeYn8VRil7Kmyz1nuN6xdZccitz8sAo5.','corrupti','KRlyvfmAbx','2016-05-25 17:25:59','2016-05-25 17:25:59'),
	(246,'Dr. Marvin Haag','mariane.mitchell@example.net','$2y$10$dRvphCnCSV6.CqyzozZVPOI3hO3FV9G3lWVoa6dRrAZaDvOZK2aqa','vel','eAfu12UakB','2016-05-25 17:25:59','2016-05-25 17:25:59'),
	(247,'Alvera Gleichner','brau@example.com','$2y$10$GQr7Zp4a/ePnXlkeUykTZOmZmzHQpypO7r9Se9N1QLFMBB7JLvNcK','dolorum','Y49oJO5blg','2016-05-25 17:25:59','2016-05-25 17:25:59'),
	(248,'Crystal Gutmann','zfay@example.org','$2y$10$t4VqQhJXCQr96Pra2Z3KxuDCTELgxC1bNEhOniBADAm.Yxv3l.KeO','excepturi','qkX13MlJ4d','2016-05-25 17:25:59','2016-05-25 17:25:59'),
	(249,'Dr. Alan Lockman','kassandra.ferry@example.org','$2y$10$UjTz.obVIAzLhlnTPIZHiei7KBUVIsUe.Dj8TP63xhJTuXxMxBx9a','quisquam','BS7UdLFKgM','2016-05-25 17:25:59','2016-05-25 17:25:59'),
	(250,'Abdul Leannon','gage81@example.net','$2y$10$HV3vyUiIpNqum0td5GAFUuxOZTq35fsTWFYKFsuX.psxaOvv6vPd2','aut','9KuxKJOJhj','2016-05-25 17:25:59','2016-05-25 17:25:59'),
	(251,'Jason Stoltenberg','casimer10@example.org','$2y$10$7C6FUgPi9aVzpc.2YsfcXO8DN3JZvhkHGiPfB4/ZTb4qNLoS0ajxK','numquam','QQgWKK7tRJ','2016-05-25 17:25:59','2016-05-25 17:25:59'),
	(252,'Chaya Leffler','zzemlak@example.org','$2y$10$73RriA4J3tI7K3dwtsog4uzOKB6ff8Awo9YUj7n4sa0onG3Zw0/oy','facere','51YwGb1ebt','2016-05-25 17:25:59','2016-05-25 17:25:59'),
	(253,'Cooper Thompson','treutel.vickie@example.net','$2y$10$zVtUssqS/Hy16eRBIObJLOEqyy/WZawAp3YlbRsngeGIeUfqabnZa','eligendi','aL7gBTBpZo','2016-05-25 17:25:59','2016-05-25 17:25:59'),
	(254,'Dr. Buck Roberts','noel57@example.net','$2y$10$F7cFaME9B2oStaZyGWZuEOGFqu8whCgbayV.Kb7j.j/c.CTDKOJ.m','non','nkj8iu6TJx','2016-05-25 17:25:59','2016-05-25 17:25:59'),
	(255,'Veda Ernser','lhayes@example.com','$2y$10$HXUPWI2EsNGNnrGcTm43qumYZ6D1QosQahIuZ9F1Zxzs8x2j42xve','eveniet','6zlQz1ndZB','2016-05-25 17:25:59','2016-05-25 17:25:59'),
	(256,'Hubert Spencer I','wilber.kunde@example.org','$2y$10$8M4QvNwEjVYTCIhMwkao7.i5IyqBDCAoyldD/hcpx3NvKpUOkXluS','sed','8mXfkMAPVj','2016-05-25 17:25:59','2016-05-25 17:25:59'),
	(257,'Miss Berenice Harvey I','pdamore@example.com','$2y$10$Tbam4BSkCzJkcUHfWVZ.BeJ0DkJuERvCUlzw8GoBNgRcq.gyOqMr.','aut','xD2UwwIUll','2016-05-25 17:25:59','2016-05-25 17:25:59'),
	(258,'Kendall Cassin','arlie.gleichner@example.net','$2y$10$rb8tMB9mz5W5wV.VCak/eeaD9Dk94PprfaoLurX/St1qi.PlYfB6K','neque','MVvetC98ze','2016-05-25 17:25:59','2016-05-25 17:25:59'),
	(259,'Domenica Pacocha','kathryne70@example.com','$2y$10$XXk5T7o6de7lapNCSb334uZHfLXGy25NsUnQgS1XA87yJGtqA5dLK','corporis','AGNfqu4maz','2016-05-25 17:25:59','2016-05-25 17:25:59'),
	(260,'Ms. Nicolette Walsh','berniece.torp@example.net','$2y$10$ke60T9m/v0AfRVhGlWNpJOwZfB3RcWLXGZHPE9A8T3AmIY8ohauOC','sequi','6gpI8rsn48','2016-05-25 17:25:59','2016-05-25 17:25:59'),
	(261,'Abbigail Veum','guadalupe55@example.org','$2y$10$PW7hgUkXntxyAwVyVoY0TOVq3Yv80esHb26FkVo48xFT1pY5lEGf6','voluptatem','SOxNxV97XF','2016-05-25 17:25:59','2016-05-25 17:25:59'),
	(262,'Mr. Buddy Adams','barry.gusikowski@example.com','$2y$10$dApd4CESJtITnhom7TM8SOKJNCxVfUdk5ZVfz2YSmXQD4FeivgqlS','dolor','HU6UYPOnB2','2016-05-25 17:25:59','2016-05-25 17:25:59'),
	(263,'Miss Breanna Altenwerth','haag.aaliyah@example.net','$2y$10$8.U5o7G.F.yYn.VZOk2md.CMYQn3kwIfnfx/gmmIvjSg2verDhTZe','omnis','zvpCi8sr2b','2016-05-25 17:25:59','2016-05-25 17:25:59'),
	(264,'Abby Roob V','tmoen@example.net','$2y$10$fYHEsDRFSoT5wmu0D7T2tOjTbZ7d/Dw8n83.0bcVPC./QxbQcXqeq','eum','Tkx7tmsmdP','2016-05-25 17:25:59','2016-05-25 17:25:59'),
	(265,'Shanny Kiehn V','jackson.crooks@example.net','$2y$10$8plaL0OaZ6kqvUJoKFIhwO/RIGDHqG6KCmexBaNOdgTei.HTskNz.','ipsa','QwEnsDw2NB','2016-05-25 17:25:59','2016-05-25 17:25:59'),
	(266,'Prof. Juvenal Frami','braun.brycen@example.org','$2y$10$1/mNT25sL2KYqekCO.1mwePjpBLNM3hDzW2y.t.hIonjp.1dQCSkK','accusamus','fWnNRWQgM0','2016-05-25 17:25:59','2016-05-25 17:25:59'),
	(267,'Harley Mueller III','manley.stracke@example.com','$2y$10$YR0iBROMMQMyUcmYw5AyJeFsLYKwR44vXkDoVKS0KT3T0.HUzbLve','eaque','SRnqfmIKYC','2016-05-25 17:25:59','2016-05-25 17:25:59'),
	(268,'Connor McClure','hulda48@example.org','$2y$10$spMm0ocyNKAT1NeJ1UMPeuSaMFzdYmSzPX23bBN9.ZCw2VlxvtoTG','sed','YLwKw5aMsa','2016-05-25 17:25:59','2016-05-25 17:25:59'),
	(269,'Prof. Skye Ritchie I','corkery.earlene@example.net','$2y$10$ePawvvcU4o2PUB4snEho4ubNu4fwDoSuhQXWnV0YvFIuelXoIO53G','occaecati','nosaJA3Crc','2016-05-25 17:25:59','2016-05-25 17:25:59'),
	(270,'Amos Schmeler DVM','daisy.kuvalis@example.com','$2y$10$affqfBIq4Bm2awUr0fiBuuPlYvHkLaAh65wTkYv1nTCaMAmFNeJgO','nulla','Q0w7Ja8R4y','2016-05-25 17:25:59','2016-05-25 17:25:59'),
	(271,'Rae Koch','juliana.nolan@example.com','$2y$10$vYMdLJvMZClG47lg4Kz2HuAPFk9xxuBboh.Z48jYVQ4TwJOrAZyYS','ut','W8w51em1c9','2016-05-25 17:25:59','2016-05-25 17:25:59'),
	(272,'Lyla Moore','collins.rebeka@example.com','$2y$10$alRfQnX60xfiQyJLeck7duJ08PrzjDfg7KGWZANNwIYdXQhy1njSW','enim','1cp0xXUcz4','2016-05-25 17:25:59','2016-05-25 17:25:59'),
	(273,'Jeffry Senger','ymurazik@example.org','$2y$10$V5EfmRm24eccTTxTGAaXxOg8BzCBKC7vPGpIacFXaTOiHHDiSThNK','voluptatibus','ZBkLfay5Xq','2016-05-25 17:25:59','2016-05-25 17:25:59'),
	(274,'Candice Ankunding','dooley.madonna@example.org','$2y$10$gUdkt9Ypsys.B2bHUD8p4.0i0RsIEtPdj7jr86SbdbSkMuXJ3v3a6','fuga','1NGPykzSnW','2016-05-25 17:25:59','2016-05-25 17:25:59'),
	(275,'Winston Leffler','dejuan.reichert@example.com','$2y$10$vVXH/tEwzZb2HYSIGb5DcehlVHXmzadbHDJcxdKB0Yd1BOQRxHaBu','quia','ko0Ig8tX5c','2016-05-25 17:25:59','2016-05-25 17:25:59'),
	(276,'Ms. Laurie Rowe DDS','howell.izabella@example.com','$2y$10$nZFxI8lnmGw0ga2SZRth3OrHGn1DTe2i9lQWo0u4eLRHKvjGfhUQa','est','O3O1NMfzKA','2016-05-25 17:25:59','2016-05-25 17:25:59'),
	(277,'Ada Volkman','west.dorothea@example.com','$2y$10$FoZZV9W6h.vcqk7WqcjHtOrmiln7bG4GzW1UpjbPAF5xq9p4Yxuyi','optio','6nK65CIMRS','2016-05-25 17:25:59','2016-05-25 17:25:59'),
	(278,'Lincoln Gusikowski','koss.lou@example.com','$2y$10$UK0lx.Bgn8oSLfEN4buZSOylprKB3vwIXt9WxhE7WLb4dvlBOLEji','rerum','E7vaGUYsty','2016-05-25 17:25:59','2016-05-25 17:25:59'),
	(279,'Dr. Felicita Kuhic Sr.','ava72@example.net','$2y$10$xL19XR35jMRpzc52/erB/.WUicj5GL2EzjhEW1FWQB2Bc1DA8tCFO','at','l1RM0QNZsL','2016-05-25 17:25:59','2016-05-25 17:25:59'),
	(280,'Raymond Kulas','ilene25@example.net','$2y$10$UbTmQH1xaLE0LsgnXd0ht.lYNcKz0Wtrpz226PqRAo3hi81tJjvCi','id','wbzKumVz12','2016-05-25 17:25:59','2016-05-25 17:25:59'),
	(281,'Mr. Jordyn Heaney','meagan25@example.com','$2y$10$aFc4K1lXeN6.55ZwtylUM.qevDTcRqwvvxwwlPtz7j/pMs95HDYPu','natus','SVydChbwLY','2016-05-25 17:25:59','2016-05-25 17:25:59'),
	(282,'Louisa Krajcik','layne85@example.com','$2y$10$DAWyRR5.9e7NZnZIjU06mumXmndDrXYLU8075TmI.RJCiHSqoo9PK','fuga','vOHg8Ei5hm','2016-05-25 17:25:59','2016-05-25 17:25:59'),
	(283,'Eve Simonis','kassandra.legros@example.org','$2y$10$AtDXn4qQZJv.HanfOwJPAeFpGty4hLJ9SqcTF8L3cL8Z3ekufcWUe','voluptatem','ARrmjgxz7Y','2016-05-25 17:25:59','2016-05-25 17:25:59'),
	(284,'Urban Ernser','bergnaum.gabriella@example.com','$2y$10$0nB/bFohAoZ6bIMUXMQy5uNtjFLlljGLz69Fz4I2VDdQzCnsK23LG','quisquam','H9IaLUgvkh','2016-05-25 17:25:59','2016-05-25 17:25:59'),
	(285,'Krystina Monahan','tgerlach@example.org','$2y$10$ogEA8ZKFaMzu4sSRQSKYr.Sik0hAMCMB1y39uWZfMFzF87i.ncj0G','amet','ImGU9pCGlP','2016-05-25 17:25:59','2016-05-25 17:25:59'),
	(286,'Mervin Langworth','bahringer.nathanial@example.com','$2y$10$P6UiIopPJTo1aqJ.pOB.8emfyiKS4BfQW0EQ/62J9bBAnd8qjM7RG','ab','372FDXRKKl','2016-05-25 17:25:59','2016-05-25 17:25:59'),
	(287,'Prof. Ned Prosacco','kmosciski@example.org','$2y$10$0/3T9w1aPVolvS0ATklSW.03Lw81GdlTWpHDXqJw9WE6WN3Gxqhay','qui','bIcmvaQEU1','2016-05-25 17:25:59','2016-05-25 17:25:59'),
	(288,'Finn Swaniawski III','mkoepp@example.net','$2y$10$bboIOFOxrsK/WcXG/w/lzO3MSM1wpa2Sv4erJ5vu8bR5eVTVEQ7vm','velit','vdzCm6rmKr','2016-05-25 17:25:59','2016-05-25 17:25:59'),
	(289,'Kobe McLaughlin','kdicki@example.net','$2y$10$0vxEm/hNRLwgYncAAAzsiuU8vPa0LzrpfVb1mgJAwMuM3lw8liW3.','ut','6JQl4BMVqv','2016-05-25 17:25:59','2016-05-25 17:25:59'),
	(290,'Mr. Eusebio Brown','uriel27@example.org','$2y$10$guptfbiGbP93z12P9c5dbe1YVZO2M26IBNs5bJ.hi4ty89FbTc36G','omnis','rC4bYagNCq','2016-05-25 17:25:59','2016-05-25 17:25:59'),
	(291,'Bennie Reilly Jr.','bradtke.dayton@example.net','$2y$10$97HM2p22/CXOcTbsmkeJi.uhqscYrDCoGAYJISZSRWOuVO.DJ70SS','consequatur','Jn7VJR10V4','2016-05-25 17:25:59','2016-05-25 17:25:59'),
	(292,'Helga Schmitt','ehermiston@example.net','$2y$10$iiR1zPe6LHBkiTzb/XZ.beJ1lwELOnko69m/41nh1sM3ab.ARbUkW','ut','oelTHXtMJQ','2016-05-25 17:25:59','2016-05-25 17:25:59'),
	(293,'Mr. Salvador Bahringer','heaven.smitham@example.net','$2y$10$R4Fa29gzr.qRPT.XxmtMFeMBz12r5ccFfSUwLfqDjtngwaRWiEOiS','iure','txDxzpLZAi','2016-05-25 17:25:59','2016-05-25 17:25:59'),
	(294,'Kenna Hartmann III','pweber@example.com','$2y$10$4Jo51NNligzYSbAp4qa0Aewge5I/jFLiii9UEJRHl7bDXXc1trcYi','odio','9asDvx56ph','2016-05-25 17:25:59','2016-05-25 17:25:59'),
	(295,'Ezra Reilly','ferry.germaine@example.net','$2y$10$t1M2YFZFdQgrgv8UyFOtAuBwRBZ5cAUnr70yTgKD6nf0Go.Ypb3lW','blanditiis','dGkbWeknQT','2016-05-25 17:25:59','2016-05-25 17:25:59'),
	(296,'Dr. Eliseo White IV','nikolas41@example.com','$2y$10$6637snL/AfsEXh6SpAAKd.elK8ESSh6n/zD9DxMOoY.0LwLup68Aa','quod','VI1tbHr2kY','2016-05-25 17:25:59','2016-05-25 17:25:59'),
	(297,'Tatyana Keebler','raymond08@example.net','$2y$10$Bce/mxlu2QBm7SoYbpraReQ1RrgXXYDBlj8gQhPhdPvSulCPku5Rq','omnis','XJBSmbIKG5','2016-05-25 17:25:59','2016-05-25 17:25:59'),
	(298,'Jackson O\'Conner','shakira.hoeger@example.org','$2y$10$dExrtR.h1kLXk6oB1leweuaHGj4M9QtZ.OZEq4XXbE5vG7aRXlz1y','eum','BMTsW3JmGR','2016-05-25 17:25:59','2016-05-25 17:25:59'),
	(299,'Mathias Nitzsche','zpagac@example.com','$2y$10$.00BzDap4m3CL3N9M5wh2Ozoai555isXlsif6GA33wcuh0GfvBBh.','sit','uThMvCd8NN','2016-05-25 17:25:59','2016-05-25 17:25:59'),
	(300,'Ahmad Kunde','fadel.elena@example.org','$2y$10$EPIcCZMMaQNBRSqTJMOwauZPnDs6bUg40W1Q1QeeBlExYCG8rXU/G','voluptas','e1VwUWo6MI','2016-05-25 17:25:59','2016-05-25 17:25:59'),
	(301,'Miss Shanel McCullough II','grimes.dario@example.net','$2y$10$pJf6Ez.w5cx4Ms0ZaWqclurlnmEcUd5yBcSsyLEmFBnVp82SIf2iS','sunt','LfOkJYZui7','2016-05-25 17:25:59','2016-05-25 17:25:59'),
	(302,'Nona Schowalter','barrett.cole@example.net','$2y$10$aB5vF2mN8xXpiGgRewypZ.cTc3fkwe6xtt5D0Y0ZGu1.s3i4/EVKG','atque','UTyKi37dP8','2016-05-25 17:25:59','2016-05-25 17:25:59'),
	(303,'Prof. Brian Hauck IV','werner.green@example.net','$2y$10$8WlpVN3yf7Ouql4q7xPM8O8d29EFDI18X8Lh2t0aG/J5z4v275dp.','beatae','4n5m4aFZ1y','2016-05-25 17:25:59','2016-05-25 17:25:59'),
	(304,'Halie Thiel','fgleichner@example.com','$2y$10$9SNYfLV2zxImyaBCbvsEm.1R3ZcrTI7891f/KvpQJvDZIVsqcp4KC','optio','r8sYfHaFC2','2016-05-25 17:25:59','2016-05-25 17:25:59'),
	(305,'Aniyah Kris','jthiel@example.net','$2y$10$qMvqE9n3I.KIA2rIT6XsD.jG6fI6vM1eHx90FYT3xvTNc4xmlpNhW','et','KOHK7IEbqu','2016-05-25 17:25:59','2016-05-25 17:25:59'),
	(306,'Alphonso Russel III','johns.buford@example.net','$2y$10$HetgGszf8vQc4Kt3yvdsYO50Rll6zskEVnDvJdvfBGSYVZOvvtYYy','ea','nHwXgAcLpX','2016-05-25 17:29:07','2016-05-25 17:29:07'),
	(307,'Prof. Aliza Bernier','uheathcote@example.net','$2y$10$zVI7nscaLPvOWOYh70eQ3ux9OnhQF861T0ZkQTNmB31mG1tK38iHW','dolor','zHjD1w4kN3','2016-05-25 17:29:07','2016-05-25 17:29:07'),
	(308,'Mr. Jonathon Klocko PhD','beryl29@example.com','$2y$10$XhfKj0uPpU6V71PjjUotX.wiDTwVS.R1jZfKSeZU7EDgZbuPeKBw.','sunt','LrVji5CpgA','2016-05-25 17:29:07','2016-05-25 17:29:07'),
	(309,'Columbus Simonis','gkautzer@example.net','$2y$10$VtWChxZTgC/1mfLjDFBDJOrADpcXZQ3okK2QR4hxN7jFCL6vmJcuW','voluptas','Fh95Sk1uIt','2016-05-25 17:29:07','2016-05-25 17:29:07'),
	(310,'Prof. Mandy Sauer','schiller.efrain@example.net','$2y$10$/BDZRktO6yb.CuME.uSF/.QvDblTQvQv7QsiSEZDgNoPvk9EXDyUy','dolorum','m5hLrKU10R','2016-05-25 17:29:07','2016-05-25 17:29:07'),
	(311,'Karlie Hilll DVM','chaya.marquardt@example.net','$2y$10$gFK6675VxoXAXWcJH0xqLegrO7Ij2r6DwBvZXgyAgm8ife1Ct2CCO','tempora','MoG29uEW8y','2016-05-25 17:29:07','2016-05-25 17:29:07'),
	(312,'Casandra Aufderhar','alessandra22@example.org','$2y$10$IAa3hI7dItuA.qDUL1G03ewOk5Zlsclt3rI7q3SX0FB7IiIsetA4i','minima','j78I0w0BDK','2016-05-25 17:29:07','2016-05-25 17:29:07'),
	(313,'Arvel Nolan III','wilton.hansen@example.org','$2y$10$01it8EWXw.F0jTZoro3kkeajZnG1QwWfeufORyzz3KpcslmO9wIVS','amet','Q3W2GbXj0Y','2016-05-25 17:29:07','2016-05-25 17:29:07'),
	(314,'Alex Turner','walker.zulauf@example.org','$2y$10$Z.H/4DQ4TdHHQ6O2Zs0jsOBison.jc/UlriiNUOiX6Os6UhNVE/F6','voluptates','M7mReB1xyV','2016-05-25 17:29:07','2016-05-25 17:29:07'),
	(315,'Dr. Elliot Jerde I','brandyn.zboncak@example.org','$2y$10$mnYHuxTalJCU6YwajARL9OF1/4QreXOzQBgBM2J5XYUhsVpMZT2lG','eos','zQ7RPrh5X8','2016-05-25 17:29:07','2016-05-25 17:29:07'),
	(316,'Ms. Odie Balistreri','kiel.herzog@example.com','$2y$10$6GL5LZYqu3OUtcecdc3pHeOWf0apTan7Blx75w8oN4nMP2SgY3NBG','et','TGMlejap06','2016-05-25 17:29:07','2016-05-25 17:29:07'),
	(317,'Juana Zulauf','dixie.glover@example.net','$2y$10$L7L/TjIdYM1ua2VIJm/KceOzgjMDSNxhC320eWhcj8leoJqb7F8Q2','dolorem','XIvkd4KtGu','2016-05-25 17:29:07','2016-05-25 17:29:07'),
	(318,'Concepcion Howell','emely18@example.org','$2y$10$uMgjWfkM/WfmvKoq6ylKmu3UbxWxBVG.J7nWBLidukf8e/avsgBzW','reprehenderit','n8ICsijXh7','2016-05-25 17:29:07','2016-05-25 17:29:07'),
	(319,'Burnice Stoltenberg','kihn.meta@example.net','$2y$10$IeoxmHMIQ2M.qb0UCYg7MuYF45jaqxhKILLew7nWA/PntSZj8.w/.','non','XUAKRk1r3H','2016-05-25 17:29:07','2016-05-25 17:29:07'),
	(320,'Frederik Tremblay','collier.jean@example.com','$2y$10$kpApd6uvxzAPaowY7jFVouUzigksTl6sxCfOk6XrqKg8AgafXVfr.','eum','OWNyOgwtP5','2016-05-25 17:29:07','2016-05-25 17:29:07'),
	(321,'Dorcas Wolff','crona.princess@example.com','$2y$10$zUlcPFTHO4Cx5GdJpHa1hus7JtiRrjpOz38kUr99Xdf0UwwsnTU3u','nesciunt','kUGgjDhNy3','2016-05-25 17:29:07','2016-05-25 17:29:07'),
	(322,'Karina Murray','xziemann@example.com','$2y$10$Hz4sn60..TAu2zvoUaB5bu5jNGThq56KNaFuKSn3hhjSLspmx5grC','itaque','kTC9r16OMo','2016-05-25 17:29:07','2016-05-25 17:29:07'),
	(323,'Jameson Legros','peter.graham@example.com','$2y$10$unMc/qDxsIdADRavMaRk1O.aAJKrXVG51RB267N0C.cuLYF7zlebO','in','hXnb6FcZHp','2016-05-25 17:29:07','2016-05-25 17:29:07'),
	(324,'Scot Jakubowski I','destiny80@example.org','$2y$10$g8xwnsLrdjSoq82/ga4Pbu4Ck89XNHu2Rm6PGYFF46xe5VjON3BTS','in','hJN0WBCzjt','2016-05-25 17:29:07','2016-05-25 17:29:07'),
	(325,'Prof. Prince Ward','ipacocha@example.com','$2y$10$ykfciGJK7v.11uqwxndxA.NjrTqRguhztIbjtDealB6/8uMIMNL2W','inventore','49RaBOpDUc','2016-05-25 17:29:07','2016-05-25 17:29:07'),
	(326,'Reid Fay','thea.stiedemann@example.com','$2y$10$z/aD0D18dlJ7gRommDF3F.hZyX52xRbq9QNora9kW/MmlVGDTLLkC','maiores','WxBC4LompH','2016-05-25 17:29:07','2016-05-25 17:29:07'),
	(327,'Mr. Gardner Kling','gust.hahn@example.com','$2y$10$33eAh2ckmFT8bQEm7B6W0.xBeuvk4xXzy6WkCoz9LAWZaG08GvWPS','ut','4NJjvppoI8','2016-05-25 17:29:07','2016-05-25 17:29:07'),
	(328,'Hayley Ratke Jr.','rogahn.pansy@example.com','$2y$10$UqcROp/MSIo647/9JdFDROmVccGUAc8b.9pEBGI6twdT1TsDsi.Ku','magni','pMtJL6AKp7','2016-05-25 17:29:07','2016-05-25 17:29:07'),
	(329,'Vidal Becker','oortiz@example.net','$2y$10$5fqs9gIXxOTolTQxFaxTiOKZa3ti7p9NHzcjCeiAS2vo/9w8rPzve','consectetur','aHH2Ry1drI','2016-05-25 17:29:07','2016-05-25 17:29:07'),
	(330,'Hayden Sipes','uwolff@example.org','$2y$10$NP3nf5zcv2/hpPYHk/W59OiFqQLKkSoxsV.W9y26N6G5CtZRFeOd2','eius','v3dHcwAEMi','2016-05-25 17:29:07','2016-05-25 17:29:07'),
	(331,'Dr. Freeman Johnson','oweissnat@example.org','$2y$10$mzbq0xWHlvgwQobR4aRZHuoZ1Lwyc.vqcrhJrL81DeJMq.npATZga','nihil','u2dnMrVjRF','2016-05-25 17:29:07','2016-05-25 17:29:07'),
	(332,'Magnus Labadie','esta.rippin@example.net','$2y$10$jOnIcHbj6B.Pn6RTKONQBO5vEqyyVgGwRg6v93g3NQ3FwjFLBTF5q','ut','MmEqo5e6W0','2016-05-25 17:29:07','2016-05-25 17:29:07'),
	(333,'Prof. Brenden Bailey','chelsie62@example.net','$2y$10$wWEr3qXNVPIVFSroyuKQeeZnB1wju.7p.XO3tnfCL.qJfQSPdCVLK','quasi','2QLTIimuAe','2016-05-25 17:29:07','2016-05-25 17:29:07'),
	(334,'Meda Cronin','curt.kshlerin@example.com','$2y$10$2FSCrubZQ.GX.55sq4vREukYHR.xdDmY/j4I5NH9/WZ6TC6.n1tjW','sint','HFC3yg9eew','2016-05-25 17:29:07','2016-05-25 17:29:07'),
	(335,'Alia Bayer','weimann.danielle@example.org','$2y$10$xtWk63lmOeb/j1gh2mO7mO3h0glY8aBH.QdSrgfChGgVc0JiMr9W.','inventore','x1Q2R4CjKH','2016-05-25 17:29:07','2016-05-25 17:29:07'),
	(336,'Alford Jacobi','antwon05@example.net','$2y$10$xTSN83IVzmVoS1ey1K3pSeYw2iEriZJ1ZjQGl5H8ihFwvOuAmACdi','error','n1FKF2xzQ8','2016-05-25 17:29:07','2016-05-25 17:29:07'),
	(337,'Mercedes Kihn','jamison.nader@example.org','$2y$10$DWm0gAsiqRaebtb4tfnuRuMoi5S/bOaPnklNXYOpDQB3K3c3iHNgK','occaecati','aEelF0Pz8q','2016-05-25 17:29:07','2016-05-25 17:29:07'),
	(338,'Niko Schuster','oswift@example.com','$2y$10$JgoxZApTYD3BC8/P8Ox.o.9pxpbfB96YyUMfMtwa/jl1janxGsZCG','assumenda','XTKgArVJkH','2016-05-25 17:29:07','2016-05-25 17:29:07'),
	(339,'Rowena Satterfield','aurelia.brown@example.org','$2y$10$LhO.1usSAkJI5viKGmj2geOHKk40nuKSqztO3l2OFyR4Hz14x5.xm','ut','HtakMGKXko','2016-05-25 17:29:07','2016-05-25 17:29:07'),
	(340,'Prof. Gavin Hettinger DVM','turcotte.rebeca@example.com','$2y$10$Cb60YJ4vVFvuC027GIp9W.JkNNJmuB.pSOnJDmWM4WGT3L.0vDeX6','porro','xXPzknqkKV','2016-05-25 17:29:07','2016-05-25 17:29:07'),
	(341,'Lilian Leannon IV','harvey.chris@example.org','$2y$10$u9oV0f4ybOMMaL1.8YbMrO4zb1rcdpGLCaCphd1mzRNLAjtUs9V9K','voluptas','qzNCxYgTcQ','2016-05-25 17:29:07','2016-05-25 17:29:07'),
	(342,'Ms. Estelle Aufderhar Sr.','griffin31@example.org','$2y$10$hf4ZQkH464ghuDSK4kKbOuTsrFHbwYDVW8CwDT70/o3ohnYh/Ga42','ipsum','mWdDagFeZy','2016-05-25 17:29:07','2016-05-25 17:29:07'),
	(343,'Josue Parker V','fhermann@example.org','$2y$10$MdBAxRGRt.Ju8tgIYUQb9.7AbhiF9rUXEHZkQadbR4CngiTEN/Imq','est','TCJM85MQcz','2016-05-25 17:29:07','2016-05-25 17:29:07'),
	(344,'Lauretta Fisher','ella49@example.com','$2y$10$xWATt2DvPz10fIVGVMjzDuo2ZiqGquC9Qw.HV6A4ub3AmWohts8W2','at','6nTYw2zTun','2016-05-25 17:29:07','2016-05-25 17:29:07'),
	(345,'Erick Corkery','prempel@example.com','$2y$10$pdEHQ.B9XRIY/4.FT3I0beg7OyskPwj.qRsI6Av3J65JE6B4cK6MG','id','f3uZSUbIzb','2016-05-25 17:29:07','2016-05-25 17:29:07'),
	(346,'Dr. Taurean Beahan IV','ebony41@example.com','$2y$10$1JBULR3hV804YiL4aE2fyuP8DyayihMjqG67Zd3VYZOaSb3QjDX2.','labore','hUzDBGAyLt','2016-05-25 17:29:07','2016-05-25 17:29:07'),
	(347,'Dr. Franz Gusikowski II','joany47@example.org','$2y$10$h7/Pb7nuQSVXQUiaIJIP8uNHXsWXsMVRrr96GXgKdogs.zO7ljuQO','et','uSDyxieN6e','2016-05-25 17:29:07','2016-05-25 17:29:07'),
	(348,'Nelle Christiansen','aoconner@example.org','$2y$10$VRZK/ZAxXS3rQ1.B3Effiu/kozlnC3JyXLwNFr48Ha4mNgRdfsfyC','molestias','nubkVnogts','2016-05-25 17:29:07','2016-05-25 17:29:07'),
	(349,'Trinity Weissnat','sarina23@example.net','$2y$10$9gC0USVXSxbollW8CJRMaeJcs6qqaZLapYWRCw.TTAAfScaxb03HS','aut','53RzDFasQk','2016-05-25 17:29:07','2016-05-25 17:29:07'),
	(350,'Buddy Yost','hazle07@example.com','$2y$10$5HhoD6dumALqHTkEtzPeZenhaBkZTzaPm7uzbELZI5X3Fkb35zT.K','architecto','NV001bhJzv','2016-05-25 17:29:07','2016-05-25 17:29:07'),
	(351,'Miss Hortense Schmeler Sr.','romaguera.jacynthe@example.com','$2y$10$Ag4b2ybn5cs43NEOj0SckekPmOVKT2g0M2q6XxwcACwPZ6xu.mnza','ea','zurE9txn0L','2016-05-25 17:29:07','2016-05-25 17:29:07'),
	(352,'Ms. Billie West I','donnelly.johnathon@example.com','$2y$10$k.hCNYm.Ee5MTKKgNZ1Grupk1cRjJbWmPy7kN.7uvzhVkxN9EuT4m','quaerat','VPhjtPCi4R','2016-05-25 17:29:07','2016-05-25 17:29:07'),
	(353,'Angus Kemmer Sr.','mona62@example.org','$2y$10$N5/Lomqb3LFvtDclRngpn.4gD3rXakcYxjhvPPH.Je7LKcjut7tlC','fugit','obuuBBI6Wm','2016-05-25 17:29:07','2016-05-25 17:29:07'),
	(354,'Vida Simonis','ezequiel.fadel@example.net','$2y$10$H98fW.k0FN2EE/9MWDZTuevszNsYrMcYYIRrvZZ6S4TO2iU3dYcYG','aspernatur','FqPfSIYmr9','2016-05-25 17:29:07','2016-05-25 17:29:07'),
	(355,'Chance Mayer','ihilpert@example.net','$2y$10$lD7/6.hBi22ek437ph6aFuqFtcRSm7oLZ7XE1dEkI7sSRinmkiLOK','in','Gxn66hPSIs','2016-05-25 17:29:07','2016-05-25 17:29:07'),
	(356,'Dr. Oren Green','russ.kemmer@example.org','$2y$10$AaxWHolgqONVa11KqG6cQONjmuu/dV0Rkt7E0AGo2eMzfpEn3VsfG','vel','YCUUvXosjx','2016-05-25 17:29:07','2016-05-25 17:29:07'),
	(357,'Cleta Roberts','erika08@example.com','$2y$10$hDqUvRV9Cnnp1Rvs6JR4W.EUJsU188AJtTMu31snBGdy2A9.qjE5q','quis','T91t4ULcVQ','2016-05-25 17:29:07','2016-05-25 17:29:07'),
	(358,'Kiera Carroll','hrippin@example.org','$2y$10$9OQmowl/XEY/Y7swz0EtWeI3Klj637l1wWFs/Rt4kYbDP3w1IFgky','possimus','uy9hxn7FrY','2016-05-25 17:29:07','2016-05-25 17:29:07'),
	(359,'August Moen','igreenfelder@example.com','$2y$10$F85V7gxIiyLCT07mpcreV.hrBTn1auGj9bo9ohMp1Z0Ivi.7S0q9W','id','aKJKkXBFda','2016-05-25 17:29:07','2016-05-25 17:29:07'),
	(360,'Jarrod Rodriguez','fadel.lexie@example.org','$2y$10$tLd3UXXgMNPlPVanbbgpTuJOgiFL4vq2eJmkfueM0PS4RqluRAmZi','sunt','TDSs7k4lID','2016-05-25 17:29:07','2016-05-25 17:29:07'),
	(361,'Ms. Sydnee Satterfield','ycassin@example.org','$2y$10$9jvFDyxkmo91guYNf.EMR.5mBlO1kk8RqCfC/ktZWO9IIxRrdubYS','omnis','IjI7RRUhXZ','2016-05-25 17:29:07','2016-05-25 17:29:07'),
	(362,'Ollie Langosh','tania.kozey@example.com','$2y$10$Mdcg9PNMWbBi.spJWn/ooOP8J/4y0lDvwy71hLZZvM.zmlZT1yn1.','harum','ldrgwQPLIB','2016-05-25 17:29:07','2016-05-25 17:29:07'),
	(363,'Ms. Coralie Fay Jr.','deontae.swaniawski@example.org','$2y$10$I0xVH2gFuYGpcTjXL766u.e9BNov6Td/y7whGzLhGJztPVT2mCcZS','quis','eUFHHGj1XD','2016-05-25 17:29:07','2016-05-25 17:29:07'),
	(364,'Dr. Amari Rohan','elenora.treutel@example.com','$2y$10$3h8TTMtDivQQwL42e6KvdOFc6GV0IZmgcS7HsafrHgsiZzMQ3522K','quam','yFB3ZxZktn','2016-05-25 17:29:07','2016-05-25 17:29:07'),
	(365,'Prof. Neha Gusikowski V','bianka.king@example.org','$2y$10$NWukwsHTyppBOiGTncyw9OVi9wS7mbbyZlOe.4zxx23/lZTKRGlF6','magnam','z5wM7WMcCs','2016-05-25 17:29:07','2016-05-25 17:29:07'),
	(366,'Miss Tianna Osinski','veronica.abbott@example.net','$2y$10$Je1/CBxnPj.So6YoYJYD7.KR9g0MHjQkkg0pscot7OFS9MT9uVemG','in','RQaFz5UEQN','2016-05-25 17:29:07','2016-05-25 17:29:07'),
	(367,'Claudie Powlowski','constantin53@example.com','$2y$10$C1ofGa5jgYsikCIPfyQ9ieJliCRiZdbhB5kfek/lp8Lx63rsPiyFu','voluptatem','D9gqA5c34Y','2016-05-25 17:29:07','2016-05-25 17:29:07'),
	(368,'Jake Schmidt','caden01@example.com','$2y$10$i5ZxYqw8EsEudgxRonKb1OJ9woAReVUxY3OSiGXbKq1qoWG71WYbC','eos','XYYGtClTnO','2016-05-25 17:29:07','2016-05-25 17:29:07'),
	(369,'Winfield Marvin','ugreenholt@example.net','$2y$10$sM5z3qB/muF/uoX5HZ20SOdsfG7acd8Ef3SS0hdeIdkNAnI9jpkHO','tenetur','V4bhu93grv','2016-05-25 17:29:07','2016-05-25 17:29:07'),
	(370,'Rae King','rachel.lindgren@example.net','$2y$10$89qQm6/QOc9d/oQRMeYD1OciHVZ7TWhkA3hv6Pe8.uK4TO8fFiW/.','nesciunt','BPDyInlu84','2016-05-25 17:29:07','2016-05-25 17:29:07'),
	(371,'Dr. Monserrate Zemlak','dstreich@example.com','$2y$10$OFo4LBY4LDI8IezPFKskGOx1ATQ7STOdc89IB6e9aCbT2uxiRlDOS','eos','PG6S400SRM','2016-05-25 17:29:07','2016-05-25 17:29:07'),
	(372,'Giovanni Eichmann','little.ryleigh@example.net','$2y$10$o8jOdhJLZPNyj5voNgD0w.7G.XaLdYQhXIArRb/GPCTl2hBnKys1y','adipisci','hwA65jVUVz','2016-05-25 17:29:07','2016-05-25 17:29:07'),
	(373,'Hardy Mayer IV','nels.shanahan@example.com','$2y$10$Dz8Kj.ZqVZuagiFG4qrbge5W1ZBcq7Q1g9ZBUP6oG8rUCN3Ff1kQi','voluptatem','i5esjXJCn7','2016-05-25 17:29:07','2016-05-25 17:29:07'),
	(374,'Santino Hegmann','alabadie@example.net','$2y$10$8C8fJnGsfi/AerjJR6ihl.NwCbBr17DxLaqk4oyi84uDpGhu.hp/C','praesentium','EfUi4eLamF','2016-05-25 17:29:07','2016-05-25 17:29:07'),
	(375,'Darrin Predovic MD','qjohns@example.com','$2y$10$tbrH.EYQ7AyMKfkgY6SATetpeBEkTM0CsDlpiBX8BsGE4IvHTjic2','assumenda','ayv5y9oePB','2016-05-25 17:29:07','2016-05-25 17:29:07'),
	(376,'Erik Bartoletti','arvid52@example.net','$2y$10$If9kipyrlt4yuPzKmFaLqe..X0uizjjS74ccGv74L9LAsCCeT8l9u','asperiores','ujdJlk7dXu','2016-05-25 17:29:07','2016-05-25 17:29:07'),
	(377,'Moses Wiza','alek.schimmel@example.net','$2y$10$8X/FbKpdGH1wjoE47nBsBeqstyVBUOt9aWAaxoR6CYRReqSGDKrvi','voluptates','6UxNzHKIRv','2016-05-25 17:29:07','2016-05-25 17:29:07'),
	(378,'Rebecca Huel','ondricka.ibrahim@example.org','$2y$10$L9egiU2QR8O4rnV/ZFsJcubsqIn.YjpaLVgl/tHkLGc.GbGwTj1Vi','sequi','l75lanLYAh','2016-05-25 17:29:07','2016-05-25 17:29:07'),
	(379,'Alena Boyle','tiara20@example.net','$2y$10$Q2LaWznoTKSBdHkTuLWzpOjDJF5j/nIb.1k6zkT5GCRWcFsru3z/.','at','zec1QU20F4','2016-05-25 17:29:07','2016-05-25 17:29:07'),
	(380,'Mrs. Brandy Konopelski IV','mante.edgar@example.net','$2y$10$SrXyRjDHr/xyeeZJeW1RcOLTvKuJurnTH4ei2PR5FHUytgDFER9y6','iure','pJOWKhv9xL','2016-05-25 17:29:07','2016-05-25 17:29:07'),
	(381,'Shyanne Dooley','maritza19@example.com','$2y$10$kvUaV8Pgv7x5NAuL631/5.Lk0UEHDobPgp7Xy5pS5wncLymmp982e','debitis','HZcTKsRhy2','2016-05-25 17:29:07','2016-05-25 17:29:07'),
	(382,'Prof. Dee Lemke MD','ugusikowski@example.net','$2y$10$JBVwF9zLbgqAVLYaCLX3f.nAKwKjv3EbxbovueShnK7CjLkE9P46e','eos','CcFK8D1IIE','2016-05-25 17:29:07','2016-05-25 17:29:07'),
	(383,'Enos Ortiz','rozella.west@example.net','$2y$10$4QFdlxg7h62e7ROwBHnYS.3Y/YpvM2y7vOTvVW8r2qE/4DHfVU0sm','assumenda','CjgQ9AXsf2','2016-05-25 17:29:07','2016-05-25 17:29:07'),
	(384,'Madelyn Renner MD','georgette75@example.com','$2y$10$LyzICJVrlJhA1rYl08wfxurQS503kwC16gsNPEClwPkmCzlPVqUvu','facilis','iVxuqh01oB','2016-05-25 17:29:07','2016-05-25 17:29:07'),
	(385,'Mr. Chad Lueilwitz','jadon77@example.net','$2y$10$g0U.DPAQf8WDkPwHRrbOxeDj2TJncxMTeZpv1CJkPF8QUowjaNtba','voluptatibus','U6k454jD29','2016-05-25 17:29:07','2016-05-25 17:29:07'),
	(386,'Cleora Moen','parker.moen@example.org','$2y$10$fXiGebWGP1J27hZogqjy1.s5zUnlX7mW/YCRsiy9FkL2UO0QPNpEe','magnam','QvPnyLenGz','2016-05-25 17:29:07','2016-05-25 17:29:07'),
	(387,'Miss Lilian Heller','preston76@example.net','$2y$10$EHy/AtavTa/yLb2xtPQGkeBYyp3/IEplISGvP2BsomQKr4pgxJ.ni','nobis','LVBq9zEgCt','2016-05-25 17:29:07','2016-05-25 17:29:07'),
	(388,'Dr. Clarissa Wisozk I','jacky.ledner@example.com','$2y$10$owCg3/7amQI7182VIp3MFuYsPeF.K2EP9XKrvLT19r78bpwQarM5S','tempore','GMtXyLMOmn','2016-05-25 17:29:07','2016-05-25 17:29:07'),
	(389,'Prof. Blake Keeling I','collier.katrine@example.net','$2y$10$jV1L4ljJYDm1TRgEHmC.CeH/eOANbtKYJh1LFnQ8iqcov5FAxw8pi','deleniti','44tiG9xf1K','2016-05-25 17:29:07','2016-05-25 17:29:07'),
	(390,'Alex Ebert DDS','eraynor@example.net','$2y$10$bkJBuCefS7aDXiQgN6Y41ORI//LHCaQyX3L37A1TK8C1gbC8zKCqW','eos','Pi5v5FxfOt','2016-05-25 17:29:07','2016-05-25 17:29:07'),
	(391,'Prof. Keshawn Bogan DVM','eleanora84@example.org','$2y$10$rFf0o6GQJrT2/ncuRsrR7OnY/Ppo5C18op4o6hgRdIc.SMqieP7eG','vel','jw27CytgyY','2016-05-25 17:29:07','2016-05-25 17:29:07'),
	(392,'Otto Connelly','jenkins.connie@example.org','$2y$10$m1sxOz8W2/Ym.0GQHmD9SedPzZlSYhgg4wJCF/yBUK3z.6syjfnUe','non','pYXGKsyS1k','2016-05-25 17:29:07','2016-05-25 17:29:07'),
	(393,'Emery Ryan','oberbrunner.zula@example.net','$2y$10$qnmzN7gUipf109Lf2lDSzeGVfxB6CErhT3VjdoQSiZenLHft4o/L.','vel','D9xcAXmSZo','2016-05-25 17:29:07','2016-05-25 17:29:07'),
	(394,'Mrs. Maegan Luettgen','orn.darrion@example.org','$2y$10$C1OKAkuUCncLblrs0/gknePC2yI/O8M3pm4Yh1k1s6XPo/2.lTkDu','dolores','15nYHscL5E','2016-05-25 17:29:07','2016-05-25 17:29:07'),
	(395,'Prof. Elizabeth Gorczany PhD','treutel.louvenia@example.com','$2y$10$f0G2kzwwXYE3DNQBhvmEwOUs4Yt1lS8vcEE8slfrFjxW7I7NMw/ui','excepturi','rwMbcn2VOL','2016-05-25 17:29:07','2016-05-25 17:29:07'),
	(396,'Vicente Hammes V','kilback.cydney@example.org','$2y$10$tYhlKfPbiDsRlaIeucwTmOGDM6KgFammTBrQdZWrGtQPtv.YG.qb.','nihil','xzEl3BINqw','2016-05-25 17:29:07','2016-05-25 17:29:07'),
	(397,'Mrs. Emma Gusikowski II','imorar@example.net','$2y$10$kFtSlcRhgrwfaGGeqMIZ0uCGmja5EqX6aRUP2N3KN.b6Wc0kBlyHy','aut','wIXDxQUg9b','2016-05-25 17:29:07','2016-05-25 17:29:07'),
	(398,'Alexandra Schuppe','towne.perry@example.org','$2y$10$/IE4mwzqp2Tn.PC0R/nXFuUC5PQq0/2vl2R2wpsNrsgUY/OgYOL/6','dicta','w8oFuoeK8l','2016-05-25 17:29:07','2016-05-25 17:29:07'),
	(399,'Adeline Carroll MD','ethan04@example.com','$2y$10$g3bwWJ.zW6xLT2tm6YGSCeOkio6VxkJnH8zfc6yIUL4CqJy3Debay','tenetur','PZD0yYVFIe','2016-05-25 17:29:07','2016-05-25 17:29:07'),
	(400,'Flavio Mitchell','madisen08@example.net','$2y$10$nPBig7NdPLBSdFkAEABoXuxkJKySsvg6mQ8uq3VPxsQy.jZGLrvAq','accusantium','GlkaTty3Nd','2016-05-25 17:29:07','2016-05-25 17:29:07'),
	(401,'Sim Hand','deven.lueilwitz@example.net','$2y$10$Ek7VUYXd.sWiyJpxPwzmRuzz7NdVjFM1Dwwmknm82nBhbBAemsNEq','et','D8dWUSxkfv','2016-05-25 17:29:07','2016-05-25 17:29:07'),
	(402,'Stephen Shields','ceasar.abbott@example.org','$2y$10$nfOAcJwIANcF/MtIfJxOoeiRKIz49OFfe6cOgJlFiJd6JiS.ubzHK','accusamus','QBLXk0wohu','2016-05-25 17:29:07','2016-05-25 17:29:07'),
	(403,'Silas Nikolaus IV','alexandrine91@example.org','$2y$10$ffHLUVcaj.1faNK54hOpkuwMjbRXDprR4/1JFrr.6ACEksXc5saBO','eum','c7MtzN1FrR','2016-05-25 17:29:07','2016-05-25 17:29:07'),
	(404,'Julia Abernathy','dagmar.hills@example.com','$2y$10$bY62e2bMYBSrU6gz.mOJC.yTCri0qedaWBisjmzh202bS/NnT.uNu','qui','a2EfGtKjl7','2016-05-25 17:29:07','2016-05-25 17:29:07'),
	(405,'Dr. Kayli Hegmann Jr.','daniel.dorian@example.net','$2y$10$ElewHn05SC45nK0nnBvw2OHC6ipzqOg95T6XF4gChErtVpGPdnHWS','earum','aQWuVDzyBL','2016-05-25 17:29:07','2016-05-25 17:29:07'),
	(406,'Dr. Sarah Wehner','glarkin@example.net','$2y$10$u7Sgilp9uRLUfF3m.sl7f.nA38C7Cv6HSVGvXW0dIwFJCQynjgI3m','excepturi','CoVpRR4246','2016-05-25 17:31:11','2016-05-25 17:31:11'),
	(407,'Tristian Abbott','emilia16@example.com','$2y$10$YKHak3ASu9hGPzYc/CgFb.sA/j73oBlXeOhffZHk5hIyxxGdla0d2','ipsa','nQtY8C6daa','2016-05-25 17:31:11','2016-05-25 17:31:11'),
	(408,'Dr. Winona Kovacek Jr.','clay.daugherty@example.net','$2y$10$CAckjC0iRPGp/iBizMBy0epro5p70tjj7ZnbeTP9NEgVf3vZicQsy','aliquam','K9oRPqsjLU','2016-05-25 17:31:11','2016-05-25 17:31:11'),
	(409,'Georgette Wiza','xdonnelly@example.net','$2y$10$Vvh6Q4tOu//NLvwvkuOv4.i7fRh1w1QC1pnP7qe.OeU0Z6qJ8nFYK','ipsum','9dfmj6DCG2','2016-05-25 17:31:11','2016-05-25 17:31:11'),
	(410,'Willy Bartell','cara.wisoky@example.org','$2y$10$rcjpOtV9XtLv.wHVdD1wJeadwznCR2hynDLg3Ia7I0eIkwGf.JKRi','nostrum','8284z9bDIc','2016-05-25 17:31:11','2016-05-25 17:31:11'),
	(411,'Corine Kutch DDS','oaufderhar@example.com','$2y$10$pkxvrT795vO8GPDf8Et0FuuOtFVXvZji/z0CW0PnpF5sCqkUPpnqu','ex','EYPtwb2maL','2016-05-25 17:31:11','2016-05-25 17:31:11'),
	(412,'Leonora Howe Jr.','elna.doyle@example.net','$2y$10$A4UcVA.1UC4E25Bke7OmEuz5Vxpsu9TdtsQ56fKKPYw6b8AV0QVh6','et','oNJ9auTnwz','2016-05-25 17:31:11','2016-05-25 17:31:11'),
	(413,'Dr. Richmond Gutkowski Sr.','amparo.schmidt@example.net','$2y$10$HJombQyIdxEsqSOnhEC/fuw2a4VxSfJGIerMHfcqZPp8Z0.QGvXsW','error','rShJdEa6Tf','2016-05-25 17:31:11','2016-05-25 17:31:11'),
	(414,'Noemie Kertzmann Jr.','casandra.auer@example.com','$2y$10$FlBq/SjCZTwfI7OFQIghp.VwNwULAM08CcJvwAvdWZCE.rUhX3CHS','corporis','ZbntXVUnHQ','2016-05-25 17:31:11','2016-05-25 17:31:11'),
	(415,'Hannah Nader III','murray78@example.com','$2y$10$LUap3SbpBXVkPH6qf5ZjluVDfRddaJhIIxseLOh/QPsoaSQGPjkGq','deleniti','k3VIMIvGNb','2016-05-25 17:31:11','2016-05-25 17:31:11'),
	(416,'Jessy Ziemann','ullrich.dawson@example.net','$2y$10$LTaBuN9rL0bKkZ0ywh76kuUtQ4PheYYnpdL6KjipJUIqLA3ES6tNO','nulla','3ovf9HqyKZ','2016-05-25 17:31:11','2016-05-25 17:31:11'),
	(417,'August Cremin','jakubowski.vena@example.com','$2y$10$FzbzZi3gmZQe0M80BR2sGO9oI3TZzxiKabTjrLE.hDVHZSgUPaJ.W','molestiae','caFMFR5UfJ','2016-05-25 17:31:11','2016-05-25 17:31:11'),
	(418,'Mya Tillman','wsporer@example.com','$2y$10$l7iQ0tPEygjRF6WGEXijYumHFzh0TxGYLegIBMYQB2yiglF4VO6/.','id','cSbiasb8UL','2016-05-25 17:31:11','2016-05-25 17:31:11'),
	(419,'Genevieve Adams','adela95@example.net','$2y$10$zk7lXb/lmDtdywGTdjU.9O6B1hh1xemm1Tbv2nyP9WiIV.96QlWNu','quod','zgtoaixLkD','2016-05-25 17:31:11','2016-05-25 17:31:11'),
	(420,'Simone Collier','jessyca.konopelski@example.net','$2y$10$VALAiLssCGooqCDcldmZgO0NDWrEIfBUcHTs0bRGXx6QtqjVZy75S','modi','ftwrUrqMsk','2016-05-25 17:31:11','2016-05-25 17:31:11'),
	(421,'Coty Jacobi','krajcik.odell@example.org','$2y$10$JzAn03rIB7N8cUtGPSrW3O4qtuUvsQvyhHlnir8nCN4guFH0vRdVq','suscipit','dTmva2EcDt','2016-05-25 17:31:11','2016-05-25 17:31:11'),
	(422,'Kiarra Johns','ora.berge@example.net','$2y$10$wSNzYq.zH4rsAdS1W83Ey.yGg88TDuttQols7SwqyaNq/R64Dvl.6','vitae','TGzRA8ys02','2016-05-25 17:31:11','2016-05-25 17:31:11'),
	(423,'Dr. Imogene Gleichner III','priscilla.quitzon@example.com','$2y$10$mXBULw1i65wjIw/riU.lVeDjlO7rDecqH2qTnmNTeqjU3F3CqP1Oi','dolores','8eodp5Cn1J','2016-05-25 17:31:11','2016-05-25 17:31:11'),
	(424,'Dax Douglas DDS','mitchell.clint@example.org','$2y$10$v4bVsoFRV70SjuWOdtDvAe.cVWfvgPWq.R4C7WeaYMok1Tv4sOBqu','qui','6e1LyktKmM','2016-05-25 17:31:11','2016-05-25 17:31:11'),
	(425,'Lacey Moen','mccullough.gregoria@example.com','$2y$10$8BQu9qsE8Mt4y3Rzx/ymROo7RJ1zzH3/2C6mW3WtyP9X/RAAqsal6','quam','cayJhVo3oU','2016-05-25 17:31:11','2016-05-25 17:31:11'),
	(426,'Era Ratke','carolyn88@example.com','$2y$10$jTd5uSIlWxhn8PA3oOqi/OKWPjCGvgn9MFn1FowWqXJXGJiJrSpb2','laudantium','EtQNgfblGJ','2016-05-25 17:31:11','2016-05-25 17:31:11'),
	(427,'Mr. Donnie Cartwright','jayden42@example.org','$2y$10$9L6bQqYhgxCaqNX5qW.uEOb5j3v3AxrPggUu1LiSuny4wHE8QE52m','itaque','aPgNOwNR7i','2016-05-25 17:31:11','2016-05-25 17:31:11'),
	(428,'Jon Reichel','maurine82@example.net','$2y$10$kDzLLrZFr8Y8bt0CeJhaxezpWRudLJZiulJHb1J3hx8SaZgLBT.Wq','rerum','LCI4pGD2g4','2016-05-25 17:31:11','2016-05-25 17:31:11'),
	(429,'Prof. Jackie Gutmann III','nia.spinka@example.net','$2y$10$K/PEznzaUdZAvjWCIL3waOMdKuEIQYbByHrO4.Zz2WxDjkQ0kPh5S','ipsam','sGf3CxAkjd','2016-05-25 17:31:11','2016-05-25 17:31:11'),
	(430,'Prof. Dawn Kessler MD','hettinger.lucio@example.com','$2y$10$tQdFWs1yXWxQVRc/ZmCXhu41AkTUW6FNd1Ts9ZC2GEe/HjQXlLKl6','quia','woyj0lGFsz','2016-05-25 17:31:11','2016-05-25 17:31:11'),
	(431,'Gage Aufderhar','madalyn.marks@example.com','$2y$10$wNbX1vV6Ua4bMj.0myjteOaZZMCtjIZfXfak6qitiew2rRvxGntOm','voluptatibus','iqNc79YuQh','2016-05-25 17:31:11','2016-05-25 17:31:11'),
	(432,'Lester Christiansen','stewart02@example.org','$2y$10$k53lbPuhslLKrctN2kXpe.wuF57HE1x07HB1InzjuHjGRB3dAnek6','cupiditate','SkxrYATQmR','2016-05-25 17:31:11','2016-05-25 17:31:11'),
	(433,'Jazmyne McGlynn','langosh.dannie@example.org','$2y$10$1UZmyDf/zh3x9fdtorV5WuozPQdcolG.oDYJexOuUnFf7nRc6IzAK','rerum','4h6vqShrgx','2016-05-25 17:31:11','2016-05-25 17:31:11'),
	(434,'Rex Dare','tremayne67@example.net','$2y$10$uuO/8EUlK5Uo.AkjO8mPF.36XtEhm3gUkpsdG1OJpsd4D7LP0UFS6','magni','pNe5R7EOSZ','2016-05-25 17:31:11','2016-05-25 17:31:11'),
	(435,'Rex Hudson I','beverly47@example.net','$2y$10$nj4uA5rOJ24ldb3R1ZwjGusbAUV2I2MLKxS9CZ2LxpATkJ4sGVG3K','iure','Rxl7ZtQb5y','2016-05-25 17:31:11','2016-05-25 17:31:11'),
	(436,'Allan Grady','vincenzo.hickle@example.org','$2y$10$TKNqoJkpQP1XrPmIMib69eqKw/aX.DsuRsBUpU6YrKWnR1jeEX00m','excepturi','hdTJHuuRvV','2016-05-25 17:31:11','2016-05-25 17:31:11'),
	(437,'Dr. Maybelle Tremblay','kamille.marquardt@example.com','$2y$10$2769/wFxslrJoEIsHkZVcedKGi1s/jmijeCXzO8X94jgpTTPvc7yy','ratione','YPJbfmdJ1J','2016-05-25 17:31:11','2016-05-25 17:31:11'),
	(438,'Fleta Schroeder','hirthe.easter@example.org','$2y$10$llg.QJPcvQyhqGEImVgKHe1tRAD4vRt4AeoyzQvNVWDsUPmhph91q','qui','aVPl45ZTpN','2016-05-25 17:31:11','2016-05-25 17:31:11'),
	(439,'Porter Leffler','turcotte.lester@example.com','$2y$10$TUgVxjAocMMBRtIqwkm4iO0LD6iSjlTDWy.XeGclXpDdZI64TXXay','saepe','QSuAeQ9CNn','2016-05-25 17:31:11','2016-05-25 17:31:11'),
	(440,'Damon Anderson','monserrat.mitchell@example.com','$2y$10$MIpnvsJZPgIFYGlzdYtLA.oQPNOzbdIrUZGWJjsmujF6dFX5GDZMK','sapiente','uZbewHbcf1','2016-05-25 17:31:11','2016-05-25 17:31:11'),
	(441,'Ismael Lindgren','west.pink@example.org','$2y$10$bSwySTJxJ4I6KaIcEsR/seMuXf/YMHOF.4tJc299gk2R3U5A5C9Aa','non','cw2vQVfBnX','2016-05-25 17:31:11','2016-05-25 17:31:11'),
	(442,'Mrs. Jackie Breitenberg','damore.hubert@example.net','$2y$10$BdrO7MW2cBum1teJClr3l.dW4hD5Bqbfw97/HGTAFwPunO2s9Fr3y','maiores','Aj5v0f9Szd','2016-05-25 17:31:11','2016-05-25 17:31:11'),
	(443,'Sid Wunsch','gparisian@example.com','$2y$10$zBuu.IKDrL2CJjiZbQMO1.FNxwMcNK4vuJkTQ5O5g1oo3USAknwY2','at','4tDoL2p8Pv','2016-05-25 17:31:11','2016-05-25 17:31:11'),
	(444,'Tiana Conroy IV','ldaniel@example.com','$2y$10$XrR1xPo047U3VPlk9w3VCuVrP.3daj4Gs6ODPPBwI/ErVuyVrAwPe','qui','4UNc0aqh55','2016-05-25 17:31:11','2016-05-25 17:31:11'),
	(445,'Herminio Dooley','bud31@example.org','$2y$10$GkQwC8bPwL6s2H9u5qfvkuMT3fw.TQdym12kukDHEdI9FHN/xwksu','fuga','yIcPL4Qc0t','2016-05-25 17:31:11','2016-05-25 17:31:11'),
	(446,'Dr. Carson Renner PhD','waters.alfonso@example.com','$2y$10$SVmYdvZuLFbJdGq.xrOnj./rmb4qsT0JhqJN2DdEdeUzfx2ixJfB2','dolore','0yKnjRsHbb','2016-05-25 17:31:11','2016-05-25 17:31:11'),
	(447,'Sylvester Conn','dtorp@example.org','$2y$10$Z4iFoZRHjemFeKc4oxyXbulApjjjkZFOX7xwMUxMV9w6g1J36t3Dy','a','7Xu6QhbU0i','2016-05-25 17:31:11','2016-05-25 17:31:11'),
	(448,'Jordon Tromp','percival03@example.net','$2y$10$grrr6jNkPBjssPVSsTUTQ.aqvdltixeRm4XqUQZktakVC6PkNjDfi','ut','pEmBaXGuFi','2016-05-25 17:31:11','2016-05-25 17:31:11'),
	(449,'Prof. Anya Kshlerin','goldner.dorian@example.net','$2y$10$HrekBf/fdFdu6DDUm7k.LuZlU8RLCXoHCWmL9syJN9PGvOtvJivPq','et','VGS1ixvGKZ','2016-05-25 17:31:11','2016-05-25 17:31:11'),
	(450,'Norris Muller','hudson.oreilly@example.org','$2y$10$6v0sFTHz5c3vTP5RLt9fieZHBGoJqRFw2.u97sD3frMeFlXVMDd3S','unde','WpFpcTNO1m','2016-05-25 17:31:11','2016-05-25 17:31:11'),
	(451,'Rosalinda Crooks','darrell.breitenberg@example.com','$2y$10$oyXWti/hecIVZS2iqmTrpONUwe0bDqXubp8ZrQUPaL3rNcJPl4lD2','quis','rwsrgzpEas','2016-05-25 17:31:11','2016-05-25 17:31:11'),
	(452,'Linda Reichert','dmraz@example.net','$2y$10$OWlsGgofz2AsgpvwGGdqVe55s6bHH0XF1d0Lb9e.zim1dNOMQe4uK','dolores','Dbx3cjjazj','2016-05-25 17:31:11','2016-05-25 17:31:11'),
	(453,'Gust Jaskolski V','susan54@example.net','$2y$10$.pEsYOtrewHQkppjTOautuWwKQ5oOJI0yn8V7dp6d34gxt5yVUro6','saepe','N4YqNWd4PB','2016-05-25 17:31:11','2016-05-25 17:31:11'),
	(454,'King Hettinger','odietrich@example.net','$2y$10$MHxmg5eODjAI2e0MtqdwZOnGOTj8K6JhT7li5o4mkujsCcFwf9HOi','sit','KcA3JcTHhM','2016-05-25 17:31:11','2016-05-25 17:31:11'),
	(455,'Elissa Dicki','marlee.schowalter@example.org','$2y$10$aCQGeAw4UlN5o1lAAWE3T.YW2.aTBSpWd8CWr1O.GX3f8DxiIUEAC','excepturi','WVT6kkj9HH','2016-05-25 17:31:11','2016-05-25 17:31:11'),
	(456,'Arch Nienow PhD','okiehn@example.org','$2y$10$lsJz5tMYD737eUavNIKNrOBB71RmfeETbPieOXYzj6ku1Tj3OZ346','qui','VBeIQTRf1o','2016-05-25 17:31:11','2016-05-25 17:31:11'),
	(457,'Euna Kuvalis','edd.jones@example.org','$2y$10$e/Cde8Dgkd8jRh8l4YSQ0.w24Fa8ODKKO6DOrL3xGZDqjf7Uon6cq','enim','4KGafvk5VK','2016-05-25 17:31:11','2016-05-25 17:31:11'),
	(458,'Miss Astrid Hessel','ibeatty@example.net','$2y$10$z4kxYNo69KqMIPKSwzliKuE64iL4SNIGNFp0NwuGoYno0NGhoSt06','commodi','IKB8lb5ewB','2016-05-25 17:31:11','2016-05-25 17:31:11'),
	(459,'Lowell Kautzer','terrell77@example.com','$2y$10$UQmqFB/3EXtOcgpzf2KPRu7mTye8IbWZD3M0kyQLmE5h9QE6Yxdyq','enim','cWaEaorYnl','2016-05-25 17:31:11','2016-05-25 17:31:11'),
	(460,'Daniela Conroy','czieme@example.org','$2y$10$jb/Zza01NIlAUox7sQTEsOKc62jOZ68zf5w//yipGr3ff3AImCirO','explicabo','eUWhgG1KJU','2016-05-25 17:31:11','2016-05-25 17:31:11'),
	(461,'Aimee Herzog','lou.gibson@example.org','$2y$10$U6maqgQzsuvjMr8mNV0IrOe6.n0.9yhExP1Zg/ASnGkL6rfDvGdu6','nostrum','pCbGyRIBsG','2016-05-25 17:31:11','2016-05-25 17:31:11'),
	(462,'Asha Zboncak','aniyah.farrell@example.org','$2y$10$utNBwwwNC32aoacboHF4TOdr1CSfiNd/Kjy6a3Zv0WhRvCbjdGBZu','officiis','YGrdtdCPbM','2016-05-25 17:31:11','2016-05-25 17:31:11'),
	(463,'Mrs. Piper Zieme','urau@example.com','$2y$10$Zcvo6T2P/Y0fwtPNGQBrMO3K.HlJmb9GMWdqMwBwYuK7gVPgSb35e','ut','raPzy3RdRG','2016-05-25 17:31:11','2016-05-25 17:31:11'),
	(464,'Kari Morissette','charity36@example.com','$2y$10$KMlHdyo5mDFND8Y4V93yRecSO83RcuffG1o//EOZh6XEGYRlPO2fm','dignissimos','KPCjdoSTtx','2016-05-25 17:31:11','2016-05-25 17:31:11'),
	(465,'Mrs. Cydney Boyle Jr.','kulas.bradley@example.net','$2y$10$/XNvq40GNBRVPM68saJ5reOoM9zDtKVuPP4GzVvh9oG5kDIG9F9T2','dolorem','E7SX8rTcZJ','2016-05-25 17:31:11','2016-05-25 17:31:11'),
	(466,'Dr. Hosea Larson Sr.','alana49@example.com','$2y$10$1Z2sxJ45spe9Cue0U7c2.OVOtE6kgokmA5NuJicWLmypA4r0Cuf9a','et','BEooA4iZ13','2016-05-25 17:31:11','2016-05-25 17:31:11'),
	(467,'Winston Hauck II','ikunde@example.org','$2y$10$UYx2K1jKe0KW22a96DHXMu2QwM59HgeahCPs8xrkHXKutNqMgk9ta','natus','aPNsCgttxl','2016-05-25 17:31:11','2016-05-25 17:31:11'),
	(468,'Prof. Louie Johns','mcclure.gregg@example.net','$2y$10$iggdz32vAeTLUmSBqPY1NuEgOUOtpcFnevRNHRQ.o.iYpkjBzNoh6','voluptas','EXebP26qV6','2016-05-25 17:31:11','2016-05-25 17:31:11'),
	(469,'Alysson Anderson','sabrina80@example.org','$2y$10$KFjBEjVt/57wENNh.4q6y.xUr4WXQcLa7RX9sjRMTKtzlQh47rW5e','ex','3EYlLtDmcz','2016-05-25 17:31:11','2016-05-25 17:31:11'),
	(470,'Raul Lehner PhD','hahn.melvin@example.org','$2y$10$7f4ybQKTDZwdwilmacFew.rGOjX.hPLDtsU7fEeTvu6iitPTKaGmG','tempore','kOP9QxtYXv','2016-05-25 17:31:11','2016-05-25 17:31:11'),
	(471,'Harold Schiller','mklocko@example.net','$2y$10$Fj9A0mjuylMKeqyzG2hSLu.wXzERhXVFWiPkprwjfhyl12sAr3aEa','expedita','caZ4CupF9g','2016-05-25 17:31:11','2016-05-25 17:31:11'),
	(472,'Giovani Altenwerth','kelsie.langosh@example.net','$2y$10$n4bFhpMUBAVJV3ZUONy3kOhFnwHBT6pZ0BA7nSbRkjJeAGYee6fty','hic','i1wAzTYcbm','2016-05-25 17:31:11','2016-05-25 17:31:11'),
	(473,'Kurtis Harris','pattie54@example.net','$2y$10$WCUo32Z.BBMFaXmQmkrCruyCyrM84PhAu8hRW5Bf61WFngVcZqFY6','cumque','PNIYNyukte','2016-05-25 17:31:11','2016-05-25 17:31:11'),
	(474,'Harold Tillman I','samantha.fisher@example.net','$2y$10$SFysuPnS4bR5a81mlbA5R.uUygzVQ68cuZ9nGrBaH66IuffkmVkLu','suscipit','wTlXM5kzTI','2016-05-25 17:31:11','2016-05-25 17:31:11'),
	(475,'Ms. Jackie Klocko','delpha.kling@example.com','$2y$10$NpCP/QHVDUcP9/hBltUW1ekJrXMVrAA33lxzlhVH6MCGmdI1UFsM2','est','N8qCtf4ddo','2016-05-25 17:31:11','2016-05-25 17:31:11'),
	(476,'Mrs. Jada Wilderman','kglover@example.org','$2y$10$yuwTFwuDHvmx4/KU55mPyOwX6R189KiCRrUZ6ZgCYo7vo/TvZow6y','modi','CuNP2WGb2A','2016-05-25 17:31:11','2016-05-25 17:31:11'),
	(477,'Furman Greenholt','marquis62@example.org','$2y$10$5lR.zoz3MqQ.dL/n3SZQL.wnaWBSR/vNip1LnPsaZV894amxyqQZu','voluptas','kVslsekur3','2016-05-25 17:31:11','2016-05-25 17:31:11'),
	(478,'Hardy Hansen','valentin44@example.com','$2y$10$G.LQEnKiEVZZudO/HGeI2eunEHGkrgXZin78kzdVxmd4OugMCfX7y','qui','9hv0OSJquG','2016-05-25 17:31:11','2016-05-25 17:31:11'),
	(479,'Carson Bernier','qdamore@example.net','$2y$10$3RphPevpTsj9F2kBTbpQO.Fwc1dBncUxEafpRSpLGce/IbhpyRsIS','porro','XrC5Q43cTx','2016-05-25 17:31:11','2016-05-25 17:31:11'),
	(480,'Merritt Schuster','ibailey@example.net','$2y$10$mAaRdLKxJb/xjEO39K4QVeyYwZKPftNrXXEUXVwvuSiw6oC3MYt/u','ipsam','IBnkw2rpsN','2016-05-25 17:31:11','2016-05-25 17:31:11'),
	(481,'Augustine Kris I','roy48@example.org','$2y$10$MHkbXbYNuMZ6MtIab2HsZuCGAdtm.ryAlB9mPZqBOFtY5TSnDLa.a','quia','nK4bh8jcrJ','2016-05-25 17:31:11','2016-05-25 17:31:11'),
	(482,'Annabell Hirthe','noemi.reichel@example.net','$2y$10$uyytXF95x4qtUl/i5WBiqeZSxDuOCAdLZjkFVp5M/BYKMl6YL1Ue2','dignissimos','EJmyaL57if','2016-05-25 17:31:11','2016-05-25 17:31:11'),
	(483,'Minerva Barton III','katherine10@example.com','$2y$10$s0HJYwxSq2nrz2Y2zUdAsuzPi4NHkU9k4Zp.sl6OCCyUBvk.JLTa.','itaque','tBVOUcFl6D','2016-05-25 17:31:11','2016-05-25 17:31:11'),
	(484,'Ms. Shaniya Kessler','kcollins@example.com','$2y$10$VizlGt2rxf.H.0B16rGo1Oy5/GfNILWY583oH/cDLKyB5hs1Wokn.','molestiae','hM5DCtbbrc','2016-05-25 17:31:11','2016-05-25 17:31:11'),
	(485,'Alphonso Stark','bframi@example.com','$2y$10$GtJOWcGd4u/yNTSKDHzjbuyW1lOdlBuw4lVb9E/QrUEdpffLUwvlG','eum','QSDT9233IL','2016-05-25 17:31:11','2016-05-25 17:31:11'),
	(486,'Verdie Zieme','mathias.hyatt@example.net','$2y$10$PteM41fKmRTt8KMI74KqXemGVqdz24EYX4ScDy9t41oi8GpraByn6','magni','qiCfKsUSSM','2016-05-25 17:31:11','2016-05-25 17:31:11'),
	(487,'Madelyn Rippin','jedediah.bashirian@example.com','$2y$10$Ze7WK9wPFNx//X0sICIK3uw7q1Lcf6AlPdxkCrOLlGei5z6hJwHTK','ut','7ksMLd4Gr4','2016-05-25 17:31:11','2016-05-25 17:31:11'),
	(488,'Prof. Odell Gulgowski','dibbert.karley@example.org','$2y$10$gtnhF7Jfo9TzszGFXeAb0eobiLSmqf67O/ynHGbdvJ5jHlAQ3jgW.','debitis','BtrOd9RQqR','2016-05-25 17:31:11','2016-05-25 17:31:11'),
	(489,'Dr. Dylan Gorczany','herzog.arnaldo@example.org','$2y$10$OECBchu.E8PoTR7Dtc3HsO6KhxcZUin7bPkJt2xlQ6XE2tl1L0g92','aliquid','bP7Z4d2Lq4','2016-05-25 17:31:11','2016-05-25 17:31:11'),
	(490,'Dr. Grover Cartwright','gleason.gladyce@example.net','$2y$10$NEEZW.JUIGPoS.EhU32zteh39WeuYV9G71c6tE9vcHgYDf1LR5TK6','esse','Nefk2yK3vx','2016-05-25 17:31:11','2016-05-25 17:31:11'),
	(491,'Dayne Kunde','graham67@example.net','$2y$10$x/SAISxWVe/pl2H.9S/kWuSU2Z2mcQk5Li8hYHIFFKuPMg3AtfUhC','laborum','U2ckyx9472','2016-05-25 17:31:11','2016-05-25 17:31:11'),
	(492,'Prof. Miller Hauck Sr.','mckayla.crona@example.org','$2y$10$EkKb063Jzf6TB0fSC/x9fus7ba1tDNDdxJ9ZFSduXY8NCjDtxwp/2','quasi','ybPTGmE1To','2016-05-25 17:31:11','2016-05-25 17:31:11'),
	(493,'Diego Kuphal','alize.cartwright@example.com','$2y$10$gawefngMvyYBGO7lo1uk9ueGrexc0kneGOxstzAl8V6YdU/To/SMm','quia','BgW506JIED','2016-05-25 17:31:11','2016-05-25 17:31:11'),
	(494,'Julia Greenholt','nauer@example.com','$2y$10$b.DXu236G/AnZNcNUhbXEOcRqIgA8hXa.wLnVEFn4gqWGjP8djueW','aspernatur','BhyotdIOUc','2016-05-25 17:31:11','2016-05-25 17:31:11'),
	(495,'Florencio Tillman DDS','vbartoletti@example.org','$2y$10$UBG1kJldX1k6/JsFCsyEhOcwtiugzuPSXQZlLzcu4neBj4POEdey.','atque','8kUQSThP3I','2016-05-25 17:31:11','2016-05-25 17:31:11'),
	(496,'Hyman Stamm','pedro.krajcik@example.net','$2y$10$MNWBbzqExpvXgt3RBBV9v.CzF5k12N9otlgVcPxruRhK7xdAk48L.','officiis','IweS9Nx87c','2016-05-25 17:31:11','2016-05-25 17:31:11'),
	(497,'Ms. Calista Fisher','courtney.smitham@example.com','$2y$10$OhwSPhD7wm2fX0xeqNkv1u6/hZ8isBZ1zC6KPSYBj5V84.RnZqts.','sapiente','KPWRREA3u4','2016-05-25 17:31:11','2016-05-25 17:31:11'),
	(498,'Arthur Fahey DVM','archibald.gottlieb@example.net','$2y$10$KM06nfoYlTXH72PFXyHhNuPGR7xPB6cN0uwOUhlEzG6fanzX16Cf6','eaque','GF920oa3vL','2016-05-25 17:31:12','2016-05-25 17:31:12'),
	(499,'Nelle Reinger','bernhard.lon@example.net','$2y$10$6tc6zV4zhCAvw/b60/4xoOOv8wzfn1yL6zWNwe.vt0vPsxhVh7vXO','possimus','rZSEha6daK','2016-05-25 17:31:12','2016-05-25 17:31:12'),
	(500,'Dr. Luigi Schowalter','velda.huel@example.org','$2y$10$E4fDD1dzoHAMnIE93YffYux4tHNnBJOeB4Vjoq7DCP5/0Gr6CF/7e','sapiente','VRIYH3Z5t0','2016-05-25 17:31:12','2016-05-25 17:31:12'),
	(501,'Mr. Wellington Gleason V','howe.myrna@example.net','$2y$10$bT3SWXqsvPL1QU.ZXeUoBuE28fFj5JyVLA2EIUmJpQgOkBIOqWbFi','reprehenderit','KUJUjrnPDg','2016-05-25 17:31:12','2016-05-25 17:31:12'),
	(502,'Prof. Arch Braun','grant.wilhelmine@example.org','$2y$10$Sq5qCrTMQhWWdoXNEa8mp.IXt6TCW5bro242aA1npSuVB2L3yj/E.','quibusdam','TYkWSaKKtJ','2016-05-25 17:31:12','2016-05-25 17:31:12'),
	(503,'Prof. Austin Pollich III','mayer.brittany@example.org','$2y$10$PESrnjv/l55c2JPhW2Y6sumwayM4J6tGl.j/JQ4LwVtBgNK5igT6W','aut','rVaroKy0VK','2016-05-25 17:31:12','2016-05-25 17:31:12'),
	(504,'Ms. Kirsten Purdy Jr.','hassan.littel@example.com','$2y$10$ndhhmvHxR2FGmQaigBakU.Xgne4Y0LST/Upo.HXGCq28QLcR1jX9m','accusantium','xowq9Mrd6I','2016-05-25 17:31:12','2016-05-25 17:31:12'),
	(505,'Dr. Eliezer Murazik PhD','gswift@example.com','$2y$10$qlQ2TUAlNPazKJyB7/Nt9epK5ej5GOS6.NQHjm0Od2Tvsj6P32W9G','ut','hiFmW1zlRk','2016-05-25 17:31:12','2016-05-25 17:31:12'),
	(506,'Martine Ziemann','nikki06@example.org','$2y$10$DaaSNUCUsQs8moHLR.EruOKikaGSpfyKP1Fek02tOSC3aqAtI2zOW','voluptas','oXw3RXCEzZ','2016-05-25 17:31:32','2016-05-25 17:31:32'),
	(507,'Audra Vandervort','elmer.lowe@example.org','$2y$10$.r/GG5JvEwzL4MIajhhoN.3CVqn2sBfQJf6v4HgOhK0LuxNyGCBhe','sapiente','yE2LpnT1bU','2016-05-25 17:31:32','2016-05-25 17:31:32'),
	(508,'Jacey Barrows','rowan.ritchie@example.com','$2y$10$Avu44IrmoMW3wVZr/B08ceCK6IwGlNM.D3NIH/ovIiY13Qk0LVFoy','sunt','fS2BqxmoO2','2016-05-25 17:31:32','2016-05-25 17:31:32'),
	(509,'Miss Alice Waters V','rdenesik@example.net','$2y$10$OVbB/.oauIG2UlL./A0Eee5LQjme8MbZpRtgrEOiyMO2NMhvO4oHS','id','xzPSC7WyI1','2016-05-25 17:31:32','2016-05-25 17:31:32'),
	(510,'Delaney Becker','amira16@example.org','$2y$10$8qIwZVJsOuc6PgkhRfqkuuktPZDKUcMOS1nouVjqcVpVcHKg0vmZ.','repellat','znpjRzlIm8','2016-05-25 17:31:32','2016-05-25 17:31:32'),
	(511,'Kristoffer Oberbrunner MD','javier75@example.net','$2y$10$noEhUT0y.I2iJZAkUlh5zOlJSnt7OxF.L38nn/GMmbUU6Ejc6nVBm','voluptatem','YQnKIZFOcv','2016-05-25 17:31:32','2016-05-25 17:31:32'),
	(512,'Ms. Macy Jerde','guiseppe65@example.net','$2y$10$E.ixKBG/ak3mXWFicCk68O1CqTPPOSMLqt6OodT2vfqAofe0WWR.u','possimus','GkkuxcBsnV','2016-05-25 17:31:32','2016-05-25 17:31:32'),
	(513,'Dr. Jayda Abbott DDS','stracke.amani@example.org','$2y$10$sfY9LfyAPFZfIvnzxQxyGO11yb/23C.AxN7KAiTU5y3K8j2viX7T2','consequatur','c8OJwGlyoX','2016-05-25 17:31:32','2016-05-25 17:31:32'),
	(514,'Mr. Mark Kilback','dryan@example.org','$2y$10$BcI5kISEo06VLDRPhZNL1OQxlMjFN1Pb/t/YGvab2HuMGOmWEIGPe','dolorem','kfJozEonII','2016-05-25 17:31:32','2016-05-25 17:31:32'),
	(515,'Chanelle Russel','tlehner@example.net','$2y$10$juaYGLquikbb1EwyGGlMA.PH1ZmW/Tr4wWhPdm6UTjZTpMvRJC5Di','qui','WZMPBiR79a','2016-05-25 17:31:32','2016-05-25 17:31:32'),
	(516,'Queenie Baumbach','thiel.zelma@example.org','$2y$10$ULDx7H2IwYEiBWW0q83VC.azc2KhH8tLjLgFxlzEgRgd1QZTsOVMm','nihil','uRsjOiCHJY','2016-05-25 17:31:32','2016-05-25 17:31:32'),
	(517,'Barrett Graham Jr.','dlemke@example.net','$2y$10$LsvE4/1kj08FAqsbNL0pP.Clyz9Cok.ZRUekumhSHu0MSLWDCwt0e','at','4p5QZEsXsR','2016-05-25 17:31:32','2016-05-25 17:31:32'),
	(518,'Casimir Buckridge','schoen.zena@example.net','$2y$10$6OyClNZGdVP61XP1H88JSuHqZvYboh5envBXVA/e7kK8Gk9xEZr8e','eum','qfTMkt2LDZ','2016-05-25 17:31:32','2016-05-25 17:31:32'),
	(519,'Herbert Deckow','ndamore@example.org','$2y$10$0bDXy7WVZeJpyaAVauHeXePro8Uqs089meibx8BRr2zq.0DHqOGSC','ut','c0I4V4W2e5','2016-05-25 17:31:32','2016-05-25 17:31:32'),
	(520,'Joany Hettinger','elva.greenholt@example.com','$2y$10$dOSVRJO0JIerGpshQro5feJbhN5y1FFB5DaHJ8lJqr4zjfVcOJJbO','expedita','UUVCi3EOa0','2016-05-25 17:31:32','2016-05-25 17:31:32'),
	(521,'Prof. Mikel Corwin IV','reggie34@example.net','$2y$10$PpImwQyTWBfu12TekDeHEuqe4dmvMyQqy5J42r3tgRdwxpzqngJZO','nihil','T6O49rvrcu','2016-05-25 17:31:32','2016-05-25 17:31:32'),
	(522,'Dr. Ali Waters PhD','hintz.wendell@example.net','$2y$10$GBDXx7ER.5Zw1Fz63EhyV.n4CtXEtmHpDtw7UJE2rm4UDDxXA/Dt.','ut','UVEEKhWWjC','2016-05-25 17:31:32','2016-05-25 17:31:32'),
	(523,'Keara Ebert Sr.','etromp@example.net','$2y$10$ZdFjxsTnib2I3kv0v2D5fOOC6uplOCSK95Qc0knsWd99JSrwJ757a','ut','4l6HdRkkto','2016-05-25 17:31:32','2016-05-25 17:31:32'),
	(524,'Viva O\'Hara','camille.bartoletti@example.net','$2y$10$xRbjxysL8eeSGyHDaAOu8uJ4fhbT3w2bpg0rKDvYnwZjeSStnW0dq','adipisci','VO8oX3RgvW','2016-05-25 17:31:32','2016-05-25 17:31:32'),
	(525,'Margie Schuppe','fay.louie@example.net','$2y$10$c1n6lDYf7KUo3JJdtiy2ouSdkfeQtqoGR5Kdj/knY9EU/IG5o7B3C','modi','aSJPZ3EL8S','2016-05-25 17:31:32','2016-05-25 17:31:32'),
	(526,'Dr. Macie Morissette','florian.stroman@example.org','$2y$10$wJRzb6tKfBXcPHB7An6YAeuGYzavjWJ916evR0XgMaTaWClE0i5ae','ducimus','fvnwk2KlG2','2016-05-25 17:31:32','2016-05-25 17:31:32'),
	(527,'Treva Kuhn Jr.','conn.luisa@example.com','$2y$10$S7XkRmWQp4ELlCwsyQfntOj/OiYehNWGXRaxoPjYx2.mjhP2AUgbm','velit','d8qyf7Ge3P','2016-05-25 17:31:32','2016-05-25 17:31:32'),
	(528,'Jayden Barton III','sylvan21@example.com','$2y$10$4ORqcP7dbI3xULepDSVtw.nmyV5nMOyTYnpL9.qYtkrbE/xdd/K2m','quia','aNmpWsvRPO','2016-05-25 17:31:32','2016-05-25 17:31:32'),
	(529,'Hope Kuvalis','cornell.barton@example.org','$2y$10$tx4Ip7lKvRTk1nsaqqxmCOCWCkORCuwpYw0neIpZUQ1cizRIpsUP2','blanditiis','5XjowwJ6d5','2016-05-25 17:31:32','2016-05-25 17:31:32'),
	(530,'Amari O\'Keefe V','maeve27@example.net','$2y$10$/3LxhDUgqGbKMlk4/5NlfeAvHii5nFTNm2gNsNl2P8kcPvUHcPbAm','numquam','bS6f061ONz','2016-05-25 17:31:32','2016-05-25 17:31:32'),
	(531,'Dayana Balistreri','nova94@example.net','$2y$10$EjfNI4br8ikVm2jJCwkcLuuR7cjOUQNZrWivInRU9PcEdD6HypEsW','officiis','2AJKNjRlL8','2016-05-25 17:31:32','2016-05-25 17:31:32'),
	(532,'Rodrick Shields','hessel.albertha@example.org','$2y$10$sosl6Wy478o0TPdOjy59teLtHeqkvV0GBwlIDaxxUVac9xDGUbyeO','aut','kx2osuxBKP','2016-05-25 17:31:32','2016-05-25 17:31:32'),
	(533,'Prof. Misty West','pvolkman@example.org','$2y$10$FyE0R52/tGi.2akQrd9SpOsEpNSldeMW8TA3OE7.iRdRfKgCDDEbu','doloribus','fn7i3gk7Al','2016-05-25 17:31:32','2016-05-25 17:31:32'),
	(534,'Newton Ratke','clare.hamill@example.org','$2y$10$kdB6AkFhd11Ha2DjAfBvhOm36fyhJyDzzgVOoUHTsY195R.He8MS.','dolorem','rMBDF7iF8X','2016-05-25 17:31:32','2016-05-25 17:31:32'),
	(535,'Dr. Hermann Frami','langworth.keyshawn@example.net','$2y$10$IB3z7xGWSTpgEbM3T5xYi.S9FjmNMLalok5lwQ/z1Pn6tDP6bxOpm','possimus','XAOuZncW5H','2016-05-25 17:31:32','2016-05-25 17:31:32'),
	(536,'Miles Hoppe V','jeramie.roob@example.com','$2y$10$wrzr/fHSbtC04GVcf.Qk9uPJfY0BQyexQBp5GzFOct4MIE.SI2/0.','ab','VmivUk4x6Z','2016-05-25 17:31:32','2016-05-25 17:31:32'),
	(537,'Joey Block','predovic.amara@example.com','$2y$10$.E167MUgMZFw8t8eFHwWNuG.6LNLGjIPfG10tmT0arazPmsPVpjQC','qui','5UjMnADalN','2016-05-25 17:31:32','2016-05-25 17:31:32'),
	(538,'Dr. Lucius D\'Amore','idell26@example.org','$2y$10$.Y0whGOgdiB/4quNwr9/2O2e4iwNFt9d1hFjDV/CGc9vVVllSnYu.','est','oxhskFrU3T','2016-05-25 17:31:32','2016-05-25 17:31:32'),
	(539,'Angie Dickinson','tsanford@example.net','$2y$10$rKjXu6yz.NULlw2QRWn2B.ym/.CNTwh8XBcfTmsNhhtSydlzE6aRW','hic','5xNAorZ0nV','2016-05-25 17:31:32','2016-05-25 17:31:32'),
	(540,'Norene Schneider III','gerda.spencer@example.net','$2y$10$SRbUK4b8vS/IbNj7aG4G0uyDAF9yf5K/I0yf4LGltIiT0mxt.1uKe','molestiae','pJllUgeFWc','2016-05-25 17:31:32','2016-05-25 17:31:32'),
	(541,'Adelbert Rohan','romaine65@example.com','$2y$10$bub4FkMP5FKMHhZOhIkh5OUeqn8G6R/fXjUqz7uts.8ij5wEua6dy','nulla','pM9WrtRF7U','2016-05-25 17:31:32','2016-05-25 17:31:32'),
	(542,'Molly Breitenberg MD','willie.mante@example.net','$2y$10$nix2pfPlju4UUwkufJLnhuCTiTAfl9RXUnBvwAq4As/Wp855e7Roe','ipsa','f8VNIXGFIf','2016-05-25 17:31:32','2016-05-25 17:31:32'),
	(543,'Lee Bartell','lempi95@example.net','$2y$10$LjPTsua8X6Gsti7ciPjzVehzu5/wd07FXoZ.h2o0ywhb6wd1aYMUm','recusandae','Jq9JNHRKLi','2016-05-25 17:31:32','2016-05-25 17:31:32'),
	(544,'Dr. Mauricio Kertzmann','adolfo.rowe@example.com','$2y$10$01IlxM4qVD5qvNmybtKoFu3PlKidS98EfpDZL2GdxYDNC442On9ta','temporibus','WNgTZK48qU','2016-05-25 17:31:32','2016-05-25 17:31:32'),
	(545,'Nia Goldner','mheathcote@example.com','$2y$10$aj6YcU4q.FYSiubSIEKUSe7Q4/uElv01lZTgg.0HmkCtGtKNezy0a','reiciendis','P0RFj3EpYg','2016-05-25 17:31:32','2016-05-25 17:31:32'),
	(546,'Mr. Brad Kertzmann','oswaniawski@example.net','$2y$10$d.K8jYSXj2zNWzRypzwbqe.6beuDn2PRU7Fu1/LiI9LmHVS4xdqle','ratione','mDzUsNr1HJ','2016-05-25 17:31:32','2016-05-25 17:31:32'),
	(547,'Ms. Rosalee Rempel Jr.','claudia.heaney@example.org','$2y$10$Vpp1gAWeXkOEEijQoT/VVOfgcq3sLAbXtHd6scdOZFpMggm7.eo/C','itaque','NNVKLb5AL5','2016-05-25 17:31:32','2016-05-25 17:31:32'),
	(548,'Josiah Hand','snienow@example.net','$2y$10$l4PZ8taTd9.BSdwcC/ur0.4ifxXLtlGPpzEjX/Hsh7lwkMX5ahxDi','voluptas','TpBNAhjd3u','2016-05-25 17:31:32','2016-05-25 17:31:32'),
	(549,'Emilia Tillman IV','west.orlo@example.com','$2y$10$mgb9ywesEhK07OpcVUUt3OpPTfBGMX4Ijf.Lqd7kVZ4TUN2.Z1Np.','et','HossbQ8LdY','2016-05-25 17:31:32','2016-05-25 17:31:32'),
	(550,'Reilly Huel I','qdubuque@example.org','$2y$10$oP/J4XXIYbRlXKsXQSkioOBDOma.v0AIN.mGV2mmB2F8EcAQ8pHz.','illo','6vBo7nn1dz','2016-05-25 17:31:32','2016-05-25 17:31:32'),
	(551,'Sigurd Ortiz','elva.lemke@example.net','$2y$10$CtAvbK2xQHK9lHcEk2QWQush.PXvtQ2dIbYygn/cotcsIZpwIv6XK','aut','VPK9X7agG9','2016-05-25 17:31:32','2016-05-25 17:31:32'),
	(552,'Jenifer Renner DDS','ruecker.brooklyn@example.net','$2y$10$qCdyPTh5ISzdrL99KGOe3u3xncIbEa9z7czUuS9Xbeht/0xMyQLjS','non','GoEWKcDXCq','2016-05-25 17:31:32','2016-05-25 17:31:32'),
	(553,'Mrs. Mariane Bradtke PhD','farrell.kayley@example.net','$2y$10$p.HjcmAiZM./AJbbUOGkaeeNdfh8LuxewBQNXyNha.VdFvLJbPgI.','qui','UMWM5yHfJu','2016-05-25 17:31:32','2016-05-25 17:31:32'),
	(554,'Ms. Maryse Turner IV','blanche.hudson@example.com','$2y$10$EfHLKjKusZPRHoGayKej6ekJkiXaaJ4/9.UheFzC8FJkYYojb1V8a','occaecati','vnZqDNsjP4','2016-05-25 17:31:32','2016-05-25 17:31:32'),
	(555,'Heaven Sipes','lindgren.josue@example.com','$2y$10$FB7hMzNPC9/AF0eN5XdRAeWvBQPEQu/R3sbuaBP8dQ4bnoeCZRYbu','nobis','jea2mqj58m','2016-05-25 17:31:32','2016-05-25 17:31:32'),
	(556,'Trystan Wintheiser','effie84@example.org','$2y$10$0krKwZ6VN37C5I7wGCDzwOP.HwriTGCw6BCwTYp3vg668F9YWxJ9a','atque','oBI0angHqB','2016-05-25 17:31:32','2016-05-25 17:31:32'),
	(557,'Dr. Leif Durgan DDS','gsipes@example.net','$2y$10$SMETuGER5UHhvG0JtxEfVOmFlunpAOqz0q9ZnfXDiyyvGDF259PvK','suscipit','cKSZ6hIeaX','2016-05-25 17:31:32','2016-05-25 17:31:32'),
	(558,'Miss Lessie Gibson','nova05@example.com','$2y$10$tg9zNdXuVdt/UzaXHsAs/uvZh01iByeo9GxumTVrq97nbnhlj4FTy','ad','sBiAoNhp7c','2016-05-25 17:31:32','2016-05-25 17:31:32'),
	(559,'Bobbie Gibson','tboehm@example.net','$2y$10$oTpgAC.ZPMZ7jkUZXkKkMu0qide6LFRHVvtkyLt7iNPwvUBa1KzRK','pariatur','1ku3M4c7Xk','2016-05-25 17:31:32','2016-05-25 17:31:32'),
	(560,'Miss Tiffany Veum','mwehner@example.net','$2y$10$9mhs1dXtJOSPbVD1oPmo5.EXXcYxuZZp06rvUB0A5C2E7KxCwHOf6','harum','6t53ViaJf7','2016-05-25 17:31:32','2016-05-25 17:31:32'),
	(561,'Prof. Ubaldo Bauch','upton.maybell@example.net','$2y$10$2bhYOYjneN9rfnvfKpF94.NBc2L6qE7hxOB3NdK4FEElohWQMWpbG','recusandae','HwigIwMncO','2016-05-25 17:31:32','2016-05-25 17:31:32'),
	(562,'Olin Gutkowski','jennifer53@example.com','$2y$10$MPwNMRZTAZkbecAYwiqbmu6jw7VUuC9zPlU9FpVVNH.iJTOQ/r/lG','similique','mGEwAt9Syb','2016-05-25 17:31:32','2016-05-25 17:31:32'),
	(563,'Jabari Huels','barton.kiarra@example.net','$2y$10$IRWsT85wW0YGhvKi0SINB.Btntt8K5tZcTkN0VhowPvmOYTLOM3ra','qui','h2lH3ON2Hd','2016-05-25 17:31:32','2016-05-25 17:31:32'),
	(564,'Gardner Vandervort','ona.armstrong@example.org','$2y$10$UshF4DFGUlu1VEL/V2wP2.I7fRJ3wls8NIHHYYiWU8FMAZ4sIMuvq','quia','lo3ZQWsJ5X','2016-05-25 17:31:32','2016-05-25 17:31:32'),
	(565,'Chet Medhurst','wiegand.ansley@example.org','$2y$10$UIHqq6kM1KLUCnmnsIVwQ.KjdpVIqckNM3qphS.3ukIBv7YrAO7UK','voluptas','g8fKodFtEY','2016-05-25 17:31:32','2016-05-25 17:31:32'),
	(566,'Bethany Christiansen','douglas.keeley@example.org','$2y$10$qKYbDcBxP/6K./GrjsHg5..sqUMqXbAaG9AtdTbsSYSEO1pJqh30C','eius','h7XQVqHzgo','2016-05-25 17:31:32','2016-05-25 17:31:32'),
	(567,'Jonas Flatley','maxime.bergstrom@example.org','$2y$10$.6LeI9R14sTQ4R7re.jFGumB66cPoIshskzzdeHnXgcOnrTZbiyDW','incidunt','jRua993Fsl','2016-05-25 17:31:32','2016-05-25 17:31:32'),
	(568,'Coleman Klocko I','dave65@example.org','$2y$10$CKgjEOaYATuRWzRc/g250OS.jEjVfoS7.0NtFN2DUA0L8g2OV9OP.','magnam','lLap2QmlIP','2016-05-25 17:31:32','2016-05-25 17:31:32'),
	(569,'Darby Steuber','blaise42@example.com','$2y$10$Ha8vKHfCYMcIJ5w6imsoM.azktlytvnI5KKkLZ7rc.fHSY9rJy8/u','ut','CXgi1h7NsO','2016-05-25 17:31:32','2016-05-25 17:31:32'),
	(570,'Dr. Owen Upton','vzulauf@example.net','$2y$10$U2TXthvnBNpUnWASilMP6OkdKPsPE1oiYBOK3I1AswHcMms2u878G','sint','x6H5y07omx','2016-05-25 17:31:32','2016-05-25 17:31:32'),
	(571,'Miss Ivy Pagac DVM','khilll@example.org','$2y$10$n8YcK7zmBb5pRQDUe0XP.eKO7i87d5rNGqA.E4tiVE3tuUEKObyFe','sed','dZArXrZex2','2016-05-25 17:31:32','2016-05-25 17:31:32'),
	(572,'Triston Friesen','aimee43@example.net','$2y$10$4RnS.zqbj7S.3dY2DB6s6un/ciHozb8DBXcSE67f4nQOnOOYu68KG','explicabo','6YqSxbHRZh','2016-05-25 17:31:32','2016-05-25 17:31:32'),
	(573,'Ray Eichmann','whaley@example.com','$2y$10$RmyA8TzSoeHk26QEP39vqenDL4C4cY3gpbdw55tLm24NokTKWgi2K','libero','sxm9LNIZNP','2016-05-25 17:31:32','2016-05-25 17:31:32'),
	(574,'Jacinto Heidenreich','kulas.donna@example.net','$2y$10$CCoSsFJyOu9EscZSgVNaXO1A/jaOWZ4xWIMZ04IwohXyPk7jHylCi','et','bk9OJk3TmI','2016-05-25 17:31:32','2016-05-25 17:31:32'),
	(575,'Nova Champlin DDS','timmothy.okeefe@example.org','$2y$10$7ek4tKamC0l/JZMIG/Tvn.tSGiP9L8uDTMtSMutcjLihcfNw2P7Cq','dolores','FbjXhxp3Fr','2016-05-25 17:31:32','2016-05-25 17:31:32'),
	(576,'General Beer','samir.emard@example.com','$2y$10$zTpcdDmBc1t3ttiww2NkI.CfRJqZfLstC15l8.X24xCd0wMoQx.Am','sapiente','bqVlTZRAPE','2016-05-25 17:31:32','2016-05-25 17:31:32'),
	(577,'Stewart Rempel','talon.oreilly@example.org','$2y$10$t79xDmztcJlG9nMB6GAmnuROq/fMv41Y4G0/6z1Q.hZS/zh1oCfIG','debitis','KypATQbTop','2016-05-25 17:31:32','2016-05-25 17:31:32'),
	(578,'Ursula Reichert','leonel55@example.org','$2y$10$dToMM7BzRumoqLy3i7uKv.Iht1BcWfyHfovGijD36IsLKqn4t0Slu','aspernatur','TDcsJWwaQj','2016-05-25 17:31:32','2016-05-25 17:31:32'),
	(579,'Idella Orn','alexandro.hahn@example.org','$2y$10$yDP7RwhiHdUmNOw8rmEJEOFBznSKsl1I8kyvDc1uhWuZxeOUBnfpK','exercitationem','GnuRuOd0b4','2016-05-25 17:31:32','2016-05-25 17:31:32'),
	(580,'Eunice Beatty','prosacco.marta@example.org','$2y$10$ej1w5YJEiBe3gvjSeFGy8OOHQxlRMjrceCH/S4/WsvNB23gJRF0Ta','modi','FeDGq7CTyn','2016-05-25 17:31:32','2016-05-25 17:31:32'),
	(581,'Jackeline Hoeger','ludwig20@example.org','$2y$10$pyywvU0lq6omBQ2vMBpLAON.mw3e7s5.nYSDPyJ4.FwpP8rMkEv2C','dicta','7HFO4KazNN','2016-05-25 17:31:32','2016-05-25 17:31:32'),
	(582,'Shaniya Kunde','robel.darrel@example.net','$2y$10$cEzGWtebwaavXI/0ypMzgu1K6r.f/yF0nFjMHKWm2.eXuO9tAXAuK','sequi','PlsGfaBDrX','2016-05-25 17:31:32','2016-05-25 17:31:32'),
	(583,'Deanna Robel Jr.','gkoch@example.com','$2y$10$Ro08ymJhtF2K9D2aGB4.We8mpBMLG3M6Uro51GekgmUtF7sKJr1pC','voluptas','IneiK3by41','2016-05-25 17:31:32','2016-05-25 17:31:32'),
	(584,'Mrs. Veda Sanford','lnicolas@example.com','$2y$10$v2kGOMxDuq8CJmLOFJFT0Oh9viVAHWZhjmC1EA03m1uapUxKz/ffK','numquam','9dzL4Q1PLh','2016-05-25 17:31:32','2016-05-25 17:31:32'),
	(585,'Ozella Gutkowski','sherwood35@example.com','$2y$10$Uvqokfswx8FTcAAXF/ioxebNsB4hRPtcPJHs/4pxOwMHNxiLvbfA2','libero','jRZoTBH7cX','2016-05-25 17:31:32','2016-05-25 17:31:32'),
	(586,'Ms. Mary Reinger','wheidenreich@example.com','$2y$10$ZNqKNUwp/44O8jwP7yBeMePX.d6XfGtXCaVyOxpXM/8FE/lX4OW.i','qui','HORIYrFRCh','2016-05-25 17:31:32','2016-05-25 17:31:32'),
	(587,'Peyton Bins','xschamberger@example.com','$2y$10$ct/KQp9QbZ4azgAZHXLdS..XPARTKC5eOzQ.6mXrOR.NEpsGLftKW','doloribus','pFUM4euq0t','2016-05-25 17:31:32','2016-05-25 17:31:32'),
	(588,'Maxime Stoltenberg','switting@example.org','$2y$10$Hc17OimlK.W4FxftrVP7K.pZTyaE4dowPje3R3F30EZz2e0.T1r5K','ullam','ZarQi9q22b','2016-05-25 17:31:32','2016-05-25 17:31:32'),
	(589,'Litzy Kshlerin','jacklyn59@example.org','$2y$10$u.gm7PvOGOs6DT8gSWQcxOoRW5UOI0gVzzR2nsd9ABpAWdAeYzr.y','cupiditate','KazRKr7rdO','2016-05-25 17:31:32','2016-05-25 17:31:32'),
	(590,'Princess Towne V','cyril.schultz@example.org','$2y$10$Ymlk3hslHBHfqUEVeERxRuF2Ce0HhdkiB64VF1UfFVm0f8mKzuDra','eos','aLrxm4KPji','2016-05-25 17:31:32','2016-05-25 17:31:32'),
	(591,'Dawn Heller DVM','cheyanne.roberts@example.org','$2y$10$3.yJnq0nQ4.dfAjizGNDGeLkPGW3M9Pndnki.yWwVjXhCo00Y4YHm','nam','6Vd9apwEqx','2016-05-25 17:31:32','2016-05-25 17:31:32'),
	(592,'Kaci Robel','marvin.gay@example.net','$2y$10$qGkOEPDPFw4gaC.g.GSoIu5VJK5voeSgR.HSuCTsRVTW.C.4l.MBW','amet','yHAoGJsAsu','2016-05-25 17:31:32','2016-05-25 17:31:32'),
	(593,'Miss Kellie Cassin MD','jeromy.beatty@example.com','$2y$10$An8w5mwuPTXcqKUZkGgQuOYJP3lNguXL0rfey5qTKt/ujqg0gKCOC','dicta','iPKONN5yKg','2016-05-25 17:31:32','2016-05-25 17:31:32'),
	(594,'Ally Ratke','frosenbaum@example.org','$2y$10$9BKxdT68j5iU5SUUnPWThOHyFAcAHGuMYOzQgniITnlaeAGFEvNPG','et','WCmwC66Pqm','2016-05-25 17:31:32','2016-05-25 17:31:32'),
	(595,'Stephan Miller','luther.stroman@example.org','$2y$10$l/vt4pmdFcAOc53rStqSKOyUCo404YKtrTMLeUPopsp6PRbriKpn2','et','M8JvhafWLM','2016-05-25 17:31:32','2016-05-25 17:31:32'),
	(596,'Dr. Winifred Gorczany MD','ursula56@example.com','$2y$10$7OiIGLQdoXUfRhh.10TSt.E79fnw46MIMARJUkAKOTDd1vjQEjmKu','ea','3CvrcKXqFX','2016-05-25 17:31:32','2016-05-25 17:31:32'),
	(597,'Ezequiel Kemmer','rklein@example.net','$2y$10$f7h4.vOhvEJCc2fMWOmRVu5u9WxVW23VcQa9vznOc7NZKwwvdm25C','quo','fbQAbJZnmE','2016-05-25 17:31:32','2016-05-25 17:31:32'),
	(598,'Chaz Hermann','vmraz@example.org','$2y$10$CaAbJ1MUrPtyFuH/SJGHLugFcCXZJ7BVEGnS.rokVK.CMFpYMsRkO','ullam','CMvZ6dP3ZP','2016-05-25 17:31:32','2016-05-25 17:31:32'),
	(599,'Mr. Jadon Labadie MD','ewillms@example.org','$2y$10$9TuI1uLa0IXy5m6cl.AMme1NkKfHwVf3868YZpTgi38HfMlzpN8ay','consequatur','JxDrSIDySg','2016-05-25 17:31:32','2016-05-25 17:31:32'),
	(600,'Afton Wiza','mpowlowski@example.org','$2y$10$LjK5XSu6.vPLfvYNp.h0g.YIX2IdcMDVT8GmtYJX8CicpxHHqfT1q','fuga','Ui7pmsqEtL','2016-05-25 17:31:32','2016-05-25 17:31:32'),
	(601,'Wilmer McKenzie PhD','cstamm@example.com','$2y$10$aoqKNAySsKxLoiL7psU1hOiUS6TSuX/uFvAFqd5D/nFBnMiocs88W','soluta','StNqqojXf4','2016-05-25 17:31:32','2016-05-25 17:31:32'),
	(602,'Ike Doyle','smclaughlin@example.com','$2y$10$wXC1z5qAOe7VaqGH3p0IHe6USaAXl4kL4CO0RVX5mL4kUTcM5sKBm','maxime','FsYR3YNHFc','2016-05-25 17:31:32','2016-05-25 17:31:32'),
	(603,'Solon Schinner','mfahey@example.org','$2y$10$cZDenwzW5iyiPmKT6VYsu.7sa9OlbExqTkQ1zYwQpL38ZtRJ2urcS','est','KN9dhcrntb','2016-05-25 17:31:32','2016-05-25 17:31:32'),
	(604,'Vergie Jaskolski III','phagenes@example.net','$2y$10$uef8ctHRCI8g3NENTtKokuEukYLAgCaGJNCCnONoCTol/CipC/AZ.','officiis','cqiGhNmzqt','2016-05-25 17:31:32','2016-05-25 17:31:32'),
	(605,'Kaden Ratke','ebartell@example.net','$2y$10$02uDzrhgCzDPMVchTlzqyu1Uobnk.8aGq0TpSkfbbJkxjCHD/hDCG','possimus','ESBqmyjzso','2016-05-25 17:31:32','2016-05-25 17:31:32'),
	(606,'Ivory Pacocha','kspinka@example.com','$2y$10$xlMELUb1sPfLG7rAN9vQoOwvdb9R3zrXMkFxEYmP3q9DHJWcOZwQ.','nihil','1RKhwSqQLB','2016-05-25 17:32:26','2016-05-25 17:32:26'),
	(607,'Mrs. Katelynn Stark','daphne.ebert@example.org','$2y$10$k5m6jJkrjAMyZefHY3.qI.XLjWphD.61wLzp6E2qh9xXKoRMWtfXq','doloremque','FrpoQmgANE','2016-05-25 17:32:26','2016-05-25 17:32:26'),
	(608,'Ricky McDermott','wisozk.walker@example.com','$2y$10$mehlgBDZZ2IEHlt4e0xO5ewlY2gZw2iNWUciOPQVPrQXJjlspYIJO','in','Ls9cN5R0cj','2016-05-25 17:32:26','2016-05-25 17:32:26'),
	(609,'Nico Dicki','sroob@example.com','$2y$10$VRGVZxqPJ4cExROLWK8fH.SYiuw6r/lQdfFVYMuDR2uCgruIWOAwe','dolorem','lZ40PA1KWa','2016-05-25 17:32:26','2016-05-25 17:32:26'),
	(610,'Ms. Johanna Deckow IV','sage.hodkiewicz@example.com','$2y$10$ZgQyLmUrVVGLdDKy1M53gOzRO0rkmXs1zhNoYoG3kCL5r9LfSQ4ai','sed','90G1bBKXsB','2016-05-25 17:32:26','2016-05-25 17:32:26'),
	(611,'Elton Beahan','zweimann@example.net','$2y$10$9m/5rkH4wFpe1L11z4uHquRxqAHjp33Z.3VsL5Bem892bndOWVfu.','rem','MrLKq9iBUL','2016-05-25 17:32:26','2016-05-25 17:32:26'),
	(612,'Prof. Mertie Dibbert','brianne14@example.org','$2y$10$plt3Cebd2dIEsmFhuFUyJedJkPgUKVtNLLmSGQ2uksi5UCCESXdIK','omnis','XeLC5hFCDa','2016-05-25 17:32:26','2016-05-25 17:32:26'),
	(613,'Hershel Jones IV','katrina21@example.com','$2y$10$oD7XOsmnsCNjXeIqXYeGIeydMEmRWeqn/FZOu59vGijiQWq9c53ji','quae','sdCEigqp1R','2016-05-25 17:32:26','2016-05-25 17:32:26'),
	(614,'Ms. Melyna Luettgen','edison.mckenzie@example.com','$2y$10$NO9r//p0MmDpgfcW80xcfOf3swXXcvHdmxu6Ufl1CJo3L0l7BSXGC','in','iRYXvTEJl7','2016-05-25 17:32:26','2016-05-25 17:32:26'),
	(615,'Spencer Wilkinson','ymosciski@example.com','$2y$10$xOh.4FqBv6ajPvqHz8rsWuv569APRMc.9NdNynBfEFFGgs8LC8azq','et','TmhRqIWluN','2016-05-25 17:32:26','2016-05-25 17:32:26'),
	(616,'Cary Flatley I','joy45@example.com','$2y$10$8h1tWeMlUGt.OW.jqT/Gf..gClOVdMANRvamT3T8L/37z6VloaEge','ipsa','oZKQDRFJux','2016-05-25 17:32:26','2016-05-25 17:32:26'),
	(617,'Alexandrine Miller','lolita.pollich@example.org','$2y$10$bwcvq141dh6KgUKAY6q/DOJCR/Jow5YzYVSFLt/QKRnBdzIjrkKNS','iste','iNbq9WmzDZ','2016-05-25 17:32:26','2016-05-25 17:32:26'),
	(618,'Kian Dickinson','goyette.sister@example.org','$2y$10$E680UuIMwsIHZkCAeLe4DuH54TLGiOR98RUE6zuIMJ6TAOMj0xrwa','mollitia','G1dzk6arRv','2016-05-25 17:32:26','2016-05-25 17:32:26'),
	(619,'Mr. Michael Goyette','tyrell64@example.org','$2y$10$m.JqzH3PADQYnt5Bd992h.RQ4ZToTTm6MrphywlnHgz0kPEaojyK.','esse','ywoZoYc4oy','2016-05-25 17:32:26','2016-05-25 17:32:26'),
	(620,'Jazlyn Kshlerin MD','koss.taurean@example.net','$2y$10$9.P5I/JCOYGElMX.CN/kLeFisw0g4YHbniROGw.s9RS6Gcvhn8c9W','id','w1MdgGpNnE','2016-05-25 17:32:26','2016-05-25 17:32:26'),
	(621,'Brown McGlynn','sage.haley@example.org','$2y$10$aqjxmeLS4uJCICxEz5Th8.GMF8PIwmYX4d2T0qU5JbEO8wgvajOR2','repellat','NOltmtsAWN','2016-05-25 17:32:26','2016-05-25 17:32:26'),
	(622,'Caleb Hintz','rosemary21@example.net','$2y$10$nEYLWndPkZ2SVJDxhgNFsucaQRYAJN08397lKtUsdpMFAoi8ZK4EW','qui','6UIGQxB62A','2016-05-25 17:32:26','2016-05-25 17:32:26'),
	(623,'Helmer Herman III','becker.vernon@example.net','$2y$10$3Oqc9/7tByg7s7yY6lVLxOjkUc9nV3wqnhvtNIdizPMMudWf5D3n.','et','S3m8QRvCyR','2016-05-25 17:32:26','2016-05-25 17:32:26'),
	(624,'Prof. Alexa Volkman MD','stephany14@example.org','$2y$10$JpJB8MfW/i.EPu0RYYHpKO6qUof04p9f16MYuMBIixZfvtts8H9A.','maiores','cR4ttce5Gu','2016-05-25 17:32:26','2016-05-25 17:32:26'),
	(625,'Lincoln Nienow','marlon.tillman@example.com','$2y$10$CkzLp/4ydwFl/HTb8Hi9qO0iWCM3ZQxcS51AhRvffXEDl//x9eyjO','veniam','bVd8sfDJBT','2016-05-25 17:32:26','2016-05-25 17:32:26'),
	(626,'Abigayle Aufderhar','kellie.daniel@example.net','$2y$10$KXI1m1ugSOqw.4d5FibCwOe/OmyTpQuFu45kYXeFsS4Ge93zauQhG','itaque','jSHXClJSfD','2016-05-25 17:32:26','2016-05-25 17:32:26'),
	(627,'Dandre Heathcote','kschultz@example.net','$2y$10$5dN97C7AH1.XO1kT9.zcd.b3rpLCNuezkrhArKXrZankcZr5c8sqe','voluptatem','V4TMalnE91','2016-05-25 17:32:26','2016-05-25 17:32:26'),
	(628,'Nikko Balistreri','gutkowski.kayleigh@example.org','$2y$10$8eamNfOZZxd7y7GcGaDnvu2qVQOggWINH5/IGi7Pr9nnR5JTPAytq','quia','TMdVzCbnED','2016-05-25 17:32:26','2016-05-25 17:32:26'),
	(629,'Mr. Murray Blick','walter.faye@example.com','$2y$10$n9XfWV9Z899UiFazDOesiO9ptVXs2aAj9FoOkt/G8PXXTiy7KeTXm','libero','QtfsLRnk2P','2016-05-25 17:32:26','2016-05-25 17:32:26'),
	(630,'Vicente Kris','boyle.tamia@example.net','$2y$10$OcOIQiObHehxrl7BjP3A4.3HMU7l4vnUeKLHqZ.NKUFK.G60HsFYq','dolorum','gmtLX4nU1t','2016-05-25 17:32:26','2016-05-25 17:32:26'),
	(631,'Roger Wisoky','jarrell98@example.net','$2y$10$2XHOP15D6H1Yo6jtEWYnQOl4VmtdVFCfQ6rXUfpiCMUTlJEuuTtoa','eveniet','6QOPeDZj5U','2016-05-25 17:32:26','2016-05-25 17:32:26'),
	(632,'Orie Schneider','simone.rath@example.org','$2y$10$.kshoTOYyclNVxv9tPR99OOXF4ZfK1JxvkV4jgoe4HiAJL.jbSSWa','inventore','2OWgskCVA9','2016-05-25 17:32:26','2016-05-25 17:32:26'),
	(633,'Emery Greenfelder I','krystal47@example.net','$2y$10$YRzJN4cFlqiXOKbBsg1P/urbtsCEtUxDbd8HuqEryylqVP9Vr6uT6','voluptatum','0OPukk1HNz','2016-05-25 17:32:26','2016-05-25 17:32:26'),
	(634,'Amos Schmeler DDS','maybell.thompson@example.net','$2y$10$bBQO/XUyfJXCkDBt5srGv.yjHotu7ABrfl9cRcy8GNK8l/l50U6.y','est','An16g6CIwk','2016-05-25 17:32:26','2016-05-25 17:32:26'),
	(635,'Prof. Fredy Simonis Jr.','rtreutel@example.org','$2y$10$gptSgv58bp/XElfei0Pi9ezpfGLMsLHU.8TxluF86.ndXoxxhOuFi','autem','s8KRgDHTu2','2016-05-25 17:32:26','2016-05-25 17:32:26'),
	(636,'Garth Boyle','neoma68@example.net','$2y$10$3ofrAIEN5gBi4SYZXxZla.TsLOoJq/P/s6IYgcpEDbkyMfu781u2W','neque','bLw0M586uJ','2016-05-25 17:32:26','2016-05-25 17:32:26'),
	(637,'Dr. Alden Herman PhD','shyann.roob@example.org','$2y$10$oryeg6.3csHi0QV.tZf/5.y8pqxiyiI7HaDQCE8PkYufofk5CEG.2','dolor','M7FvTMkU19','2016-05-25 17:32:26','2016-05-25 17:32:26'),
	(638,'Dr. Damion Mills','linwood.jacobi@example.com','$2y$10$Hkfdu4eim1f33bIEL9GaTeuHQWvscmNLpjTB.FJIeWcdjRcICnNDu','impedit','s00DOHXfen','2016-05-25 17:32:26','2016-05-25 17:32:26'),
	(639,'Concepcion Schiller','ibode@example.com','$2y$10$oLzdEgQGSW3Rq0WGwI/hDOQLKYuBB2LmP3ioE8TQXaHITinZoPIqe','est','UqPCIej9Ga','2016-05-25 17:32:26','2016-05-25 17:32:26'),
	(640,'Mr. Abdullah Rau','katelynn78@example.com','$2y$10$XZeUCDL00QvK9i0H2Fpy8.BkxBSR/EHD7Q0WY6fuSpuVpYU2J.U7e','delectus','u2LsxqLUdA','2016-05-25 17:32:26','2016-05-25 17:32:26'),
	(641,'Mr. Hester Spinka DDS','gcummings@example.net','$2y$10$5TQvP0e06SvktgLqCEIl6u7ApeRr3p6ZiuEhnVSt3.RFZWj/rCBba','nesciunt','XJ4zUNhP5l','2016-05-25 17:32:26','2016-05-25 17:32:26'),
	(642,'Mrs. Celestine Boehm','twiza@example.org','$2y$10$zlp/Ryc00aWsB5XNjk9uxOzAXZD2CtBOGI2miMSPs3dW/y5s8lw5a','cum','lNtemwZmjB','2016-05-25 17:32:26','2016-05-25 17:32:26'),
	(643,'Demarco Stroman','amiya.schultz@example.net','$2y$10$03NE.EeW5HHDyNQg09iHLOG4fa3/S01UUzmX95r1MxooWE4tAs2CG','voluptas','tqBU9jcMLz','2016-05-25 17:32:26','2016-05-25 17:32:26'),
	(644,'Melody Will','vjacobson@example.org','$2y$10$dNPkaEpB/mkjbMxdPsV7U.92.roNYFHa0m/9M6Ul25N.Xibd9XQp2','debitis','mOFVIgGCS4','2016-05-25 17:32:26','2016-05-25 17:32:26'),
	(645,'Terrell Wintheiser','franz.kub@example.net','$2y$10$8bFRqS8mLMXLsSLDW0UVyu/EMu5qn3BmzIBfBfaMZdGGDSjr1qUVe','officiis','SM7hXgpqEo','2016-05-25 17:32:26','2016-05-25 17:32:26'),
	(646,'Raegan Ziemann','ustreich@example.org','$2y$10$BS0uFzyq/PCWa5VX7A7xaOa0TrL06GfYZboJmefGTcXSj8lcG8Yae','beatae','dexF9QCTaG','2016-05-25 17:32:26','2016-05-25 17:32:26'),
	(647,'Shakira Flatley','wiegand.armando@example.com','$2y$10$NPBzOsL58i0TnVdtTCCwUemJhq4q6sGwKZ20dCiqTpAtkJOMgbp9W','rerum','ekZ651RsUm','2016-05-25 17:32:26','2016-05-25 17:32:26'),
	(648,'Royce Cormier','mueller.burnice@example.com','$2y$10$txxi0YDyh6gDVAV7uvn7kuN9SoziR3Ybd0v5bnaG53nGAfkA35tom','ab','nW1CD1WwgS','2016-05-25 17:32:26','2016-05-25 17:32:26'),
	(649,'Cassandre Rodriguez','fsenger@example.com','$2y$10$eEniqGocGp6NovqGPrsBBOK.VJ4a0cpBpJDlMLHfKxoKGe39lcpu2','libero','bcJcudiiXn','2016-05-25 17:32:26','2016-05-25 17:32:26'),
	(650,'Miss Jody Hoeger Jr.','ora.gorczany@example.org','$2y$10$NOonhKnBzkFc24iMz0E2de2smj9mtNqLg0aXnbEyI.9BFlXp4FsD2','ab','CAfz0OyUHP','2016-05-25 17:32:26','2016-05-25 17:32:26'),
	(651,'Ansley Reinger MD','devin.reinger@example.net','$2y$10$/KRntCOUPInLs0NceU.Ynu7LbpROZCSVyr/RyCWcbsxKoQMoCHUie','enim','mNLKMS9Vac','2016-05-25 17:32:26','2016-05-25 17:32:26'),
	(652,'Aimee Bogan II','zieme.nathen@example.net','$2y$10$G9HvhUG5LzAonq8bIeycJeH6NuOBe7VbtFslQUu4RcHbeYBE4I8He','id','iIcTg3ltKm','2016-05-25 17:32:26','2016-05-25 17:32:26'),
	(653,'Dr. Hobart Treutel','kaya.corwin@example.org','$2y$10$uD6.xvmAF0wribI5O7kG.ukzR//xcoGa.tIwTERxuDltmlEkTY66C','rem','hVyBCAo33L','2016-05-25 17:32:26','2016-05-25 17:32:26'),
	(654,'Prof. Coty Beahan III','jensen.bauch@example.com','$2y$10$eTC/tS7own8E4/WCtvxEPOx/1UZ6.ZAbDIXeB.dQ0314VYjsJpcai','soluta','pgTcNTkPIY','2016-05-25 17:32:26','2016-05-25 17:32:26'),
	(655,'Melvina Hoeger','rebeka64@example.com','$2y$10$GNWmZcQQq1Q8zsTPOKLNnO1FHl0rEB/SeD4JxyN0yi63lUnnThep.','suscipit','QskUSDOgs6','2016-05-25 17:32:26','2016-05-25 17:32:26'),
	(656,'Prof. Juanita Parisian III','malachi.koepp@example.net','$2y$10$6sfcqXwUEmXKAA4X.sf9yuMWgshgahHBvgGV6CE3WwGyFGWUGxZDO','est','4sUNcl3PpD','2016-05-25 17:32:26','2016-05-25 17:32:26'),
	(657,'Markus Effertz','erick.weissnat@example.net','$2y$10$TDKwzkz629qg8R7Lv5EFAe1FpKnpEUsWJhUelehEyqAKBDu0Djfci','tenetur','QrmJgSW6cF','2016-05-25 17:32:26','2016-05-25 17:32:26'),
	(658,'Mona King','julien44@example.org','$2y$10$jI6AegMOQkQXSr82d4AKReERhgMrci766dWseu4PQRion4mbVO8m2','recusandae','Tzv33pTwvZ','2016-05-25 17:32:26','2016-05-25 17:32:26'),
	(659,'Christ Medhurst','sterling.kulas@example.net','$2y$10$nLzCbC49FIraVXSjd/xQQOL9R8zyKvSxXTa/qNoeWX7CbC6RsBxvO','nihil','sgJBWTl1Nj','2016-05-25 17:32:26','2016-05-25 17:32:26'),
	(660,'Euna Kris','austin51@example.com','$2y$10$IToWQxwhRrwSb55zXiwgke2/GqMxObP8XYuAQcIybsas2oq4OqH2y','sit','UH49EQDMDi','2016-05-25 17:32:26','2016-05-25 17:32:26'),
	(661,'Marjorie Green','ystracke@example.com','$2y$10$ojntMww9QqczycZNwNqlUuk7RnmyQhnir5BhWZIZErdmQVYtX/HnW','ducimus','DdtivdtgOo','2016-05-25 17:32:26','2016-05-25 17:32:26'),
	(662,'Simone Rutherford IV','alberta25@example.org','$2y$10$FPb9vliVvTVt8bP9R71dfOogNs8lKHQMvF9owintbMdFDPVqABH6e','eos','CYI3RdPy2O','2016-05-25 17:32:26','2016-05-25 17:32:26'),
	(663,'Laila Bradtke','oceane.kuhn@example.com','$2y$10$/xJOhkuDkubGK6ypFE5Ly.ZTqxBoFMAh4Iy5/Rmd.v6p604lVkAle','a','fm3mdEyubm','2016-05-25 17:32:26','2016-05-25 17:32:26'),
	(664,'Mr. Rickey Steuber','hansen.jeremie@example.org','$2y$10$K0QV/FjsMrsri0juQk/hguiMkoUf09i5eh7PrIQs46Siyz62pJSOG','dolores','cvvEqFecl3','2016-05-25 17:32:26','2016-05-25 17:32:26'),
	(665,'Eldred Kilback','presley.vonrueden@example.net','$2y$10$jTotk79cg5k3668lRK.J8OA9sInrlbIKTbQZhLosMf7zySrlGvJ1.','autem','c5KKwDtWbB','2016-05-25 17:32:26','2016-05-25 17:32:26'),
	(666,'Prof. Herbert Jones','astrid25@example.org','$2y$10$dr6y6odG41U77RyHEx7DS.rm4RtjEVZhsBpucx/gdFkpmhoL1GTaS','enim','u3f3pAszYS','2016-05-25 17:32:26','2016-05-25 17:32:26'),
	(667,'Isaiah Hills','zbogan@example.net','$2y$10$7NdOE8ciHLgK7IIeS0Mh7u6R9DRmmbssA3GGIqaE.TXG6MvzCJ94i','cupiditate','or4AFL3EsK','2016-05-25 17:32:26','2016-05-25 17:32:26'),
	(668,'Russel Kshlerin','everardo25@example.org','$2y$10$Ka2i4tNfFy0ib5/do90cQuZJsjCiOCwRkVEspFP4FYVBuRetEFrkS','ea','PARrlsO7Vw','2016-05-25 17:32:26','2016-05-25 17:32:26'),
	(669,'Oran Herzog','eschiller@example.net','$2y$10$FkI55XrO7Q7ywjop9BCZY.DGUwQE33V6w.ujFIqTzpq4OI2F8rdDy','dolor','k6IQrhjzgx','2016-05-25 17:32:26','2016-05-25 17:32:26'),
	(670,'Trever Little','aurelia.okon@example.net','$2y$10$zlCinN9eyUnN8CNw05Lcv.Ilmo3l25cCF4kmMepGjDsPkhS9NzsyG','nostrum','3y1ZBVKIVw','2016-05-25 17:32:26','2016-05-25 17:32:26'),
	(671,'Mrs. Kayli Cartwright DDS','cbruen@example.com','$2y$10$rCiwIe7s8pPp7GEPLrbFqurdLiL0fHpLAeR6rjxOvpeQwPocSkbD6','aut','xQAHfniqAt','2016-05-25 17:32:26','2016-05-25 17:32:26'),
	(672,'Kathryne Fisher','alana34@example.net','$2y$10$qGmLl/QNAeYWGLeGXRZlKOVarRoFeJLVQvabzhdis9HebFblnBspC','possimus','0RWRO6avPn','2016-05-25 17:32:26','2016-05-25 17:32:26'),
	(673,'Loyal Hegmann','ankunding.sadye@example.com','$2y$10$sA.rUk3u6XrpzXzPsiI5EeTnf1zht25uA.VVuB7r2KdS3ei3N65aK','consequuntur','APbAhDemUL','2016-05-25 17:32:26','2016-05-25 17:32:26'),
	(674,'Prof. Claud Rolfson','bauch.william@example.com','$2y$10$vSV/scnQ1QgEGil3ufc6euzMNz6g/ec1amsyzbfIs9UYfHRi60Fw.','reprehenderit','1WN7IXgfi3','2016-05-25 17:32:26','2016-05-25 17:32:26'),
	(675,'Dr. Katharina Bode','craig26@example.org','$2y$10$xV57RPL8XmU4TPtDPHBkGuVyPGR/Gv5NTIpvtTxZQPAxjwJTaQ2ku','et','YYPZjR5zM2','2016-05-25 17:32:26','2016-05-25 17:32:26'),
	(676,'Cindy Nienow DDS','kstokes@example.com','$2y$10$XM4iQbVd0OJAWj3nn4q1HuAt/MjoNnNwBgWNw/UuQY73vbgATZKYu','deleniti','3T1qjE9G2E','2016-05-25 17:32:26','2016-05-25 17:32:26'),
	(677,'Malcolm Koepp','fausto.rutherford@example.com','$2y$10$1bApLCBI0UR8G8m0aisoJeRKwgjJxKX1R6Ur0JHR4YJspFle68e.W','eos','cDzXvNiwlb','2016-05-25 17:32:26','2016-05-25 17:32:26'),
	(678,'Stone Kovacek','cyrus.walker@example.com','$2y$10$V0bOpsFwJd9LgLThd.3lEeLhUFne6U76hDKEizE84Y8NVkDP4zXi.','eveniet','3i8vnojrON','2016-05-25 17:32:26','2016-05-25 17:32:26'),
	(679,'Angelica Renner','margarita.smith@example.com','$2y$10$1V.qv5VKIqBFueATAYaxbeqFnO3M6sCcnGFXFlEUSJXNCG0SlI7Xy','quis','nLZzgZp178','2016-05-25 17:32:26','2016-05-25 17:32:26'),
	(680,'Nils Schaefer IV','jrunolfsdottir@example.com','$2y$10$JFsVYHywRZxoiLilQDGMlO5fgRJM0w7Js59YI1/dQ4kx7w/ofwva.','enim','3MOvOQHamQ','2016-05-25 17:32:26','2016-05-25 17:32:26'),
	(681,'Ebony Nikolaus','orowe@example.org','$2y$10$q.XZNq/2sRkQscRVz1aF3.SK3b.kECpqGT1DTyy7/hR7X.jr2MiRS','fugit','4FKuQkFnnb','2016-05-25 17:32:26','2016-05-25 17:32:26'),
	(682,'Lilla Kiehn','davin.wiegand@example.org','$2y$10$sr0HXkb1PXy2LXwq2kI.9OQrniqPGlsmURbhWAQNAJQbASDIl3XrC','nam','wRII8O26Ff','2016-05-25 17:32:26','2016-05-25 17:32:26'),
	(683,'Kendall Schoen V','carmen13@example.net','$2y$10$KwoIg6fIVHu7g7OohiCCaOJZf0o5dUdINPX4KLxHgxjcXW8soGNHu','rerum','03BKKNTkAH','2016-05-25 17:32:26','2016-05-25 17:32:26'),
	(684,'Percival Mohr','jemard@example.net','$2y$10$ayM2wYf1wqVj6snt0UhepuPw3m6zzj2/YGXeNj6h5xcDf8ePHCiNS','ullam','EP4PWLnVQ0','2016-05-25 17:32:26','2016-05-25 17:32:26'),
	(685,'Hardy Abbott','elisabeth53@example.net','$2y$10$FvQ3i/sKCh1XcN.2DqeCtusZFglNMIbUgQiUiMJ6/BUcQM3f3BcSa','voluptatem','rnMVZA62r2','2016-05-25 17:32:26','2016-05-25 17:32:26'),
	(686,'Rebekah Mante','joelle.jenkins@example.net','$2y$10$6Rv9.PvbIeyXU7YK51D55eukr17h72AIntYSdC6uM7lElNt1p9mVG','nulla','yrpCPAwRIY','2016-05-25 17:32:26','2016-05-25 17:32:26'),
	(687,'Ryder Treutel','akovacek@example.net','$2y$10$51aApgdvGG/uizhCJEqp5OL3Tszjdjqe52pSyrSHsg02g3sz8Hxfe','pariatur','dxWradveH2','2016-05-25 17:32:26','2016-05-25 17:32:26'),
	(688,'Uriah Beatty Jr.','rhianna36@example.com','$2y$10$I/qva9.uqp/3PuC1PmLsaOu02W3TdwPIGcVzFWa59g5nKONtcDhe6','iste','OKMlnHCtcg','2016-05-25 17:32:26','2016-05-25 17:32:26'),
	(689,'Kiera Konopelski Sr.','uschulist@example.com','$2y$10$XrkaTHPjYMQMd/FPIjnHDez.m4s2s5xlWfWXVXGP637qixRXmMKdu','consequuntur','S4KwZQbSMy','2016-05-25 17:32:26','2016-05-25 17:32:26'),
	(690,'Louie Kilback','waters.jadon@example.com','$2y$10$Nc73YAZPMe8c8.nvnS0kB.UTtZbZ.5Jpbb7XOXm9CA/roSKGkzJGa','asperiores','BBmKZgYNOd','2016-05-25 17:32:26','2016-05-25 17:32:26'),
	(691,'Lynn Towne V','lamont21@example.com','$2y$10$E1dl8G2vBEkyfkHsrOpLKO/lDK7oge/M4CgwBbIyaXA.qtZ65VC7S','est','EiKG4BTwEm','2016-05-25 17:32:26','2016-05-25 17:32:26'),
	(692,'Mr. Unique Kuhic','jalyn.emmerich@example.net','$2y$10$pBChjkA/YUrc3OfzzgyXGuBpVdF4njvbpFSa7HiLODXzwzXnS/2Ty','inventore','XC7e5EJsmC','2016-05-25 17:32:26','2016-05-25 17:32:26'),
	(693,'Titus Fritsch Jr.','remington31@example.org','$2y$10$bDeTsEif1w49oz7Wt07wOeyC60YXRtsTxWlovQq8X2FbKPcc.m9uq','qui','GihWyoWINV','2016-05-25 17:32:26','2016-05-25 17:32:26'),
	(694,'Agnes Mueller','ariane.bahringer@example.net','$2y$10$Tc7tSCYqzYQbVsnBoV/xWOuFCBQpHaQYcU0R6vfW4XCCFCv/wE9h6','voluptatem','OCShqDGpiV','2016-05-25 17:32:26','2016-05-25 17:32:26'),
	(695,'Miss Sophie Armstrong','stehr.nicolette@example.org','$2y$10$erOkQpm0dwCHumi4elrlAu8whwzRKBcH0DuJOXOhks.xWoTKRudBK','vitae','IRYf3SHfoh','2016-05-25 17:32:26','2016-05-25 17:32:26'),
	(696,'Felipa Schulist','thuel@example.com','$2y$10$yGLAdQvmyARaNu9hd/bVQub3PaCOUwVw8/xdbX0cDXywkkMkZfh.K','illo','DLVFCVQEKm','2016-05-25 17:32:26','2016-05-25 17:32:26'),
	(697,'Henderson Hansen','bettye.bartoletti@example.net','$2y$10$nt/WEE1cRSegTzTEXX0KvuLTDE1GYc8DEGH.R7Ab6ukS5g9GZaygW','voluptates','naQ1CEZOo0','2016-05-25 17:32:26','2016-05-25 17:32:26'),
	(698,'Lupe Prosacco IV','lupe12@example.com','$2y$10$yQQpA3QhtIJBgVAvkmELpOnD9K3ZZEsWZN.LqDdkutr6XYPwc/oE2','autem','9ZjCsbW9fV','2016-05-25 17:32:26','2016-05-25 17:32:26'),
	(699,'Shea Gislason','phettinger@example.com','$2y$10$r9yLQ8jM81wVyMcPKz2.ze.5O0Osd1II6Uw7/rbq/PR89Q2.k.X4W','veritatis','p5h6mk0fdP','2016-05-25 17:32:26','2016-05-25 17:32:26'),
	(700,'Cleo Kessler','feeney.beverly@example.com','$2y$10$hpWsJhfmwzyEw4AZ.90p.OOsXwCfYxp69k95RHAQqmw/eLnmLnkzG','rerum','EIkR6qRySs','2016-05-25 17:32:26','2016-05-25 17:32:26'),
	(701,'Miss Baby Cronin','alfredo.herzog@example.org','$2y$10$j/Ylk5E3v2PsuzJr1urPWOLcjynrTygEFfaFnwdOmAVGonK.Ok2zu','consequatur','5RQsTEi8YY','2016-05-25 17:32:26','2016-05-25 17:32:26'),
	(702,'Mr. Giovanny Gorczany III','donny05@example.net','$2y$10$vNjWXFDswRoDMq2d2ISmXO1WdjQFbY3HEIXwI.wVE1XqEEKQ8MDKi','non','23xRlIgy7D','2016-05-25 17:32:26','2016-05-25 17:32:26'),
	(703,'Bret Homenick','mya32@example.org','$2y$10$Y8kPrGdNhJ.xYM.vLLs8BORJUilAlDnLAfd62NpatNG.ROAN80/7m','tenetur','jODEmMWKO8','2016-05-25 17:32:26','2016-05-25 17:32:26'),
	(704,'Rebeka Langosh','quinton.schroeder@example.net','$2y$10$BAGPaQ./OAwYfZTytA76YuWqhbOgmDy70KyFIl9MxLWxt33bkzAve','eligendi','fRksIFIhaM','2016-05-25 17:32:26','2016-05-25 17:32:26'),
	(705,'Jedediah Spencer','bridie.dach@example.net','$2y$10$6GUcQ0aTm2DECb9wVQ6Ugu3hpoWpXXo0ovrzzdT54ACdBiY3MC1NO','molestias','NRv2tGoymA','2016-05-25 17:32:26','2016-05-25 17:32:26'),
	(706,'Mrs. Lucy Cummings DDS','vicenta16@example.com','$2y$10$.35aNrsoGAD13ZIiA0ByMOf.qDXMq3cgLDUWX2D7t3/Vs3/f/VxSm','ut','DVwqqHyPZ3','2016-05-25 17:32:47','2016-05-25 17:32:47'),
	(707,'Coy Windler I','ihudson@example.com','$2y$10$H0kGF6Gjh4khvCULW760ZelKQ.WmlV/xBvpC6PKUBA8MHhEAXAonS','ab','stJNWL3uMM','2016-05-25 17:32:47','2016-05-25 17:32:47'),
	(708,'Jovany Will','salvador71@example.org','$2y$10$gb7jHEkgLuGa/WezCRrfsuB92xa995im1dBi.H8UJZQu.LewVctKy','debitis','aNmAt3iTax','2016-05-25 17:32:47','2016-05-25 17:32:47'),
	(709,'Mr. Nicholaus Ankunding','matteo.jenkins@example.com','$2y$10$8O0InQY4a0D6MgUHtRLlj.6B7PZAS4AnjHRkWM/5Zs7pcxT9odeYC','adipisci','NHf9TKpws3','2016-05-25 17:32:47','2016-05-25 17:32:47'),
	(710,'Fausto Rodriguez','willms.shyann@example.net','$2y$10$g.3SWZ63QDirEqMdOtZ4nu1r8SnwFEn7v/PhB6aIrK4UpqMopr3.O','sed','KYeh4sKyfr','2016-05-25 17:32:47','2016-05-25 17:32:47'),
	(711,'Prof. Cesar Abernathy','chermann@example.org','$2y$10$xzNfLaVvacV9C4/dlyGS.uH4kp26lk24QhDtWt8c1wjpHvW99wvQ2','placeat','xvHRU3ckDW','2016-05-25 17:32:47','2016-05-25 17:32:47'),
	(712,'Prof. Aaron Schowalter','rick.anderson@example.com','$2y$10$YqNdzpRa5zJkXE/bkCkseuI.jjiD0YA5pa3zC1Bv/aQ9F13fIm3eG','possimus','MZiA0Bt8Km','2016-05-25 17:32:47','2016-05-25 17:32:47'),
	(713,'Cassidy Hoppe','rose20@example.org','$2y$10$5oZP3aujFogUXTtXFMYfHeP99LOBWCG//euYkPHBrq8WPUUbwcNB6','voluptatem','k4Mj1Qn1R9','2016-05-25 17:32:47','2016-05-25 17:32:47'),
	(714,'Dr. Abbigail Bergnaum','bhansen@example.org','$2y$10$JPa5mePVHDgLY6P28BfYnuwLOFzOICWyVinJpbH81XSK0gju00ryi','omnis','iZPd2LEcb6','2016-05-25 17:32:47','2016-05-25 17:32:47'),
	(715,'Cornell Boyle','hortense.metz@example.net','$2y$10$bfK778k2bOGE9GTiAB2.6uI6m0Mlb7epoVvz0XdzR0qYnF4FBvwKu','voluptate','L3PHbLRiP4','2016-05-25 17:32:47','2016-05-25 17:32:47'),
	(716,'Prof. Audra Kihn','fhane@example.org','$2y$10$pwhWh6gMtJzO7DYh62aUY.FBu6SugQiVXy9lM2G50hTJml4XU.XX2','ratione','5aBfoDQqtM','2016-05-25 17:32:47','2016-05-25 17:32:47'),
	(717,'Anais Block','stephany.rutherford@example.net','$2y$10$apUhTdjvtQWxs1a4hCnLPOpJP0kbD0t5u6pYl3LbwjWDm61Q5tMMC','tempore','RE7KUA0wwD','2016-05-25 17:32:47','2016-05-25 17:32:47'),
	(718,'Lambert Emmerich III','carlee.cole@example.net','$2y$10$SqE9kyD3iZtzJwx6oL8evuzMlRFMsKWzhCAHf1.vGGAkQ4ZFh3Jry','tenetur','goNqdLb1C4','2016-05-25 17:32:47','2016-05-25 17:32:47'),
	(719,'Prof. Aiden Klein','tklocko@example.org','$2y$10$zw8Z1mXV3hOKr.dnoCi9l.AwTlj2MlkauyiQ7D.KWmBjSC3EBz03.','nostrum','onWQBUdfoE','2016-05-25 17:32:47','2016-05-25 17:32:47'),
	(720,'Mr. Elvis Pagac I','fernando30@example.net','$2y$10$vLUCW4867cLkwGsb2QuyAeGlkGk.CMpcYz01XhXttPHy4K6fq3xxe','illo','Uky17mgS5l','2016-05-25 17:32:47','2016-05-25 17:32:47'),
	(721,'Sarah Bauch','brown.collier@example.net','$2y$10$10z0re2vwc41owI4Tga8Reu2bgenlSvn2L/Gx0Zi1BvUnOrFoTVlW','minus','szw0OiKHKT','2016-05-25 17:32:47','2016-05-25 17:32:47'),
	(722,'Jacky Sawayn','maryam.goyette@example.net','$2y$10$upYF5S5E0VUB7zCXwVJlR.5sp2xFkWwl0bumjrEa2RKKtbgW78X1q','et','KWKNzC3lBk','2016-05-25 17:32:47','2016-05-25 17:32:47'),
	(723,'Alphonso Schoen','pamela53@example.org','$2y$10$p2iZ6b0ojCyWlNcRddoY8uNmB./jQJQIlGnjnPjihgXepUcuNkKVe','blanditiis','wNR5nduWqo','2016-05-25 17:32:47','2016-05-25 17:32:47'),
	(724,'Emmie Bechtelar','obode@example.com','$2y$10$Q74voE43ZlYSS2mfG4upzu8mErn8azZTBhPCTpkCr.dnWO1d8MPb6','aliquid','lpuSJtkeSG','2016-05-25 17:32:47','2016-05-25 17:32:47'),
	(725,'Amari Powlowski','melissa10@example.com','$2y$10$ORhr3D953QVeVZ1xz3cqH.QMdHEab/D0z0fiR5sYP7VdHe0vWeh6u','delectus','7S59spKK2G','2016-05-25 17:32:47','2016-05-25 17:32:47'),
	(726,'Emerson Schultz','danielle50@example.org','$2y$10$U9UrkuNgjp53DrSxfb.RouPRxyvKBt9m7clrj9POR8ui2kbsa8B3K','alias','7cc8W6v4yJ','2016-05-25 17:32:47','2016-05-25 17:32:47'),
	(727,'Bruce Jaskolski III','esperanza46@example.com','$2y$10$nkZOkJPLDk5GVYJdBajj6OWA6GdO7jzvO1e.b8hSu.ff9kEXVd4gm','dolorem','M5HQkPpLRN','2016-05-25 17:32:47','2016-05-25 17:32:47'),
	(728,'Ernie Turcotte','leanna.schultz@example.net','$2y$10$BHqXZXjzaLlCcHVJvnBfsuaqXMKetuTeb.Tv58nWySCr.hM4oN6yS','adipisci','Ndfe1OUWNg','2016-05-25 17:32:47','2016-05-25 17:32:47'),
	(729,'Dr. Omari Nolan','jfisher@example.net','$2y$10$z1jFLHXkvlRIEGaPKReOQuQVZxb/LG..5RUGImDEu8f.SXXYmM5oi','laboriosam','nAknsbSsx2','2016-05-25 17:32:47','2016-05-25 17:32:47'),
	(730,'Dedrick Brown','lydia.howe@example.org','$2y$10$VPL8y0la9BcjMjbLQloDbeZaZF/3zEgp5kXsfN/NdFkb6PxBzFHje','sunt','7j6GotEE4D','2016-05-25 17:32:47','2016-05-25 17:32:47'),
	(731,'Mrs. Kailee Lynch PhD','crist.gregory@example.net','$2y$10$M2XojpZwt/5NMZT/ZL2j5uimzi6lBHrH75brEbjdGeLPIBlF9SWNS','sequi','eYYlPAR8yw','2016-05-25 17:32:47','2016-05-25 17:32:47'),
	(732,'Manuel Schamberger','mekhi80@example.com','$2y$10$qEvEPXtnZeHDFGgAIC5MSuEb60kIz9EkSvALo5Yy8DAvzFTpqQ/Me','nulla','jei7tBD6tL','2016-05-25 17:32:47','2016-05-25 17:32:47'),
	(733,'Prof. Jackeline Auer I','elise.metz@example.net','$2y$10$6qiYTyJ/PYWelzwuj2puwu5VnuUISJ08Ycz/iH199G4szW5/3uF8G','eaque','NblSfjB2Dn','2016-05-25 17:32:47','2016-05-25 17:32:47'),
	(734,'Prof. Arnold Halvorson','dtillman@example.net','$2y$10$XDevuZ5N3lDlDaBwhamIjeb.8evIyTx9jZ7YnX34ryMi3cl7PUF02','sed','AL8p0JLtgz','2016-05-25 17:32:47','2016-05-25 17:32:47'),
	(735,'Scotty Parker III','wilfred.reichel@example.com','$2y$10$twWoQWgBxCYqS97pjEI4jOmmxWpmYUFkO/4NxubKDu5hlI9XhKM22','itaque','6tLq9jynAv','2016-05-25 17:32:47','2016-05-25 17:32:47'),
	(736,'Estelle Runolfsson','jakubowski.vivien@example.net','$2y$10$Pep8z57.TJGsd.pr9Cy6led8rAX6vVv42S5szSeiQO9ppp74rI4XO','eum','ANdbfLjS7L','2016-05-25 17:32:47','2016-05-25 17:32:47'),
	(737,'Nikita Heidenreich','vemard@example.net','$2y$10$hJo0TItqBN0E7hqmfkdjheVlHBf0VhMSj/j8dZ0AmGP..eqGz5Ek6','non','GTskAiGsTS','2016-05-25 17:32:47','2016-05-25 17:32:47'),
	(738,'Miss Stephany Cartwright DDS','hamill.jalon@example.org','$2y$10$tEObrDY9yomgWqF3Z7ZebuCj4iaZm0XKCghFWazM.uLuxdmnryZ.W','maiores','Tb4I2zSr4A','2016-05-25 17:32:47','2016-05-25 17:32:47'),
	(739,'Shany Kertzmann Sr.','gorczany.obie@example.com','$2y$10$C1QA8pZPS1npV5etDzPxSuakBb1zB/AGUpxuFocOKm8RZnNv/iwVm','sunt','pfVJ4Hsnm9','2016-05-25 17:32:47','2016-05-25 17:32:47'),
	(740,'Jaunita Torphy','walsh.annetta@example.net','$2y$10$shpmTLQln8NAdhrXy/l4pOGzhCXzgmh2bX5v0DnItNIxbFq2dLHyq','quis','gH5XDnTJyH','2016-05-25 17:32:47','2016-05-25 17:32:47'),
	(741,'Lewis Sanford','amani.conroy@example.com','$2y$10$XNTKH0nk4C5qHJxABn/dk.xUkCzQ5Tv81DcH4gZS2rs9X8G1fOCB.','aspernatur','WohHnEun1j','2016-05-25 17:32:47','2016-05-25 17:32:47'),
	(742,'Ms. Sibyl VonRueden Sr.','borer.samir@example.com','$2y$10$TgjX87Femn2thvWEoKw0DeuFeOVS52T/A6IRIHFF6xU93yz606g/a','fugiat','yeAJIwydh1','2016-05-25 17:32:47','2016-05-25 17:32:47'),
	(743,'Evans Tillman','rowland.stark@example.com','$2y$10$N.f9ML8UmgeZZkAOagq7K.DL3P0ksCCsJd8/EvxSmVa4zTfy5dVbG','similique','1L79rSkuG4','2016-05-25 17:32:47','2016-05-25 17:32:47'),
	(744,'Miss Jazmin Ziemann MD','estefania.davis@example.com','$2y$10$BwCVQD8ux3TuvsP2dsM3qezXZ7waf9hnMmS3Mf3Dwm.m1huhndVAW','quod','0hyk0pFA9L','2016-05-25 17:32:47','2016-05-25 17:32:47'),
	(745,'Dr. Golden Larson','claudia.satterfield@example.org','$2y$10$qAt06J5aSRAH5vFqDkiMieSS10BjjpZwA9bdzHCJrj7KcHhGpDp4O','consequatur','GII6tMAceo','2016-05-25 17:32:47','2016-05-25 17:32:47'),
	(746,'Uriel Okuneva','evie.hamill@example.org','$2y$10$ht5SVi6X0mVyCa2npKspT.FzsVN7Swi6xkBgDUdq/66pE38.7hDRO','id','rOsT1aSOhi','2016-05-25 17:32:47','2016-05-25 17:32:47'),
	(747,'Corine Ferry','cordelia56@example.com','$2y$10$eSxPDgfs2EBdIsClDzZHm.oV2N8/54GWCibcwn6K3PsM9/nUG4/zW','minus','d8IEwk8yMA','2016-05-25 17:32:47','2016-05-25 17:32:47'),
	(748,'Marley Padberg','deckow.kurtis@example.com','$2y$10$.u6wk0TS1ORw4oiDiwMA2OUZdDKmv82KbuvxZvAvZy2dAFsh0v23y','magnam','GSt2eRRaT2','2016-05-25 17:32:47','2016-05-25 17:32:47'),
	(749,'Reyes Ebert','virgie69@example.com','$2y$10$3XLj869OvpZPy6j.BxpK2O7MgJJh2HBPv/kgs8qZRvY3SpgudJLUG','ducimus','tz8YTggyUU','2016-05-25 17:32:47','2016-05-25 17:32:47'),
	(750,'Glen Volkman IV','theodore12@example.org','$2y$10$xJeHQ207A2GioNrs996Uoeksu3UxoX2CE2JlX8HuQfHIINPVhQ9Be','consequatur','RstGncCsCd','2016-05-25 17:32:47','2016-05-25 17:32:47'),
	(751,'Kellen Rath','katlynn69@example.org','$2y$10$QAsYoG7cTGoNwFENAhoIbOhR2rbRGTx0x.fCrr1VrnPthXz9hCI52','est','dZH2bZ3R1v','2016-05-25 17:32:47','2016-05-25 17:32:47'),
	(752,'Mr. Felton Brekke MD','blaise.ratke@example.com','$2y$10$ii/Gw8ggmZvrnUHLSzPoG.ccXqGOFrREJfzySidM69NeypZOJS/p.','et','1QgI3uxvR6','2016-05-25 17:32:47','2016-05-25 17:32:47'),
	(753,'Paolo Boyer DVM','nskiles@example.org','$2y$10$yWpSXih4Z3jje5WXxYVRc.ayNT731QraMoRQg665gIVQxDLrbClbK','quibusdam','nogHLrw0Cs','2016-05-25 17:32:47','2016-05-25 17:32:47'),
	(754,'Mr. Trace Runolfsson DDS','rosie.streich@example.com','$2y$10$nUp.QFoJkvvgMqBiDMxl1.1fk6vENRehotmQW4KT27sBI9CdgbCf2','accusamus','C6z6iTMUPd','2016-05-25 17:32:47','2016-05-25 17:32:47'),
	(755,'Kole Heathcote','vernice.corkery@example.com','$2y$10$u4WVfh6/ZW17sxM9n29DnuUa6uXJnDNnp4zhoDLxje8sVNCdUIBQO','culpa','aWrWeQkDmt','2016-05-25 17:32:47','2016-05-25 17:32:47'),
	(756,'Reina Lesch Jr.','xbrown@example.net','$2y$10$UBTB7Vd/DrV47SVle7Gneu6b0D1mapxb.zC4ZjdrQ72A9VtNP2CaC','commodi','NFjsyEOvI4','2016-05-25 17:32:47','2016-05-25 17:32:47'),
	(757,'Mrs. Deborah Botsford III','sammie.damore@example.com','$2y$10$d0iAmoX/lXfP7QFuDhissu2QwXJGU3Q3IeM2/vjWxheExe4sMtGae','nobis','sTWQqCBOSn','2016-05-25 17:32:47','2016-05-25 17:32:47'),
	(758,'Lexi Shanahan PhD','clement88@example.net','$2y$10$ejRa6U0LlbwrmlMXTpppk./Oxx0wRN/khxxPEKrJtxXrDZMVl/LfK','iste','IKGUaDl7ZF','2016-05-25 17:32:47','2016-05-25 17:32:47'),
	(759,'Dr. Lela Torp','wayne30@example.net','$2y$10$87oFAhujws.xZp.rlLfTLOXgnRLNNkZVW7xKw38734L4flnUmci5e','reprehenderit','86wRID96jd','2016-05-25 17:32:47','2016-05-25 17:32:47'),
	(760,'Cali Labadie','ohara.wilfred@example.org','$2y$10$Z6HF5t3TFu5I3bkXqPmoNO6.bi6cyabJAfIOuUPIzScEOVk1KIAVu','ipsam','mcgmXz1MW8','2016-05-25 17:32:47','2016-05-25 17:32:47'),
	(761,'Eloy Schmidt','glenna.dickens@example.org','$2y$10$Rj1a2p6sg5s2gSYTKwk6YeIpna64YhocLkLrcPrf4P3Wm.hAhNp.K','doloribus','4fpfu4Nc4y','2016-05-25 17:32:47','2016-05-25 17:32:47'),
	(762,'Prof. Eldred Lesch III','hilll.jaycee@example.net','$2y$10$8RwJkLx1eNJ3dmi28G1BreQHcFK3.a9EhZh6xrGGOs5Sk3wi2/6HK','deleniti','91clWUtzkC','2016-05-25 17:32:47','2016-05-25 17:32:47'),
	(763,'Oceane Nienow','cstoltenberg@example.org','$2y$10$TPhuC1ZBQwfgGmMXOqlVb.0pw3wN0onlc0zKnpoaGTTFhw0laIefG','non','94OaZVdE4I','2016-05-25 17:32:47','2016-05-25 17:32:47'),
	(764,'Dr. Chasity Padberg','kozey.christiana@example.org','$2y$10$tnqbxw/YdS0NFn12eqHsDeqQkPq1ivpdNxPmaCewxp757IVjkfwMq','esse','yWJbB1KVOP','2016-05-25 17:32:47','2016-05-25 17:32:47'),
	(765,'Dr. Adela Howe V','elda.kovacek@example.com','$2y$10$0CcKQxU7QJqQgURRVhrXJu0GbHy/0O76jHDcDm3JAYiGmUgX235wa','molestias','SpEVKXGBSA','2016-05-25 17:32:47','2016-05-25 17:32:47'),
	(766,'Prof. Keanu Pouros MD','thalia91@example.com','$2y$10$PUccO/uR5Ya2QWHmEPlGFeaS4vFSe3I4lkBWFrMo0rDbTEI0uOnYu','et','FTleLm0seH','2016-05-25 17:32:47','2016-05-25 17:32:47'),
	(767,'Milan Nitzsche','uwolf@example.net','$2y$10$asHmil5FCvA0JSfprsktr.Ig2GxBaBNQlBKKHR2STzdMCbG8Jy4d.','molestiae','nR7fjdmENQ','2016-05-25 17:32:47','2016-05-25 17:32:47'),
	(768,'Ramona Kohler','fabian37@example.com','$2y$10$ZpZxl520Ge8gWe113o8y1eMNwEYhmrWkGxFezuFWVsDV9fs4i36MS','ducimus','Uw9X3PqdF3','2016-05-25 17:32:47','2016-05-25 17:32:47'),
	(769,'Geovanny Abbott','ujacobs@example.org','$2y$10$cDfsTfbE8rXnZ3m3H46mdOFeMorRdLeOwkqx6VQZixKlz6q.fIgDC','odit','Cc4kvxXkXV','2016-05-25 17:32:47','2016-05-25 17:32:47'),
	(770,'Gillian Hudson DVM','bernhard.rashad@example.com','$2y$10$mmjFpMzmk2iROv90aThIcORYpm3PjYgl3E5CSIC8cuauLtFinYpkS','non','FIyLGNEZL9','2016-05-25 17:32:47','2016-05-25 17:32:47'),
	(771,'Marquise Windler','elyse57@example.org','$2y$10$RaYgEar2wG3teqtI5jUV7OSDL4j74nfauRqMueYfrLiyvl98E/Nm6','ipsum','LGSxEDbbHI','2016-05-25 17:32:47','2016-05-25 17:32:47'),
	(772,'Bessie Conn','qharris@example.com','$2y$10$S1078v3i3UesApuoQCFlB.PTSJK2vRqLeZTWT6JKRiaZSp3g3YEpq','iusto','QmVVvZh7Xg','2016-05-25 17:32:47','2016-05-25 17:32:47'),
	(773,'Erling Anderson IV','hframi@example.com','$2y$10$Ri1wQIi/PIGDt6yl5ZVB6usRxPAOGq5k0vzJ.217JyvNLOZt52.0q','assumenda','FuVbtsA2iy','2016-05-25 17:32:47','2016-05-25 17:32:47'),
	(774,'Johann Rippin','vlindgren@example.com','$2y$10$LOnT8xOC94b7YT8pCs7FAOIHrHySEHKJjrE8jzMorXjhcJGN.iUZ2','delectus','i7x2HmurLu','2016-05-25 17:32:47','2016-05-25 17:32:47'),
	(775,'Mr. Tyrel Walker Jr.','kallie11@example.net','$2y$10$4eNUWwHDmF27CT8hjnCLvuh.k/8DQaR4TBARfP2HG8me.qkvhkVxS','aut','dAJLH8Rbqj','2016-05-25 17:32:47','2016-05-25 17:32:47'),
	(776,'Aracely Grant','liam48@example.org','$2y$10$CfNWs/M2Q6KMt7Z7qTCZsO6MDGsrOUHeaq0I13.VS297Z0JTOItRK','impedit','86eSJ6Urxe','2016-05-25 17:32:47','2016-05-25 17:32:47'),
	(777,'Alba Ratke','branson33@example.com','$2y$10$WhlXHA8J6h3oMqjr267b3OFxMRT0oIORC25x.w8S0rjvYJt9xqZeK','rem','nqWSGMTe5P','2016-05-25 17:32:47','2016-05-25 17:32:47'),
	(778,'Olga Hauck','ally68@example.net','$2y$10$8zl.EQNTw3SW4GFNnnW1peYtZei9nk/j5eVZAqKI7O7ygeZoaYh.O','fugit','bWj5DUgUUg','2016-05-25 17:32:47','2016-05-25 17:32:47'),
	(779,'Cruz Vandervort I','delphia33@example.com','$2y$10$7FZWrK6IirBLXDkEya9Pre3HFxzlxzw/p88UhnwvK09XJzwvUgXKm','a','0NQpk4o1dZ','2016-05-25 17:32:47','2016-05-25 17:32:47'),
	(780,'Jarret Murazik','mklocko@example.com','$2y$10$Xve2GPcbOanU0nFBl0Bage5GwTLifNp7JmJKlC6l3XQVoxRjrGGnS','voluptate','hYRpdYh1x1','2016-05-25 17:32:47','2016-05-25 17:32:47'),
	(781,'Dr. Alfonzo Rohan','vrosenbaum@example.org','$2y$10$WO16ZEaEukg.NxEHIrPoKOd3zruM2.Wagi5T6I1SA7oktBizmB3.q','qui','jpxOgtdRq9','2016-05-25 17:32:47','2016-05-25 17:32:47'),
	(782,'Melany Walter I','bernhard.clemmie@example.net','$2y$10$i8L2j2OJ9J7AD5nRgccnlezsB/6p5y6yNq/zM2P4vftOUXAE6Q57u','nihil','1MJ2Gv9gIi','2016-05-25 17:32:47','2016-05-25 17:32:47'),
	(783,'Krystina Yundt','bgreen@example.com','$2y$10$gJmeFDQZ7u5X3NcVCti50uHU2UYa9mZ4yRQaHF52V17RgW05e3BFK','accusamus','ApAdRuS0ZL','2016-05-25 17:32:47','2016-05-25 17:32:47'),
	(784,'Ms. Mathilde Kub DVM','toy.jazlyn@example.org','$2y$10$.n07Qk5XN7W0sSbgTD..CuMPRMP/ijMUBt2NJXpoaO7EXygY1lI56','et','r2kyEjo7Co','2016-05-25 17:32:47','2016-05-25 17:32:47'),
	(785,'Ariane Cole','streich.chaim@example.net','$2y$10$7PUm3czGvLqREC/Ynq.zsOzFrRifIhNx1ULXF.pt0VhWZHiQsJf4G','impedit','Yf5Roa5hbv','2016-05-25 17:32:47','2016-05-25 17:32:47'),
	(786,'Cierra Pollich','hammes.barton@example.net','$2y$10$oPq8Q57rn51a7lq.XO9Ipe5LvH.SGkfS31n1ZQpdM45V77JjVsXBS','iusto','giju0ZmEQH','2016-05-25 17:32:47','2016-05-25 17:32:47'),
	(787,'Leonie Christiansen DVM','wilhelmine59@example.org','$2y$10$ecJ0qCelT.Isav4Ja5ke.OT11orhkxWIy5k.2XbXZavTMkS3zng5.','consectetur','MWuzkBWxdg','2016-05-25 17:32:47','2016-05-25 17:32:47'),
	(788,'Mr. Bill Rolfson','dorothy.olson@example.org','$2y$10$8JhsxfjEfrh2GCLJxgSNGewglFfFPDFtiT/ftLmgePylint/wOrFa','distinctio','kKTwwwIzp9','2016-05-25 17:32:47','2016-05-25 17:32:47'),
	(789,'Prof. Trudie Krajcik','lcarroll@example.com','$2y$10$5BJ/vncCHW0hWpzssDAm7e9ItmO5hisI5hxZu7yj0MkzdLWz3a9nG','accusantium','m82ryFjWwz','2016-05-25 17:32:47','2016-05-25 17:32:47'),
	(790,'Ms. Lauriane Wiegand II','othiel@example.com','$2y$10$NMSpWDzkVR1/bww55Nc1TONa8pJDqa4xPuht1K7VIu0t88gQ4mwLS','dolorem','zpVkcyjgMH','2016-05-25 17:32:47','2016-05-25 17:32:47'),
	(791,'Rachel Feil II','leilani.schuppe@example.com','$2y$10$rllqQXybBvkjRiV92Fyj3Om4RZrCOqdp0YseS52.HVwXN/Bi9GMOq','doloribus','RyuzGkP1KL','2016-05-25 17:32:47','2016-05-25 17:32:47'),
	(792,'Fay Koepp','dashawn08@example.net','$2y$10$k0SKXATsP4VFCtxQkOSPCuUiCqDl68NXPYihnZhAGe6gwDQQ02ZEK','animi','qhxg5Wf3hZ','2016-05-25 17:32:47','2016-05-25 17:32:47'),
	(793,'Creola Bayer','phyllis.kessler@example.org','$2y$10$8UrnRtoIPvewB7zYbsJnNOnw2H1BWlqwUCCSCIu94HYY5e1VgcNvq','eius','KiOqGCtYPV','2016-05-25 17:32:47','2016-05-25 17:32:47'),
	(794,'Don Douglas','kunde.isac@example.org','$2y$10$/.Dxjc0xgfJyOJjvuL0hC.qJYDDpqPCMPItA3TQnyGZXMOmZhJToC','illo','kHOsux677b','2016-05-25 17:32:47','2016-05-25 17:32:47'),
	(795,'Mr. Reinhold Mills MD','andreane.lubowitz@example.org','$2y$10$D.u5lxd6VKfJ2MUXTuwsIe3uCbH76xHkOcRID2ZC/nzmIoAJKE2bu','et','uP9JVmriG8','2016-05-25 17:32:47','2016-05-25 17:32:47'),
	(796,'Alejandra Krajcik','evan80@example.org','$2y$10$M3Y56gTgy1Eacihf0rpHu.Bvjasonh3jbrNNRthd0BewY6GltAoK2','vel','DceDwgiZIt','2016-05-25 17:32:47','2016-05-25 17:32:47'),
	(797,'Prof. Otis Spinka PhD','pete.schowalter@example.com','$2y$10$ilNlhL2wAQw8GA8Y7Kv2DuaXQAWIRJLaWdNDJ2hS74QY9IVFWydpS','quae','qfS78HZOPc','2016-05-25 17:32:47','2016-05-25 17:32:47'),
	(798,'Kayli Barton','colten46@example.org','$2y$10$Iu5XJDXQWJtsmpP/wOB7ROue7mISa5uko9OEiw0QcTA/ndCvC6oJm','officiis','3PQ4hiTK00','2016-05-25 17:32:47','2016-05-25 17:32:47'),
	(799,'Cortney Dooley DDS','schmidt.jarrod@example.org','$2y$10$xUl939UwIlPIwEdkF.TAIuNgCtnK1.DDmI7lkO5H3f9AJgnhyWMYe','sed','Cj4FobgTpB','2016-05-25 17:32:47','2016-05-25 17:32:47'),
	(800,'Destinee Bradtke','whowe@example.com','$2y$10$A8P.9PlY54LLeNPHJ0xqQOk7.kVABKutzMUQfFhKs4ADi5IXkgLHK','vel','cjj9JmmOO2','2016-05-25 17:32:47','2016-05-25 17:32:47'),
	(801,'Prof. Justina Prosacco PhD','sdibbert@example.net','$2y$10$hN97IBol7038.56aMmluV.nhMSo84yN2J2mh0ljUrPeKs2LwVdpYy','sunt','k2dj4vrxjM','2016-05-25 17:32:47','2016-05-25 17:32:47'),
	(802,'Syble Haag','adam45@example.org','$2y$10$Iv3X9ygkpktlZ.e5wzPvVuxUZLm5OPZ4L7/WHf9eebZ273zf7/IsC','non','0MyIZ8hguy','2016-05-25 17:32:47','2016-05-25 17:32:47'),
	(803,'Oswald Ratke','yfisher@example.net','$2y$10$H0EiWuwWOXy27V3cI6pbk.0d0UeKuREpQqb907YqCw7TRAfbFoAp2','deleniti','M1yp8P6qjJ','2016-05-25 17:32:47','2016-05-25 17:32:47'),
	(804,'Genoveva Auer IV','julius17@example.com','$2y$10$ely10/c9yU/sGzrFKc5xkeVBBAvyHqCJd9ATTRUa8YJaozgvw.Cp2','aliquam','gPU5rp8yZL','2016-05-25 17:32:47','2016-05-25 17:32:47'),
	(805,'Dr. Murl Bashirian','jennyfer.langosh@example.com','$2y$10$w1NyyBgBHAjloayC1VYWoOZAYnajhUnk8OMHkRLYbBbPs3QG2sVV.','omnis','d3d8sBojWJ','2016-05-25 17:32:47','2016-05-25 17:32:47'),
	(806,'Arielle Weimann','dahlia.bode@example.net','$2y$10$ftoZcnhUACmawa9W0virPefY4hGRj4W11hUXyZeb4DcRMkltFgMQ.','molestiae','Xjj4ASwARj','2016-05-25 17:33:31','2016-05-25 17:33:31'),
	(807,'Estefania Tromp','samson.herzog@example.org','$2y$10$vFOR/zbLcdp7zAx6W3XYyeX3.ilKjwAR5DyR/1gtiXmz84TPx2iQe','magnam','P41yJL11ut','2016-05-25 17:33:32','2016-05-25 17:33:32'),
	(808,'Bailee Hayes','chelsie.corwin@example.org','$2y$10$.gus0ZeCdQD/G.2hFVSHIuV1qTU.4yNqLV0KOwAb4.lBCceHOwXle','aut','mwTCNLvCZY','2016-05-25 17:33:32','2016-05-25 17:33:32'),
	(809,'Jesus Crist','earline93@example.org','$2y$10$jZupa9CkSuqR8GjnISLet.0jB02hQ4eglgBIW.DQMx4L4zLfXLp56','sit','8WYEqu0DAL','2016-05-25 17:33:32','2016-05-25 17:33:32'),
	(810,'Brannon Lang I','steuber.nat@example.net','$2y$10$vU/NhjtT8HyMLgi2wdH7IerfXiEec22eiZo2BQMV0FtJ2n9RSOWxi','dolor','TZ0kU5Bqel','2016-05-25 17:33:32','2016-05-25 17:33:32'),
	(811,'Axel Bernhard','ekulas@example.org','$2y$10$/SNoxNJuiTKRBo/mOXYnKebSDEOL.hjaaZLY095W8LkFF2PJNDhly','doloremque','BC15O2eApw','2016-05-25 17:33:32','2016-05-25 17:33:32'),
	(812,'Carmine Kilback','marcella.stehr@example.com','$2y$10$9lTU4R290qe/bWjMrZ5APOQuhD318LLZ/e4J7gY5S7aYPYhejplaK','quae','ZVuxONZ4eq','2016-05-25 17:33:32','2016-05-25 17:33:32'),
	(813,'Cali Pouros DVM','little.mandy@example.net','$2y$10$Ri/JHp7lvcTjlMGfkP7RMO2y.iOsmRVcqyDxOMsbAaDW9U7u11qFe','vel','LRU90HN6zA','2016-05-25 17:33:32','2016-05-25 17:33:32'),
	(814,'Albina Wilkinson','fweber@example.org','$2y$10$wwo3/UNgNQD8zVrZ7iY8aerFAvFSRvOiOSKMKYlFIrvHZ1Kjz6HwW','perspiciatis','mdAJtdKzN3','2016-05-25 17:33:32','2016-05-25 17:33:32'),
	(815,'Ms. Brooklyn Streich PhD','kovacek.waylon@example.org','$2y$10$j5/PNuOXbzQSyUG7zCfVCO11etB1F.7xPYUZzTohP/qm/gYZcxvBC','voluptatem','Gj59aZICsE','2016-05-25 17:33:32','2016-05-25 17:33:32'),
	(816,'Prof. Darrin Hamill','fjacobson@example.net','$2y$10$5hDDO4g5GRl9AinGwYEjbOWA2xMox4i0bP8xP5ekxz.B0r6T7ni8q','itaque','uQgjBvv821','2016-05-25 17:33:32','2016-05-25 17:33:32'),
	(817,'Frederick Sporer','mireille26@example.com','$2y$10$.WBPX3yyk7hDNCjuQ3tu0.rNA0iCXCiRrCJif8h5MgG0BHs90z9Cu','et','cDYglUofUw','2016-05-25 17:33:32','2016-05-25 17:33:32'),
	(818,'Dr. Rebeca Parker','emard.ayla@example.com','$2y$10$N/HdaSCb82QXjcMZK9Qisu/ocRO/W8Bgrxuf6vW1bovju6ZOZv6QC','perferendis','pd4kANQGmG','2016-05-25 17:33:32','2016-05-25 17:33:32'),
	(819,'Leila Farrell MD','aniya17@example.net','$2y$10$yYlemWVg9dJeoZ/NpGGFxOuC0pLg.pEeq/UXRitMRTyODoHlPkDWm','illum','O3yoDx34Oy','2016-05-25 17:33:32','2016-05-25 17:33:32'),
	(820,'Josie Schaefer','spencer.victor@example.com','$2y$10$2tNXYyFgHs9Bp0WohomZcOUVTtRgfW96UFjoRIOLJ9/bzhU6zeQUu','non','CuDV4SMGBz','2016-05-25 17:33:32','2016-05-25 17:33:32'),
	(821,'Taya Veum Sr.','veum.margarett@example.net','$2y$10$TkdZ7OsA.mF0cjSKf6oRDuC7rWxm1UNGqYHrJrCPyOnSOpJiiisuq','suscipit','KCkbHNF0E8','2016-05-25 17:33:32','2016-05-25 17:33:32'),
	(822,'Denis Ziemann','byost@example.net','$2y$10$4LDOsqUD/lGbH0Rjfrm8G.5eREl4/yE7ThhB1sFTAC12HIiqgLXyi','eius','JQBd9uEQqx','2016-05-25 17:33:32','2016-05-25 17:33:32'),
	(823,'Diamond Reichel','sunny.graham@example.org','$2y$10$yjYhVrd/VTIDDf99WAeDwOk5gnP1drAtVfUVXoKLN/23c7EMX.cm2','ratione','rtb8r2Dzks','2016-05-25 17:33:32','2016-05-25 17:33:32'),
	(824,'Anissa Labadie','ondricka.millie@example.com','$2y$10$krebrsjqHPvmY2Ggomcy8eeiR/5BMpMWa4kvcbONDlzS.vcjsEYJm','autem','eavS9aEp1v','2016-05-25 17:33:32','2016-05-25 17:33:32'),
	(825,'Mrs. Eliane Hammes II','golden95@example.net','$2y$10$OGpI1AWY8ZkMHUBnY5JISeerNYgVe.BQS7.SN.U/dyaWed1MgZB0e','ipsum','i23NaoEVOF','2016-05-25 17:33:32','2016-05-25 17:33:32'),
	(826,'Cicero Hahn','fhilll@example.org','$2y$10$wEJ0PaGXPcsd2SRpTo9beuvlv0TZsQx9Rh9wL7XmYktPqcCepM9du','sit','WjWOLOoDmi','2016-05-25 17:33:32','2016-05-25 17:33:32'),
	(827,'Josie Jacobi','bryana.boyer@example.com','$2y$10$mgXgjJg9Yn0bz/AnNsmmXOTj/gS8802O2S9iQvLRPWFvbti/75eDC','voluptas','xDh4ttP8xa','2016-05-25 17:33:32','2016-05-25 17:33:32'),
	(828,'Reymundo Walter','sunny88@example.com','$2y$10$wwcFQaYgoC5pVWs1bS6/MelsjS3AAApTRnPLLWffDO8xck8aHCUv.','dolor','liOUumEiby','2016-05-25 17:33:32','2016-05-25 17:33:32'),
	(829,'Dr. Braulio Pollich MD','littel.liana@example.com','$2y$10$NkPkw3jX5ATIs7bxHll0JuxejiaT3Pe6dqH.b3JtaiSjT/A/X1FBu','facere','QARmFrPREM','2016-05-25 17:33:32','2016-05-25 17:33:32'),
	(830,'Kacie Hyatt','kunze.leatha@example.com','$2y$10$YJ2.40IesQGaYQ88tPOYwu77DN7dVLIJf7IVxe0rLEw/5iIAd20Ne','laudantium','lkcwBS3QCa','2016-05-25 17:33:32','2016-05-25 17:33:32'),
	(831,'Dina Kling','freeda.grimes@example.net','$2y$10$4DLnVr4mGc9zRVmw5nPi/.LdotzYPNUulrPOIZhxkFbwyNkVS693G','qui','KVR4wHeJGv','2016-05-25 17:33:32','2016-05-25 17:33:32'),
	(832,'Frankie Raynor Sr.','francisca.kertzmann@example.com','$2y$10$8uFJWb9dgsrWXJ7IzWI4YeLPkhhcw4.c2vWVosO87/Pz7K4eLQdS6','eveniet','Um9lWYtgV0','2016-05-25 17:33:32','2016-05-25 17:33:32'),
	(833,'Dr. Jean Kuhic','fannie.shields@example.com','$2y$10$5ICBCP6RIrPlOST4B2hokOnItgxVIB4cHRUOw.vimlwx9ypc6y/S2','ut','qReyrCKJdl','2016-05-25 17:33:32','2016-05-25 17:33:32'),
	(834,'Mrs. Zoila Spencer II','fgislason@example.org','$2y$10$jQIPPlq170769eeOKJxMI..66ELGfleWmRlxUsvDnQb.tFmXNiXm6','magnam','jyhr1atKGe','2016-05-25 17:33:32','2016-05-25 17:33:32'),
	(835,'Tressie Stark','roel.flatley@example.org','$2y$10$pcUfCHe/ALCkBYepAaYEguGX7I/MvGep64J2Wtgv5tPzB88vzff9q','facilis','sPZvUllUMV','2016-05-25 17:33:32','2016-05-25 17:33:32'),
	(836,'Laron Daugherty Jr.','seffertz@example.net','$2y$10$qpidDo.RmnR4vbjG7nA1Ueau0LWSyY/YE0mBLTbRL0zIQzOJs2hPu','nulla','3iqevE2bja','2016-05-25 17:33:32','2016-05-25 17:33:32'),
	(837,'Mr. Guido Stark','carlotta.kovacek@example.org','$2y$10$V9hDBCLyRAXsJiNksOUFJei6aEwBbKNXGAcBtNzROyznsj1U6qRHS','harum','fydjpRcueS','2016-05-25 17:33:32','2016-05-25 17:33:32'),
	(838,'Lexie Smitham','stefanie.harber@example.com','$2y$10$xqT3LhVYu3a40XgE46TWz.1zX7xfiHFfPrTD9N.p4RHflVeCI8uSi','omnis','sY0VI0J0hx','2016-05-25 17:33:32','2016-05-25 17:33:32'),
	(839,'Ernest Fahey II','christine.oberbrunner@example.com','$2y$10$f3Ayt6v47GUsVwpZDMVT0.DG9BV7Q211fGAk/8aXWdy6IkagJE4LC','esse','l8gO8A0BcR','2016-05-25 17:33:32','2016-05-25 17:33:32'),
	(840,'Dudley Schimmel Jr.','bart57@example.net','$2y$10$qEE8f0qGP8y7fMRps8jLleDXl8W9fwijZZZjNtN38l7CApiCTklW2','ut','5wlvK7FThH','2016-05-25 17:33:32','2016-05-25 17:33:32'),
	(841,'Prof. Doris Pollich II','eli.balistreri@example.com','$2y$10$ZNNC8M7LivZO4Pw7g6nqB.M7ebmFmtAohnSUNTqnoCSWez7prneMO','sit','5gRWbcqL3n','2016-05-25 17:33:32','2016-05-25 17:33:32'),
	(842,'Vella Harris','vborer@example.net','$2y$10$S7K0oLhrXJ7u8UGXUFFGc.AZspr4JC7Pw2DfVMeBaQaWyLQrHEC0i','nesciunt','q8Z1SeCMtX','2016-05-25 17:33:32','2016-05-25 17:33:32'),
	(843,'Claire Daniel','trantow.godfrey@example.com','$2y$10$u2iglBH9dF268ikgfQZrQewOiUC6OqC.yw0ES1LOHpgRSSIQ7xes.','mollitia','4EGPUqQFeq','2016-05-25 17:33:32','2016-05-25 17:33:32'),
	(844,'Dolores Russel','keara53@example.org','$2y$10$r/qQ.eJ1piMwiBQj0qt3AeGAYZ4JOo56VY8QJQcwBtvesRJQQ7S/.','possimus','VT00tsEklp','2016-05-25 17:33:32','2016-05-25 17:33:32'),
	(845,'Mr. Clifton Ruecker DDS','robert.beier@example.net','$2y$10$M0XD2f4Y80fEXjYU9zf6ueyvr2XRGSV99dHjDcM964eYlR949N7g2','ipsa','ezXijVqfFx','2016-05-25 17:33:32','2016-05-25 17:33:32'),
	(846,'Prof. Henri Von','scremin@example.com','$2y$10$wiDMB8GreabS/nt76E0ICuGkyy4.CU1riEM8cEaP3M0lflz7RlQRK','eos','uu3coczzFs','2016-05-25 17:33:32','2016-05-25 17:33:32'),
	(847,'Otilia Simonis III','broderick31@example.org','$2y$10$s..GoWThBLVJtMeSbfEck.YFGd5tYYaBdI9dlnAvag2DzorKigm1K','reprehenderit','eGcfVpnepY','2016-05-25 17:33:32','2016-05-25 17:33:32'),
	(848,'Rosemary Stroman MD','shad14@example.com','$2y$10$kBHcSe1L4FplwV4.pPZVYOR5mGkRyFulPW.o66yO56M9uOT1HlhQy','quod','QaFNyNfZcL','2016-05-25 17:33:32','2016-05-25 17:33:32'),
	(849,'Pattie Ullrich','catharine.schaefer@example.org','$2y$10$AKUJao.reu9Xt52fg1ewouWhCzyknKdq0aIX0EubQuxUBuz08BVie','vel','O4jz2B5XNQ','2016-05-25 17:33:32','2016-05-25 17:33:32'),
	(850,'Marta Hayes','ohayes@example.net','$2y$10$9G4PZ26C7TTvPUI.PG9qo.AlfPL2y8bqDgzY3V.KcLnLWpCB8D9l.','excepturi','OUKz1KIhfU','2016-05-25 17:33:32','2016-05-25 17:33:32'),
	(851,'Sienna Mills','eichmann.alessandra@example.org','$2y$10$h2hjLOHO/PtMdDQ05W9uf.9SRM86HwxyIH2oum/g2ZHlE5zMYA8AS','fugiat','wlBhKjsIbg','2016-05-25 17:33:32','2016-05-25 17:33:32'),
	(852,'Leatha Larson','brock.morar@example.net','$2y$10$wiYB0JhqPEUYEVHqu6XKLelSWJuMfXPe5pYzT46KAGeHLRgwI5r6i','ipsam','bxJxrePK2c','2016-05-25 17:33:32','2016-05-25 17:33:32'),
	(853,'Samara Steuber','dibbert.oren@example.net','$2y$10$s/5o1rWXkM54TEyrFokOg.S68kel8uLEEnLAN7LxygGSKgqDUi/LK','maxime','qRpFUPRXze','2016-05-25 17:33:32','2016-05-25 17:33:32'),
	(854,'Dayana Klocko','uhegmann@example.com','$2y$10$rOOiluSMn44dwdTj/AzWhupLHgszK1SkVdZCu.STiE.tiQPrsta2S','et','6nMeSeCbqr','2016-05-25 17:33:32','2016-05-25 17:33:32'),
	(855,'Buddy Kutch','emil.hayes@example.net','$2y$10$3iNbfyVKnjcR/PAXePq7defzdnLpMLcDkrPeApB.mdyFQkNqd8tL2','velit','wET6j46c4b','2016-05-25 17:33:32','2016-05-25 17:33:32'),
	(856,'Haley Legros V','farrell.jada@example.com','$2y$10$qB6rEm4YixwX006rt3KKQOrW3Irn.Cfae/iARoXBh6lT1uDWUCHWi','eos','p5S3TbLYaY','2016-05-25 17:33:32','2016-05-25 17:33:32'),
	(857,'Eladio Collier','tyra.jaskolski@example.org','$2y$10$vk6O0qeE8RqommrLTM7jwe2OpO9x3mWL60fPXR4dcd3oBEou/Vx6O','beatae','bFmWFAo3Oy','2016-05-25 17:33:32','2016-05-25 17:33:32'),
	(858,'Prof. Elijah Murray DDS','onie.thiel@example.org','$2y$10$F9zIO/DsCCZLIRe0MPKPueEvnZ2AC7nT.6e6cPXU8wCNPCqd9nFhC','saepe','5lfPmwGk00','2016-05-25 17:33:32','2016-05-25 17:33:32'),
	(859,'Dr. Angelo Moore','bernier.emmalee@example.net','$2y$10$VizRYhdjqUY3VabbHw0BZ.h/DQWf14mGAyiK4DRL1Maz0XR06bs..','sit','bvQqvib6bI','2016-05-25 17:33:32','2016-05-25 17:33:32'),
	(860,'Deshaun Sauer','ngreen@example.com','$2y$10$G9nGnIsUIFT2GLQ2pMND4eNDmRGiW4TRV9YEENbAKtAhyUN2Amfe.','molestiae','jso6zV2wnv','2016-05-25 17:33:32','2016-05-25 17:33:32'),
	(861,'Cullen Grant V','kreiger.adah@example.org','$2y$10$r.4TOpUsLc7J2t6i4MiSfuG89Cku6GP1slL.E0UeGVM5oSozBk.y2','ipsa','VZWR0Zb23p','2016-05-25 17:33:32','2016-05-25 17:33:32'),
	(862,'Zola Erdman','asha37@example.net','$2y$10$E7Yz8LnLtIkWzkeoMWgsyuc.Zb8exiKKVWctUV6c3I.FSSTB6K5k.','incidunt','nRIeGP4wh9','2016-05-25 17:33:32','2016-05-25 17:33:32'),
	(863,'Jamarcus Willms','feest.lucile@example.net','$2y$10$wFcJii.yjZvS64112VBUZeGvOgJ7MNrirEFASh4mKMy2L.L3H6grm','ea','Plus8B82w1','2016-05-25 17:33:32','2016-05-25 17:33:32'),
	(864,'Chester Adams','sophia57@example.org','$2y$10$mN0XmBXdLvXrvKNi4I.YyeeW7g.ZdExcOwjHnEBW8/aA.ZveexGDy','maiores','Wk8Bs09oCK','2016-05-25 17:33:32','2016-05-25 17:33:32'),
	(865,'Prof. Alene Terry','nettie95@example.org','$2y$10$OCf.9i/u3SBS1pzrPpLXW.snWj8wUOoa28gT77OyIKhmy8oOAI6Fy','dolorum','8l8fNWATPS','2016-05-25 17:33:32','2016-05-25 17:33:32'),
	(866,'Dixie Schaden DDS','ckuhlman@example.com','$2y$10$R6Xi2WoJK29AkXmFpRaHXuEteLFOGmcneBGCPQj1Rt0Vf55AK0Yni','repellendus','QkoQXuGcEw','2016-05-25 17:33:32','2016-05-25 17:33:32'),
	(867,'Neil Heller I','woodrow.langworth@example.org','$2y$10$WUEjHDzIx8fmOpEEakN9IuxOTqagswtVnubkCMQeudI9XyvhLY39m','quibusdam','7TsRQbonmg','2016-05-25 17:33:32','2016-05-25 17:33:32'),
	(868,'Cecelia Watsica','lonny.ruecker@example.org','$2y$10$zOzmOUsYxcpZR4kIsWh/0u8Pfo4DEChqneEQ8lHeNQG9MJ.PbnZ/a','quisquam','BzxehVJM0h','2016-05-25 17:33:32','2016-05-25 17:33:32'),
	(869,'Mr. Brent Grimes','rlarson@example.com','$2y$10$skyvQlQKoobEvNWWrf64LevLwESLrgOEYDHSvnzgyWyy5mc7Da0V6','quis','BkklU2kioF','2016-05-25 17:33:32','2016-05-25 17:33:32'),
	(870,'Prof. Ernie Heidenreich PhD','taryn.greenfelder@example.com','$2y$10$Ln83aGbeNhJdw4QZH87rduMR7foGkpHzdxh4RU9EdB.4zKa4fblp2','sunt','xkGSpCVmlH','2016-05-25 17:33:32','2016-05-25 17:33:32'),
	(871,'Dr. Ernestine Stehr','addie.walker@example.com','$2y$10$LyO.onGx/wly9teW2h./tOOUes1UdjttxJx.AyIg8fB.vC0L0XN2u','dolore','WYsxmfDvOL','2016-05-25 17:33:32','2016-05-25 17:33:32'),
	(872,'Gabriella Zemlak II','ford.gottlieb@example.org','$2y$10$CuoQBICpf1h0Sy8PUTCXOOc8soxnRLwV3usgiuxzUzo4qUMbO83qG','placeat','zLT66TJc9E','2016-05-25 17:33:32','2016-05-25 17:33:32'),
	(873,'Madaline Barton MD','xbuckridge@example.com','$2y$10$/yU0DZMMtCmAR6w6piPeq.lTj3/oUxxbfnnxyA9vi5vU7dJ9Eq2NG','vel','8DAOXBWZiJ','2016-05-25 17:33:32','2016-05-25 17:33:32'),
	(874,'Ruthe Daniel','kaleb64@example.net','$2y$10$yS6TaXeaWfEmBGz4bF54g.iVEkwUFWZ2WSvtS21ygQ6JEsaantzWy','facilis','GTdr7hv9UR','2016-05-25 17:33:32','2016-05-25 17:33:32'),
	(875,'Elza Leuschke','carlo.conn@example.com','$2y$10$VeVkqhnzcByq2jIuUO9w0eJvARZb0xUzTpJ8.XMbISqlnc/MPG02m','vitae','n71iBnOhX7','2016-05-25 17:33:32','2016-05-25 17:33:32'),
	(876,'Wilfrid Kulas','casper.rowe@example.org','$2y$10$zpN18BLiI1o3HZB0WNGdbOC5zyjxrFcesqHtYgv1t06EmwTOQZQJe','repellendus','FWEa1u4zwy','2016-05-25 17:33:32','2016-05-25 17:33:32'),
	(877,'Dr. Lexie Dickinson','liana87@example.net','$2y$10$RHcV09s.jSCo5lA/l1ZTIepoFUm.6PurKXUZA1upCBXyA326FD8F.','perferendis','qvGWxML8Kk','2016-05-25 17:33:32','2016-05-25 17:33:32'),
	(878,'Okey O\'Hara','dangelo.ruecker@example.com','$2y$10$ttHlmmgeJ1nPRcfh3WQm8.mffasfhgKxdNYR3IkXGxuejkcnBvISy','eos','JB3YSSLXad','2016-05-25 17:33:32','2016-05-25 17:33:32'),
	(879,'Dolores Hansen','omari43@example.net','$2y$10$f0CsrO2yPKobHSPHTgL9k.HZqsTTV0Eaw8TlnHQdyFBpMj4RHxrES','occaecati','YYQtCyEznW','2016-05-25 17:33:32','2016-05-25 17:33:32'),
	(880,'Ed Dibbert','iarmstrong@example.org','$2y$10$UYyzr0/RqIkEm0POKqiBdOgMKPadzBY3YlyCPhj6n4oysLIev2656','placeat','Aeq0sTZ8SN','2016-05-25 17:33:32','2016-05-25 17:33:32'),
	(881,'Lisa Ryan MD','freddy23@example.net','$2y$10$vtoVts.1PDVCboCD6yf4Aei.L/F1C87mTtUgEs478IOc.miNLUxva','ex','4wYlmQQJTh','2016-05-25 17:33:32','2016-05-25 17:33:32'),
	(882,'Deion Kris','leatha40@example.org','$2y$10$16/SmPx7yiWNRhOe0oNNsebNUDhSN28i04KeHMo.dUyskwOpVVOzm','accusantium','ujVURpQl5h','2016-05-25 17:33:32','2016-05-25 17:33:32'),
	(883,'Prof. Iliana Heaney V','vbradtke@example.org','$2y$10$tx/yEzq4y3QWPkXDFWstnOOww5S8gULsUnnKg8GOTvUuBpwK075qu','minima','pYS4fa0T7J','2016-05-25 17:33:32','2016-05-25 17:33:32'),
	(884,'Hulda Beahan','ariane47@example.com','$2y$10$mot9zD4Icq2q0pvmCCXSjOogOz5y7q97ZWEktNTL0thOU5Uo8i.p2','delectus','DLebxRgkil','2016-05-25 17:33:32','2016-05-25 17:33:32'),
	(885,'Dr. Francesca Moen MD','richie35@example.com','$2y$10$qK7jwR6R7YlyIhfaxCS/dOyfa3mesBxtYKr.MzyNJAy3SMn.Q9VZ6','placeat','PxGs19f6gg','2016-05-25 17:33:32','2016-05-25 17:33:32'),
	(886,'Modesto O\'Connell','kmoore@example.com','$2y$10$F4BqCd1ycs.qzdpIZxCQPuB9R7JmBRDoiDc5pjFJ/ALrF8GzEgBTq','omnis','p24hS2He72','2016-05-25 17:33:32','2016-05-25 17:33:32'),
	(887,'Liam Reichel','waylon49@example.com','$2y$10$P2d2YUCc.vq.OQ.A0930dugys1o6MZuKgik0AigfRUxEwTWj9FBS.','modi','SI2nvQh7IG','2016-05-25 17:33:32','2016-05-25 17:33:32'),
	(888,'Sylvester Zboncak I','lmertz@example.org','$2y$10$rBKzfSITJuaQC3.2xfk.k.m0xbbb0U3gDrIahGMbnvwvWqQRxisGe','exercitationem','L7Q3b8pXBb','2016-05-25 17:33:32','2016-05-25 17:33:32'),
	(889,'Ms. Sally Volkman','zechariah90@example.net','$2y$10$f3Z614k0mGrxuM0p3UNXXOWybQvLczJZqtHslpfcGvtO526Z38vyu','et','aYh4pS47Ap','2016-05-25 17:33:32','2016-05-25 17:33:32'),
	(890,'Mr. Lamont Conroy','ibeatty@example.com','$2y$10$Q2tTg8SLQ8O2SjewM1KJB.td0hUxvaYOdzKSjSGlSFz1MSk9yIhFq','dolor','bevGiktWwQ','2016-05-25 17:33:32','2016-05-25 17:33:32'),
	(891,'Hillary Murphy','dabshire@example.com','$2y$10$/UObDBbLSqbdIwsA2IEqvuH2kFrjWN5sL31jiWhJ0vEglwUv2Zab6','esse','cF48AHzHKW','2016-05-25 17:33:32','2016-05-25 17:33:32'),
	(892,'Dr. Roosevelt Kreiger','damore.adolphus@example.com','$2y$10$nAWr4S0EyPrJ28L7YeW3suHXQOJYWlBgKT1COjotlgk1ngNBL3vde','debitis','7QKNbp1QfW','2016-05-25 17:33:32','2016-05-25 17:33:32'),
	(893,'Shakira Lueilwitz','mante.dixie@example.org','$2y$10$UqarUioZ.0zMoeZhdekKaeSUw3Oh3rzaF867w4ukMAgL7yZEJDBiu','commodi','XNzZrWVkKq','2016-05-25 17:33:32','2016-05-25 17:33:32'),
	(894,'Nina Stracke','oschroeder@example.org','$2y$10$9SZkJaEw87qqYE4pE4c8DeFoWKv7RAQir82/6tjztEkZ7SEUepmjq','perspiciatis','aaXLcDbGVh','2016-05-25 17:33:32','2016-05-25 17:33:32'),
	(895,'Linwood Fisher IV','georgiana75@example.net','$2y$10$TNOeH2GJvMg2avaoBB9KfOmFz2N/156J2bjohTLs1mVOBzndkjqgO','quaerat','zNmVz6BdJy','2016-05-25 17:33:32','2016-05-25 17:33:32'),
	(896,'Yvette McKenzie','lynch.aryanna@example.net','$2y$10$ANNC5jf.mwHwo7iSLus9p.eZfI4yg/JDSMdmgAVdXl3rmeWoE/Wca','ex','Z8lMTXrBk6','2016-05-25 17:33:32','2016-05-25 17:33:32'),
	(897,'Dereck Prosacco','fheaney@example.net','$2y$10$fuh2NDY.h/2aWTnWiKeVFOVxEq5V8Ri5yj1qLp8NpBj024PFgvjx2','dolor','kYXQj937xd','2016-05-25 17:33:32','2016-05-25 17:33:32'),
	(898,'Ms. Veda Willms','bcrist@example.net','$2y$10$XfZFHHQi6c9GoRagLEDHouUBYlA5IDwwr97PQCKeHRKjfQRoFSTZa','commodi','UXbAn1RnmP','2016-05-25 17:33:32','2016-05-25 17:33:32'),
	(899,'Dr. Johnnie Kuhic MD','caitlyn.auer@example.net','$2y$10$f/iKhj2gOw6PjiSqCA2knekhuCuKImltXU8Jb2BjHLaemQFA3Q.4q','in','wPBxdZCmhn','2016-05-25 17:33:32','2016-05-25 17:33:32'),
	(900,'Charley Powlowski','horacio.barrows@example.net','$2y$10$s7Uxj8XD4W/aCOW071px9ulkecuD2GvgMPkO6f/NE6KqMpT0kirWC','ab','MoSpMEReRE','2016-05-25 17:33:32','2016-05-25 17:33:32'),
	(901,'Danial Franecki','fharris@example.net','$2y$10$JAA4y1LZi4hNP2JD8Cg8HuBEwXmZ1OE62.dZhSL77teqFXjPL02QW','omnis','SZ0KllIPpI','2016-05-25 17:33:32','2016-05-25 17:33:32'),
	(902,'Abbigail Hoeger II','sean07@example.com','$2y$10$eihkvtiBvlAShJmjbg9BhenRa6Ds77dvUhnaLhP9/.5YS.DXvKcs2','incidunt','lmzmKXLJDh','2016-05-25 17:33:32','2016-05-25 17:33:32'),
	(903,'Nadia Crist','tdeckow@example.com','$2y$10$8FV7X90nFkbhKAJf99g61.g2DnRjeWzXxJe9Js2IYUYo5FfPkbUiC','fuga','keENmWTQXd','2016-05-25 17:33:32','2016-05-25 17:33:32'),
	(904,'Miss Flavie Lind','jjacobi@example.org','$2y$10$pqStVuaN.Ws2aREcq5YpE.aiNUgDRMI2BT.lYG9LfgLDh/NgKAqoi','molestias','2fyfRV50Rn','2016-05-25 17:33:32','2016-05-25 17:33:32'),
	(905,'Dorris West DVM','larson.haley@example.net','$2y$10$olX2vp/3UjH5t6PbgLC7y.VtrJzVFT2hCJWRFuqdZl.bQ.ggC9.H2','ut','iTmoW8nP4G','2016-05-25 17:33:32','2016-05-25 17:33:32'),
	(906,'Melany Kunze','sven.predovic@example.org','$2y$10$u9o..sdwsnPLPrX6JYciSeAMVCyA390.aT9Xx4FEtdKjjghHPAhji','est','P1AVOGO3bj','2016-05-25 17:35:08','2016-05-25 17:35:08'),
	(907,'Monroe Grimes','perry32@example.net','$2y$10$Yxl2AQHSfhTXqGyVX8pyMO2fSnJEEGUXbEni5fMJfHXjvDGvh/EBC','doloribus','yTe604DKSo','2016-05-25 17:35:08','2016-05-25 17:35:08'),
	(908,'Prof. Fern Kunde','krista91@example.com','$2y$10$bJ/YYUNw5kyubOeX79eLHekv2RTe3NtGqNm3/Fynw7GUSrrGppJZe','voluptas','gEujwEmnJz','2016-05-25 17:35:08','2016-05-25 17:35:08'),
	(909,'Clint Ebert','klarkin@example.com','$2y$10$Ett13JV5.3fBXjv8u7z.uO3POROG1KXUnXrpks8HubcoCiW2VDSha','voluptatem','eQ2PRibL1M','2016-05-25 17:35:08','2016-05-25 17:35:08'),
	(910,'Eula Mueller','stanton06@example.com','$2y$10$ORleA.WxFrsrx1pzBQznGu0lKzWvivgrcpVr26iG9NCHNvBnMM5fO','nihil','8d8LNcyj2e','2016-05-25 17:35:08','2016-05-25 17:35:08'),
	(911,'Aurore Rogahn','gail98@example.com','$2y$10$r4NThBMYdIw/dAhAf8mdPuhTfVq36YwdSdMy93EnZ1RZNGG0xEZAu','repudiandae','XBQySfg6Vd','2016-05-25 17:35:08','2016-05-25 17:35:08'),
	(912,'Damian Pagac','sohara@example.com','$2y$10$T8BPa5eiGvOYEpTvuQ6OduCiSBBwa/4TGSPA5ZNBb1wqLJjOIHx1S','natus','oUsN0ZHxGt','2016-05-25 17:35:08','2016-05-25 17:35:08'),
	(913,'Prof. Dorothy Mills','herta.jenkins@example.org','$2y$10$HaVh4kq564kyJF4Ct9.KQe260livog4VzTPdu6qIRmlcnaiCR53p2','nisi','kiQDs00jLq','2016-05-25 17:35:08','2016-05-25 17:35:08'),
	(914,'Leilani Ruecker','wolff.eino@example.net','$2y$10$zIElpl85C7AetW7CaDf6m.3A0epRJuF0yHCGQSRQ72ONt1Dwhv7gO','eos','M4MUxhsMq9','2016-05-25 17:35:08','2016-05-25 17:35:08'),
	(915,'Esta Grimes MD','king.kevin@example.com','$2y$10$8.hmomAZQIB3snhx..K0fOoIs1vNca3nXiYMqCfZw7TG0rAnolJQi','iste','OvYCjVSjRp','2016-05-25 17:35:08','2016-05-25 17:35:08'),
	(916,'Natalia Donnelly','stanley44@example.org','$2y$10$WSnRorYdNEx4CqZpCFw3meGV6b2hcS4SCetcqNehO26fukex.7D16','quasi','98QcOMNsfS','2016-05-25 17:35:08','2016-05-25 17:35:08'),
	(917,'Dr. Jovan Fisher Sr.','jaylan29@example.com','$2y$10$Cqxe24yW1LvZmWLJqnPPlOvOJbfTUeBuUIHP7XxD5WXpAAYxH.2Ma','eveniet','CDIZDDe0Dv','2016-05-25 17:35:08','2016-05-25 17:35:08'),
	(918,'Guadalupe Schumm I','hhauck@example.net','$2y$10$AJjYMcA6IN4Ox5duqlwTlOszBr8ht.RXi/KMfsUoVDI/K63.PS2C.','numquam','fGKIXDOv6N','2016-05-25 17:35:08','2016-05-25 17:35:08'),
	(919,'Mr. Dell McCullough PhD','graham.gutkowski@example.net','$2y$10$y0EXocDrG6hqUEuH9bpN2e0HzSNZGisXrGpaEK0TgiRrijoOFl2b2','qui','PGhUud6ok6','2016-05-25 17:35:08','2016-05-25 17:35:08'),
	(920,'Vergie Dickinson','amos.gleichner@example.net','$2y$10$1lcgO1FmkVPb2H.gpv1TYONE4YjpRf0tlacpRoVkWAyB/hbzkPYjq','aut','YXYgMEGZC7','2016-05-25 17:35:08','2016-05-25 17:35:08'),
	(921,'Miss Eleanore O\'Conner PhD','stoltenberg.celestine@example.org','$2y$10$OW8kWhf0V/Gcmyh5461zd./wdgjRDM1/CSkV.4a.Lq7Q5otpolL0W','blanditiis','Tmii6PLrYl','2016-05-25 17:35:08','2016-05-25 17:35:08'),
	(922,'Miss Muriel Luettgen','sydnie30@example.org','$2y$10$m.25WvhcD9aT0KPBav8bkucJJGzVn4RNBiy.OuqQTgBSyWfkXDLO2','rerum','ZqLbfbtgPD','2016-05-25 17:35:08','2016-05-25 17:35:08'),
	(923,'Billie McDermott','nolan.dorris@example.net','$2y$10$Pmbr1yLozZkcteFVykyCb.6Ud7QAe9g/aphZibp.ZuGUfWK8RX32G','necessitatibus','CH1yqyHUCQ','2016-05-25 17:35:08','2016-05-25 17:35:08'),
	(924,'Mikayla Kovacek','ressie.frami@example.com','$2y$10$nw1LfDufUkgWnZYr2hxOlOsD4PN9m1oC7jtAS4vBGFvN6jcc2HB/u','error','SXTPw93WDv','2016-05-25 17:35:08','2016-05-25 17:35:08'),
	(925,'Dr. Lawson Nicolas','audrey.grant@example.net','$2y$10$KpLziw/dgP8kwKs3w4PWLeI.BmymmYLDPOP3oGayUx0wMh0jUgfDi','dolorum','oKPmUuYSUn','2016-05-25 17:35:08','2016-05-25 17:35:08'),
	(926,'Cara Douglas','denesik.cecelia@example.net','$2y$10$sFuj7AfIczZi5kodC./OTeDSof1f7JDezt5y5Y4A7Yf7AYdtl8fCi','voluptatem','2uvdEwNqP8','2016-05-25 17:35:08','2016-05-25 17:35:08'),
	(927,'Adrian Wyman','aaliyah.veum@example.org','$2y$10$DEUPvY3lhXfxTO5PQ/hiYOAaggwC7XY7C5UwTxMbz3O8wGD7eCV6O','et','NYWZe0sEW8','2016-05-25 17:35:08','2016-05-25 17:35:08'),
	(928,'Emmanuel Beer','marks.ashly@example.net','$2y$10$eQQWExnvpIw5L60QP0Oe7u0JOhOGJjWyoa.UacrpmdncGBsrMNjOq','id','O6c51tsfpe','2016-05-25 17:35:08','2016-05-25 17:35:08'),
	(929,'Mr. Camryn Ullrich','eddie.bruen@example.org','$2y$10$WT7FNPC2vH4a9FxllqouyuFii1qSOY4j/0fS4Qi/pfg6qqOgm53Z2','est','SzCK8dat0E','2016-05-25 17:35:08','2016-05-25 17:35:08'),
	(930,'Prof. Jamarcus Greenholt','sparisian@example.net','$2y$10$L5fGDXI9IcaEBA7KTVFvdOZl1PsGvex.UhMt2L5UIJfIkW/AHuY9a','illum','oXCIebxD97','2016-05-25 17:35:08','2016-05-25 17:35:08'),
	(931,'Dr. Jamey Huels Jr.','isaiah.hand@example.com','$2y$10$Z6wqv2nur1pAGnVUI5sagedfpN3YGOayu008OjQ1VPiHS1lhAYU5O','error','LNEodjDVXS','2016-05-25 17:35:08','2016-05-25 17:35:08'),
	(932,'Eladio Gusikowski','estefania.rosenbaum@example.net','$2y$10$m4.mlmdkOudynNE6nrrxz.aGGS.SCSclgTgXcFP.CEiB.mw5nJJli','qui','xX7vLIueuQ','2016-05-25 17:35:08','2016-05-25 17:35:08'),
	(933,'Felix Boehm','eduardo.mueller@example.org','$2y$10$6iK0H1lqc7NxQXdVNnOnyOKl9LI4rL6LYB4c2FrUw64zv0pNO/azm','deserunt','9eJGiaJdte','2016-05-25 17:35:08','2016-05-25 17:35:08'),
	(934,'Eliseo Goldner','mario58@example.com','$2y$10$2Fc1bkSZ2RNHEnwWAHsTWuwZ/qg0ZmMXRKt0fA09Lenx0Ao6dkg.G','cumque','dbNOQ7vwkK','2016-05-25 17:35:08','2016-05-25 17:35:08'),
	(935,'Elody Will','yrodriguez@example.net','$2y$10$RPIwTTTr0Z68sESuHWTnC.s52mAJBgeG9p2oFWgPqatSj.cY788P2','nemo','ILViBhv0uj','2016-05-25 17:35:08','2016-05-25 17:35:08'),
	(936,'Jakayla Nienow DVM','bkuvalis@example.com','$2y$10$.oTf2vqrpD6t.Xjv.NP2Ousgv.K9bkkY3HTaiBP34d.V63v7iY7Ky','sint','48LE2908XH','2016-05-25 17:35:08','2016-05-25 17:35:08'),
	(937,'Lenny Von','ybogisich@example.net','$2y$10$bXfQWtpNKpkv6w.0p2wQKO3qd9Z1QjwGdLJtgIPdgWg7JDkTkmwmS','quae','xpWZKK6sUf','2016-05-25 17:35:08','2016-05-25 17:35:08'),
	(938,'Alek Greenfelder II','aniya88@example.com','$2y$10$Ot.oCs/XrrOQEcR6QrdX9un6onN9Q9J.oj85jrsbPQg.uoy5i9J56','ullam','Tt9NRBFyR3','2016-05-25 17:35:08','2016-05-25 17:35:08'),
	(939,'Miss Cristal Jacobson Jr.','carlie.kuphal@example.net','$2y$10$uHTox8ZLcDNc9Aw0NOdOcOgjJb5iwYcd2rXrnAp2hzuQtWFqXSJcC','dolor','vULPtGGlmT','2016-05-25 17:35:08','2016-05-25 17:35:08'),
	(940,'Hugh Goodwin','yschaden@example.net','$2y$10$4naXS8tsYYifF6XwrAnTvuwr4SHirPjvhkLHUq7A1eY7cJLiOMbYC','est','kxzFqAeoZK','2016-05-25 17:35:08','2016-05-25 17:35:08'),
	(941,'Joanne Fisher DVM','ledner.caterina@example.org','$2y$10$SWTTii.yihgOW7fjxV4jLeQkd7yp.HMJE7a2QjDC3RNsDJu0U2jNC','quasi','ZR5Vlgr2Wp','2016-05-25 17:35:08','2016-05-25 17:35:08'),
	(942,'Della Lueilwitz','mayert.vella@example.com','$2y$10$/jKynwuQ7Li16wLkhaW1g.Ty4HuuEhWkVrQabtsKT8el75qt6RL3K','quae','UIBlaJleTf','2016-05-25 17:35:08','2016-05-25 17:35:08'),
	(943,'Dr. Sedrick Bayer','annette68@example.net','$2y$10$zTDdPtcH404FyknaTprrkuENBwua8rq5qN5fSjzDHIRl7kSKMtRdG','sequi','gwZLrdvtzS','2016-05-25 17:35:08','2016-05-25 17:35:08'),
	(944,'Reagan Nitzsche I','zena05@example.net','$2y$10$11Vv4q1w6ceX5Qztd5A1fu1tHo.zHvu/txGw1t5EDlU3GVxCCXyw.','libero','QtX0YDICik','2016-05-25 17:35:08','2016-05-25 17:35:08'),
	(945,'Prof. Oscar Stoltenberg I','ustehr@example.org','$2y$10$xGUedJiRmTs4Iji53oXxPOrubaFiqB2QzI7Ht6SSIo3LC6ebhPrGG','quia','vH7pJ3PhLx','2016-05-25 17:35:08','2016-05-25 17:35:08'),
	(946,'Ms. Catharine Barrows','cmayert@example.com','$2y$10$Cs9qB27yY3N6HIw5pNJDyu8XeUpoh.37mnSzTDSFW8vuB9hCuudji','qui','EYmYa07qk5','2016-05-25 17:35:08','2016-05-25 17:35:08'),
	(947,'Eunice Powlowski','tbradtke@example.org','$2y$10$6kZPksZRuqH2LWl0mDb.kOr1JozV.MM4QbQpI7hKE4RJ.90sfPY5W','cum','cOYQwWpfdj','2016-05-25 17:35:08','2016-05-25 17:35:08'),
	(948,'Dr. Trudie Braun','yframi@example.net','$2y$10$GXS35lUNV0q53e73xpCJc.J3/tRk6ak5s5HKiwOTxdBoFvjxPRoE2','aut','X8zt6E8R2X','2016-05-25 17:35:08','2016-05-25 17:35:08'),
	(949,'Breana Kunde MD','romaine.kemmer@example.org','$2y$10$vAWD1ZVo..rAbUE4u4wTAucDKz9VlAT8x35qU6xihST2Fw2U/LBze','itaque','1wxXjCTYvb','2016-05-25 17:35:08','2016-05-25 17:35:08'),
	(950,'Arnoldo Lemke','wprosacco@example.org','$2y$10$yD4nEOt801rrVL2nuWtgD.VGjGpmecgy6oXVA47xkbmDrpbxKRDVi','quam','MA81oAJBzY','2016-05-25 17:35:08','2016-05-25 17:35:08'),
	(951,'Fred Cole I','ybahringer@example.com','$2y$10$NJ0IY.NukH/RXrmVzjDfjO8IvIBkt2H.RXAchJ6J4H5yyu6LtwR..','non','oRhzdEZzvx','2016-05-25 17:35:08','2016-05-25 17:35:08'),
	(952,'Mrs. Concepcion Sauer','marlene48@example.com','$2y$10$m2ddYB.gBjLkKpPgYsUUmeKbm5wb19mZO7np98w8DwrzZhc/jvZIO','expedita','ArEA6Zl0xJ','2016-05-25 17:35:08','2016-05-25 17:35:08'),
	(953,'Dr. Aimee Jaskolski','fweissnat@example.org','$2y$10$rFBbuIu3w2Z63KfjiN3AK.USHYp5AHGHjqGfiOki.PG6iNAAmWX/O','nam','WDUjlfhWTl','2016-05-25 17:35:08','2016-05-25 17:35:08'),
	(954,'Ms. Hortense Schuppe IV','kelton86@example.org','$2y$10$eVeTkNrqRw/2LlMWMnv0lO5E0jxQKuS8KMxOekBRDGwQxYg7QyhdK','nostrum','AyeCLbUQt5','2016-05-25 17:35:08','2016-05-25 17:35:08'),
	(955,'Mrs. Neha Hagenes','ckunze@example.org','$2y$10$aR1H3eWKAkE8fRz3LZTh5utRK40pk7UHtR0/KkEhZ.PMjfll/KhNe','aut','5cvM69D73Q','2016-05-25 17:35:08','2016-05-25 17:35:08'),
	(956,'Adam Rogahn','zander28@example.org','$2y$10$JhatDEJA9w1VEsZMRCyiYee2FyMO6VuQ6PqyFSgw9/sZbW45SzRE2','voluptatibus','1BRf7J5FBw','2016-05-25 17:35:08','2016-05-25 17:35:08'),
	(957,'Dr. Lynn Emard','salvatore.emmerich@example.net','$2y$10$U0iIthcF//r6VhZaHE/X7eZy6rdrUPxgzfqyPD2d/2E2IPncqliAq','doloremque','a1ObQ0XRFL','2016-05-25 17:35:08','2016-05-25 17:35:08'),
	(958,'Aric Rempel','kasandra32@example.net','$2y$10$KYDoat/UdHuY8bgpuws1BOH5bvuI6JzvrSPYv0c3OU0bloaS5iLxq','qui','Nx7CE5YvZh','2016-05-25 17:35:08','2016-05-25 17:35:08'),
	(959,'Miss Belle Herman','berenice07@example.com','$2y$10$lL0qKy4iOr2Kz6ht6Hv9wuFbc7t3nQ.JGS0AszJqGHFaWfRAtm026','facilis','5sp2vfApTV','2016-05-25 17:35:08','2016-05-25 17:35:08'),
	(960,'Bettye Blanda','nona00@example.com','$2y$10$2cnNvCuzElgMOX1l6dfVh.D1LbsMWJOZn04kqKk0dLedpIsLNF5rO','qui','1lyEoOfft6','2016-05-25 17:35:08','2016-05-25 17:35:08'),
	(961,'Yadira Hirthe','kassulke.jaunita@example.org','$2y$10$756YY631duj.VtrF0uyube5k0bNGJIxxJe9Jj.P3q3XQiE7ISH95e','esse','Ra7TSw4G6t','2016-05-25 17:35:08','2016-05-25 17:35:08'),
	(962,'Courtney Schuster','peyton.schiller@example.org','$2y$10$svkWM1/MptG3G5wXzsNSAOgVOLkGweZa7XHPBc4MMR5BUZ12EuxHu','doloribus','0m5KoUwX6V','2016-05-25 17:35:08','2016-05-25 17:35:08'),
	(963,'Dr. Eriberto Ebert','gunnar63@example.net','$2y$10$OBIjD4Ayv5l/bZyHLw35iOvotRIUaMiNwZW/CLwfbuMwW8bPGU0g.','inventore','EN3OpkaFcH','2016-05-25 17:35:08','2016-05-25 17:35:08'),
	(964,'Kaylin Swift','lilly.denesik@example.org','$2y$10$91kr1pOrJ//v1GTO723NyOEPJOB2ajRslnwmgVZ3dwFUez.hfeGoq','repudiandae','RRd7hZcXMS','2016-05-25 17:35:08','2016-05-25 17:35:08'),
	(965,'Josianne Terry','xbeier@example.net','$2y$10$Apcp8YVdusHAbbJcPM8zguPuJPPzn2puxR8xo2xdHXvUKsj2i3vhi','laborum','ZpRaxrm13U','2016-05-25 17:35:08','2016-05-25 17:35:08'),
	(966,'Frederik Pfeffer','chauncey.stiedemann@example.net','$2y$10$F1MX/lijB7zNwLToIyzDUusHZzilJKZ64PlqF4FQevf6qLtnyybdC','modi','Eb5HtVtOI5','2016-05-25 17:35:08','2016-05-25 17:35:08'),
	(967,'Corene Towne','gino.stoltenberg@example.com','$2y$10$npKoQmHxu/zLOZl3uBDGQOcqmWG.Tij0KAG1BnIEwSiNifp7.P2AW','molestiae','ONgTJdVwVB','2016-05-25 17:35:08','2016-05-25 17:35:08'),
	(968,'Abbie Zboncak','sigurd.davis@example.org','$2y$10$O6FjcDF52DpZGwGy7.glheRSAeT1aHNTygF8IeID3l3mKlnvM.bb.','sed','CCVpYDwwiF','2016-05-25 17:35:08','2016-05-25 17:35:08'),
	(969,'Jameson Rosenbaum','smith.ally@example.net','$2y$10$bpVEIeeVA72iQeRtaxnlxuJsreh6nRMBskuctujRr.fAATnPeljpu','aut','TNYSxdhFky','2016-05-25 17:35:08','2016-05-25 17:35:08'),
	(970,'Dr. Coby Schultz II','rfay@example.net','$2y$10$rYxHyTu0BtPqXiyDU3kmSeLUcm3QmeNC7pQvLSW6rhsFdbs70F8tG','distinctio','lBWcJiwn0Z','2016-05-25 17:35:08','2016-05-25 17:35:08'),
	(971,'Rowena O\'Reilly','callie.hodkiewicz@example.com','$2y$10$F/oIGO3wiIHxPDVsIbwvkedBRqNidTRwPwOTKk6zylD9O09C6059a','vel','DlRvWpSYRJ','2016-05-25 17:35:08','2016-05-25 17:35:08'),
	(972,'Ms. Lurline Feest','gcormier@example.net','$2y$10$g2Kn2QTGcFMwsMae1OWuy.YCZOGaEYBxsUxuMe3Pi1bYULoU/OZI2','modi','bYyHnDZRrN','2016-05-25 17:35:08','2016-05-25 17:35:08'),
	(973,'Lessie Daniel','rosenbaum.bertha@example.com','$2y$10$og9l629bP08K5.JNIaZx3u0oe8zi14XAa2vw6TQPGT0K5rWURGEP2','perspiciatis','xCTx7gXQ6B','2016-05-25 17:35:08','2016-05-25 17:35:08'),
	(974,'Brionna Lehner','charity57@example.net','$2y$10$UPfTFE6dlUpBLRQWdMe7FuOQgk7M2eo7BHFq3uxwx7StdgUPzwgiq','doloremque','m5QtA7XSVU','2016-05-25 17:35:08','2016-05-25 17:35:08'),
	(975,'Shanna Funk','monica63@example.com','$2y$10$tC1Dg05s4RccPqih6STrvOTf9JpgSIbao.B/Ldo0y/ktTmY7FpT8i','est','OhClAp0SXj','2016-05-25 17:35:08','2016-05-25 17:35:08'),
	(976,'Dakota Wehner','lourdes.okon@example.org','$2y$10$K9qRM6Go96DZizt0rQ.RyOFRgIT1QDzYOG9uQ1U3nnf9up3UsOCnO','et','QOahIhfiUW','2016-05-25 17:35:08','2016-05-25 17:35:08'),
	(977,'Dr. Colten Sporer','una.wiza@example.com','$2y$10$KKGFVWbYUiyBfpyUV2snFO6IKhqO7UtRTLCcs4zA78NSlOq0RtIwO','ratione','ot2ZOlLNKU','2016-05-25 17:35:08','2016-05-25 17:35:08'),
	(978,'Mr. Vince Lebsack III','wbins@example.org','$2y$10$dQlIej1KlpgUH1Usf.PnX.rxETyqRT9PR45LwUBHWKdzZ27DNNkEK','quos','4j0eoNct80','2016-05-25 17:35:08','2016-05-25 17:35:08'),
	(979,'Prof. Alfredo Wilkinson','trace10@example.com','$2y$10$Km/2yLUQfOl0Dxz8BAY/qObN2YAPLNRcJMXkO3qr49g8BXr/NA3Mm','enim','pwvupioeCs','2016-05-25 17:35:08','2016-05-25 17:35:08'),
	(980,'Dr. Jeffrey Ruecker','boris.hudson@example.org','$2y$10$nzFhqsHMs0h/yC8X8AXY6.2D5PmPGQN/VQQbbv.u0gV25gIAjrD7G','molestiae','Vb9Hgzwtrv','2016-05-25 17:35:08','2016-05-25 17:35:08'),
	(981,'Dr. Bart Stokes','irma.wisoky@example.net','$2y$10$se/IZL0uEpYw6ZDn27onCeUjqw2LtdSrQeKk21kPvVAED8Xf4WE.m','ex','x8nOQCJZnF','2016-05-25 17:35:08','2016-05-25 17:35:08'),
	(982,'Vernie Rice III','marcellus03@example.net','$2y$10$Bf1y5BE.BxN8joZSlcyyPO9rmNAwODP1VDQzXw6sE6Iuw5brM4RTG','est','pRxtvUuirI','2016-05-25 17:35:08','2016-05-25 17:35:08'),
	(983,'Florian Koepp','holden17@example.org','$2y$10$S8OPS2H25DhbFzrn7OJoC.VuZubNu4OfbL7B5N4VeldZ.1jcPH4de','voluptatem','nSuqarlQwc','2016-05-25 17:35:08','2016-05-25 17:35:08'),
	(984,'Khalil Casper','orn.jerad@example.com','$2y$10$VNFEUm1Vlwi.Lz9kt2OnKubUWp4ntzyLblrGi3SkhzqnMKfXnnKVa','aut','e6RLR9SoxT','2016-05-25 17:35:08','2016-05-25 17:35:08'),
	(985,'Juliet Kilback','clara34@example.org','$2y$10$goV00niNJK3sqayU/WqLwOavujVK8iD.4YCt0j9csoeo8XCBGXGIC','rem','KjJLoG0o99','2016-05-25 17:35:08','2016-05-25 17:35:08'),
	(986,'Patrick Fay','davonte94@example.org','$2y$10$V1cxhx.aojj72zeS7vQVBO.zwdtRGJ88UAVoTFvCv2mN09hWX6mRe','non','NAWiwG8w0D','2016-05-25 17:35:08','2016-05-25 17:35:08'),
	(987,'Dr. Zelma Swaniawski','rodrick03@example.org','$2y$10$D1JV/oMCzQP2eA/0ZIEpauaWoCN55d4lxxYFPLhnDQH0zvgB8CZCm','quis','gcgfsfl1aE','2016-05-25 17:35:08','2016-05-25 17:35:08'),
	(988,'Aisha Kuhic','drosenbaum@example.org','$2y$10$mr3PKRN9QFqN4b79AYpZduCZZYCsMKIqPucgPzH9UYzzFbc/7SF8C','enim','iJo4THTCIp','2016-05-25 17:35:08','2016-05-25 17:35:08'),
	(989,'Trisha Larson V','charley29@example.net','$2y$10$.Bje4bPON.pu92zvC8LwXerJ4KuBCuJVt4ow1mQ8pwrUj3.x7/WxO','itaque','l6K4d7mIsM','2016-05-25 17:35:08','2016-05-25 17:35:08'),
	(990,'Chelsea Deckow','wabbott@example.org','$2y$10$X81DnEZcv92S6mvzBXiRROd/t4vkw491xuM3qUTnBfa3swopQugRS','qui','hYic00Hasr','2016-05-25 17:35:08','2016-05-25 17:35:08'),
	(991,'Asia Grady','olegros@example.com','$2y$10$MPLkZN9XYWIuAofg44HX3uNTdRmwbhdMDaA.nqYjh51xnfd8Qypdm','perspiciatis','laVHVHARKK','2016-05-25 17:35:08','2016-05-25 17:35:08'),
	(992,'Mr. Jamie Tillman','oskiles@example.org','$2y$10$pZ8lT59liyjhy3.qPde/Pubk3P7/KXNWYbbKpaqZcSNJ/T.blKhwe','eius','pnXgt8K2XF','2016-05-25 17:35:08','2016-05-25 17:35:08'),
	(993,'Guy Goyette','nsipes@example.org','$2y$10$qDpAQmCYa7Lw6ErtJAtTuuxasFdQRZAsLoO5ny5aBuPXF7HXgMNye','excepturi','clgJdvVKEm','2016-05-25 17:35:08','2016-05-25 17:35:08'),
	(994,'Georgette Ledner','ywiegand@example.com','$2y$10$RCaqvOgA1Wr04zl8GzQRQOhWI0G7WpSYfb.tUAZT6KTTzUImJK/1e','molestiae','oWRrw4b3KV','2016-05-25 17:35:08','2016-05-25 17:35:08'),
	(995,'Charity O\'Keefe','maybell.oconnell@example.net','$2y$10$ZSC6TU/zM9Jy1LaLzExCpu0m2u/irr7OW7C.wvCZKKkSW5.nklRKm','esse','zFvFRf7NxC','2016-05-25 17:35:08','2016-05-25 17:35:08'),
	(996,'Mr. Franz Borer I','mathilde.fritsch@example.org','$2y$10$ML3KXICr8uoh2156F0ZpheQXXDD8D90n2WZ7KJT.GNvqc7t7b8TLC','veritatis','tgd6STvWVU','2016-05-25 17:35:08','2016-05-25 17:35:08'),
	(997,'Alysson Nitzsche Jr.','orath@example.net','$2y$10$FZ6kXUJj0mOvGSnR1tU5F.d2s3ZGqUi..rzKImwHUWJ20MFwCPZQm','nihil','mfXUhKEHDP','2016-05-25 17:35:08','2016-05-25 17:35:08'),
	(998,'Cassandra Terry','icarter@example.org','$2y$10$NY2stV5fbqc1PHrW0AQuuOBx7B7Vd0HHzbCkyYtKK11zRLRz4JopW','beatae','MX8fP3lMB8','2016-05-25 17:35:08','2016-05-25 17:35:08'),
	(999,'Annabell Price II','verner82@example.org','$2y$10$4eC3tX3sEehLdbhMSnCFcOspFe6F6ROX2CCAGelqt0w4rcAdzSNCS','excepturi','OgD15bH4kb','2016-05-25 17:35:08','2016-05-25 17:35:08'),
	(1000,'Glenda Labadie','lura.bosco@example.net','$2y$10$jneXLPIPYvkiNT3LjyKC..KCXFgrRGK2.en9V4WYFBcko4Q5zkqhy','dicta','hywQnFZVKU','2016-05-25 17:35:08','2016-05-25 17:35:08'),
	(1001,'Prof. Ernie McCullough','lenora21@example.org','$2y$10$UgTSCPQdHnr75qv3vp1Co./2Gzt06DLN34l3UJOOPzcZS.lc3Uf1i','nulla','VWQedplGPE','2016-05-25 17:35:08','2016-05-25 17:35:08'),
	(1002,'Mrs. Lisette Goyette','senger.krystel@example.com','$2y$10$D463A/Jxoe/IDfiYMQVu4O5L/wavf2oZ22EJOwf3kOrFuSSkRtQGu','corporis','9foJCrJnfw','2016-05-25 17:35:08','2016-05-25 17:35:08'),
	(1003,'Johnpaul Stoltenberg','kelton.schultz@example.net','$2y$10$2bFsEDOzhrbw71s726TebebuCUtpz2uSnod5eJ59Uyg1m.QAjCfxC','rerum','MmrGer3UBC','2016-05-25 17:35:08','2016-05-25 17:35:08'),
	(1004,'Javier Harris','nolan.eriberto@example.org','$2y$10$xwzt.3.vZHZevJIkykGxkOz9KfI0enLfGoR8/nLQ0H8yQQWe/KW/.','reiciendis','cMIeGWPwU7','2016-05-25 17:35:08','2016-05-25 17:35:08'),
	(1005,'Odessa Pfeffer II','gbalistreri@example.net','$2y$10$IsuCNsI0ihiQ53levUoleOBQEmpH.vwePezuCi3YTdkq4/WzHeETO','soluta','0BB0o7gbfk','2016-05-25 17:35:08','2016-05-25 17:35:08'),
	(1006,'Prof. Granville Parker','jenkins.ottilie@example.com','$2y$10$JXW.pNiQWfBarXxbFA4LuO1ps31lR9tOamcb1z6n3dXuYfAFdWmWC','quia','TGogB6wb6c','2016-05-25 17:38:01','2016-05-25 17:38:01'),
	(1007,'Corrine Homenick','mschoen@example.net','$2y$10$cvmjwmrLRM/vjeL95G5EbuThsdEjeV.HN6dhEtIYXC1dsMZed7GRG','in','6ccF5T5Gs4','2016-05-25 17:38:01','2016-05-25 17:38:01'),
	(1008,'Murl Bahringer PhD','fahey.sim@example.com','$2y$10$AfQfpjNWzREG.cfou7b5I.puAEmdZxcUvOZHnt1i7Q6UrZrRQAnNi','voluptatem','cIvk4HTChp','2016-05-25 17:38:01','2016-05-25 17:38:01'),
	(1009,'Matilda D\'Amore V','uromaguera@example.com','$2y$10$RyYViTS03nzqwqJ.4g1CfOEUEsYQvThsVG/nq47PkAagwHkRJp1nK','numquam','AeugMV0vLi','2016-05-25 17:38:01','2016-05-25 17:38:01'),
	(1010,'Zora Tillman','orn.wayne@example.org','$2y$10$RB91DPtG9Ueg.oFQ2ZmRUetGBO4EBqET.sB1lzFEezuvOYRbSAtNO','tempora','CQEa07w1pn','2016-05-25 17:38:01','2016-05-25 17:38:01'),
	(1011,'Norbert Thiel','aondricka@example.org','$2y$10$EpI712sJfQudG6dsbmf/iuWcFXkUUEECoSRum3VjLB1dIS5fF6.56','ipsa','tJOS0rB9FK','2016-05-25 17:38:01','2016-05-25 17:38:01'),
	(1012,'Dr. Davonte Schmeler V','jenifer46@example.net','$2y$10$JvVYHljbMHciIZ7A2kB3e.OmlFZ3TzaESQPx1rrwLtimJNGQrVoo2','qui','83VCDBXOW6','2016-05-25 17:38:01','2016-05-25 17:38:01'),
	(1013,'Araceli Crist','braun.heath@example.net','$2y$10$Gh/tBH8VJ.1F0.h957cmjeE3SGvpLRqm6/GRPQBRaq5Zg9na51ORO','amet','dLnVGpMeFZ','2016-05-25 17:38:01','2016-05-25 17:38:01'),
	(1014,'Wade Donnelly','nturner@example.net','$2y$10$/r4.z.b62SVabtvOYffmBOaOaAe/TitKTMXwJv4bU2S1ToHUqNof2','a','pXXcR4wlcR','2016-05-25 17:38:01','2016-05-25 17:38:01'),
	(1015,'Pearlie Schmidt MD','baumbach.kacey@example.com','$2y$10$/MmLsVwxVw5Pk.RhbEJCgOV8Qp4jE0J7T3jd2Wjj3J1kfr53veIqO','a','oqkgvPTR8T','2016-05-25 17:38:01','2016-05-25 17:38:01'),
	(1016,'Fern Gleason Jr.','schumm.ole@example.net','$2y$10$bto6cBl76wsVxp8Pkxkp8.Fvn7nRq2qBsPQtNeVSNbztE5CaucJ0a','earum','LUXknhwJPk','2016-05-25 17:38:01','2016-05-25 17:38:01'),
	(1017,'Kendall Gutkowski','jettie.pacocha@example.org','$2y$10$jOsqFXdloQuHokcxk2E5Pubi5dr8nIJZmZDGDk.Eros/pWM70J6MG','alias','hJwIb37nmz','2016-05-25 17:38:01','2016-05-25 17:38:01'),
	(1018,'Dr. Eli Jast','keon82@example.org','$2y$10$aOthD7WGTIjg2W0V1Yy7mOHN9.6ALcvHfjuUtx1e90lkJped1w10q','molestiae','RoalVLOfUQ','2016-05-25 17:38:01','2016-05-25 17:38:01'),
	(1019,'Dr. Mohammad Gorczany','xroberts@example.org','$2y$10$6hfay5uojblbX6JCO2FeieChKGM.ga0zll24bu/IEQTfXE7U/wVRm','sit','iJ9HcIthgY','2016-05-25 17:38:01','2016-05-25 17:38:01'),
	(1020,'Jan Lind','graham.robel@example.net','$2y$10$Hx./YKbN0ilx.a5dI9MQqeC3gM0SW0Gg7MjzCxePha3.1C186tENy','qui','TX7ozS4yXE','2016-05-25 17:38:01','2016-05-25 17:38:01'),
	(1021,'Mayra Dooley','nleuschke@example.org','$2y$10$OElNbiv6wLXNDwnnrlU7uen3VXCZBYk65XLXg1VXG/m/FQ58DZ9fG','possimus','RsyWGC41Fm','2016-05-25 17:38:01','2016-05-25 17:38:01'),
	(1022,'Mr. Juwan Beier MD','keeling.shad@example.org','$2y$10$Ln1z.S19vV7tyXqJca5L/uLaRRKXqox1dqT6nQlsPR.gDsC52uKC2','voluptatem','1PXAZw4Z7X','2016-05-25 17:38:01','2016-05-25 17:38:01'),
	(1023,'Mr. Kirk Swaniawski','qolson@example.net','$2y$10$nyZLezKTG66IWu7YqbGS5ujaWct48ktyJDrmDvjA/CmJkxqQdAZsW','consequuntur','Nqh82TQ2tW','2016-05-25 17:38:01','2016-05-25 17:38:01'),
	(1024,'Haylee Littel','rmcglynn@example.org','$2y$10$iTPNGIfI5W0s4NZ87cEzB.oEmg5aedy6/h/3RSJRBy3eoBpunrkr.','occaecati','GMZ1sMYgPi','2016-05-25 17:38:01','2016-05-25 17:38:01'),
	(1025,'Conner Ritchie','vicky39@example.com','$2y$10$lmTOhdz/EEfSIKoRX5pgi.T1.JxQJsKlbeW7BopNgW75PkmbP/aGW','modi','bLcO7vs53m','2016-05-25 17:38:01','2016-05-25 17:38:01'),
	(1026,'Walker Nolan','hane.amanda@example.com','$2y$10$eWcjM4dFjOKiVYB1vxWg8uEdJwtyEniL4GROyo9ycYryUGYCfLc32','voluptas','xadbocK7Nk','2016-05-25 17:38:01','2016-05-25 17:38:01'),
	(1027,'Mariela Hettinger','cmueller@example.org','$2y$10$L2TuE0At3RKilKNSzbmaouMTaHXSbxfLCDHzQTyuzi8K5/pXpWanC','deleniti','444ibbety7','2016-05-25 17:38:01','2016-05-25 17:38:01'),
	(1028,'Talia Parker II','hartmann.mina@example.org','$2y$10$6RN/.ZsqSMLKGVRIjBgjL.gWzVVndI1DtaERA02NMFynljXyZ5g/.','sapiente','lQOwnBK5SE','2016-05-25 17:38:01','2016-05-25 17:38:01'),
	(1029,'Mr. Martin Vandervort','osinski.petra@example.net','$2y$10$.Epb1e/TDQi6pIZzBXOVjOrDciINRBrRiH4wBhdMruxggmU3VVYpa','rem','Ijzr28Fncu','2016-05-25 17:38:01','2016-05-25 17:38:01'),
	(1030,'Dr. Terrill Weimann','fannie.deckow@example.com','$2y$10$nAHFe9XlqMWfXfQ5aw7f4ubzR9WES6WpPDOjj8.vLjgbaaSUWfLZq','dolores','tLIgC2X70H','2016-05-25 17:38:01','2016-05-25 17:38:01'),
	(1031,'Verona Wisoky','marguerite28@example.net','$2y$10$zMbudXekyPDwjJ2vlNzj2OLtactq0j.OUPe.2E6mWgEGHJ6Ib8FhC','modi','THlENQygE8','2016-05-25 17:38:01','2016-05-25 17:38:01'),
	(1032,'Madelynn Vandervort IV','tracy03@example.org','$2y$10$1Hcr3wZg3Cmi5BcThrzJ0efG1Jr6LxGL3qQlXOMFYBemxywGUMKti','reiciendis','2HHCrVU0Em','2016-05-25 17:38:01','2016-05-25 17:38:01'),
	(1033,'Weston Blick','renee61@example.com','$2y$10$3AzCquVGHdPUP1gjqGjsdehZFX5clJmL.usyhMpz.nO6tGNXnC/2y','aut','bxIRcpOFCj','2016-05-25 17:38:01','2016-05-25 17:38:01'),
	(1034,'Dr. Neal Hickle','jeremy.hansen@example.net','$2y$10$SuPHSrVxzlKRQ0yRk5bz8.3a9d8h9RTE7OAZ67PcWf42ea/savhJy','minima','RGFLKMvNSJ','2016-05-25 17:38:01','2016-05-25 17:38:01'),
	(1035,'Lew Dibbert','claire70@example.net','$2y$10$LzM05Okaqvo5TGR7IzU5sOmL1otcV85N4q7Q7QErsNOtVrMp2A5MO','voluptas','3MHsdKCwgk','2016-05-25 17:38:01','2016-05-25 17:38:01'),
	(1036,'Arne Cummings','schuster.nick@example.org','$2y$10$Vy0E2n7x/o/4m/Ag3jlOn.HUGNl4biuehvbUFKExePMNNKKoD6xz2','sint','WC4NFgtCXq','2016-05-25 17:38:01','2016-05-25 17:38:01'),
	(1037,'Tyreek Windler','abdul.batz@example.com','$2y$10$r1FN2TmfFJPnABjjgpx7o.7x07ZqB4vy00m4mmGgKYJBaOSc57sr.','voluptatibus','G3UYqWiDwY','2016-05-25 17:38:01','2016-05-25 17:38:01'),
	(1038,'Lisette Hills DVM','riley05@example.net','$2y$10$RGieq9vz3ID9560nZKjdhu4B05m41Olbex82cwyFPxt8hFOAvD68.','dolores','KDmlDIqAmg','2016-05-25 17:38:01','2016-05-25 17:38:01'),
	(1039,'Prof. Kian Rempel MD','pollich.muhammad@example.net','$2y$10$VxMQ35cUUP2wdQmb6gqnvuMxhaSM9BoqWBseiswA3VotbkgBYAnBG','officia','3nm1QaGXi0','2016-05-25 17:38:01','2016-05-25 17:38:01'),
	(1040,'Prof. Merl Bednar V','mlueilwitz@example.com','$2y$10$J4XZql24.isv7GgL8Q5naOS8ECLhYbeUdG2l1TN10XfkVLBN7f7Y6','nisi','PPVjQvCeX9','2016-05-25 17:38:01','2016-05-25 17:38:01'),
	(1041,'Jerrold Runolfsson','elody.block@example.com','$2y$10$63Ug0g2X.al93fGcXSfhtemVJb9f1reryYjb.68vYyInDYxkO7v/C','eaque','j28UTO3J6g','2016-05-25 17:38:01','2016-05-25 17:38:01'),
	(1042,'Madilyn Ledner','wohara@example.com','$2y$10$k.f7O81luZkJWvjNZ2vZs.Ni3PdAr2vNEp6zPLiO8RTWUlGdg8qAu','ut','oQv7J5Uhx0','2016-05-25 17:38:01','2016-05-25 17:38:01'),
	(1043,'Noemi Armstrong','prohaska.amanda@example.com','$2y$10$5fQvBE/oZYvDY.lBdRxvvO2JTOnh5CkZHyirIe4XeGXXE74mYKYFW','dolorem','vpryygm7I3','2016-05-25 17:38:01','2016-05-25 17:38:01'),
	(1044,'Ashtyn O\'Connell','xbogan@example.com','$2y$10$v2TiRLBJSai4tpSRHajJcOl50VMXvPeSpzgUsrqXETcvKfi2v.omG','omnis','fisI9l0DI6','2016-05-25 17:38:01','2016-05-25 17:38:01'),
	(1045,'Prof. Kyler Koch','rreilly@example.com','$2y$10$Y6Wvz27jj80P324.Uk5reeUp6D3QnCJ4aZtjuPrK0mYMpZBx6wJpu','voluptas','xcCKAJxo3I','2016-05-25 17:38:01','2016-05-25 17:38:01'),
	(1046,'Marta Schuster','mlittel@example.com','$2y$10$KlCvyEzBo8S.3NrcB2IK/.H277raMzFHZZVSciZXd1dMd11ttoqa.','sit','Rx3sHHY18e','2016-05-25 17:38:01','2016-05-25 17:38:01'),
	(1047,'Filomena Lindgren','jessika25@example.com','$2y$10$Ir7FXS8RyaihnzinanapA.ywFVTqb9vZYKRb47W3xPArZbz/I1MbG','amet','wPoeW6WMQU','2016-05-25 17:38:01','2016-05-25 17:38:01'),
	(1048,'Ricardo Armstrong','sammy36@example.org','$2y$10$VHAYCnzf5gP19B52NenfDexmSy0KXR.5kzs.js0N3/NJZOuGTZznO','ullam','1duL1AzG3D','2016-05-25 17:38:01','2016-05-25 17:38:01'),
	(1049,'Madelyn Stracke','tupton@example.net','$2y$10$NFxARRYxl7XWCN2HaixlN.WJR8Sx9cE0nysBnbrPZzs.v4lHLEMGi','deserunt','hgHyr78YlI','2016-05-25 17:38:01','2016-05-25 17:38:01'),
	(1050,'Annabell Bergnaum II','turner.jarrod@example.com','$2y$10$CmLz92mekrBVdZ2kIjUs9uZoZitqYyo5jiELsv6WijVNXULfQN11i','perferendis','yQ2oQ2bgII','2016-05-25 17:38:01','2016-05-25 17:38:01'),
	(1051,'Hillard Lockman','xander.turner@example.org','$2y$10$i5wmNLtM72ayMrnBY2pxo.4Xl9TkUbpun0GibMGjqa2eYNFLYg8B.','optio','qltlfiduVH','2016-05-25 17:38:01','2016-05-25 17:38:01'),
	(1053,'Ali Ali','ali_fergani2003@yahoo.com','$2y$10$7kpERQivpRGeMR1T056vH.bFJC9gkYgPb/dUkFnunTyCowmZUF5em','','jWthDKSVoQF0Mx5g6NmOy8AqoZZYPLq4q8oTLB33e4140wV9XgT2WTNtkpZd','2016-05-31 14:16:56','2016-06-17 09:38:35');

/*!40000 ALTER TABLE `users` ENABLE KEYS */;
UNLOCK TABLES;



/*!40111 SET SQL_NOTES=@OLD_SQL_NOTES */;
/*!40101 SET SQL_MODE=@OLD_SQL_MODE */;
/*!40014 SET FOREIGN_KEY_CHECKS=@OLD_FOREIGN_KEY_CHECKS */;
/*!40101 SET CHARACTER_SET_CLIENT=@OLD_CHARACTER_SET_CLIENT */;
/*!40101 SET CHARACTER_SET_RESULTS=@OLD_CHARACTER_SET_RESULTS */;
/*!40101 SET COLLATION_CONNECTION=@OLD_COLLATION_CONNECTION */;
